name,smiles,CYP1A2,CYP2C9,CYP2C19,CYP2D6,CYP3A4,PGP,max_train_tanimoto,in_domain_040
Matairesinol,COc1cc(C[C@H]2COC(=O)[C@@H]2Cc2ccc(O)c(OC)c2)ccc1O,0.267,0.543,0.54,0.057,0.607,0.6,0.905,1
"1,3-Dimethylnaphthalene",Cc1cc(C)c2ccccc2c1,0.803,0.393,0.631,0.6,0.487,0.54,0.4,1
"1,6-Dimethylnaphthalene",Cc1ccc2c(C)cccc2c1,0.18,0.463,0.673,0.548,0.483,0.47,0.478,1
3-Hydroxyflavone,O=c1c(O)c(-c2ccccc2)oc2ccccc12,0.837,0.559,0.517,0.367,0.443,0.49,0.409,1
Lintetralin,COC[C@H]1Cc2cc(OC)c(OC)cc2[C@@H](c2ccc3c(c2)OCO3)[C@@H]1COC,0.497,0.427,0.493,0.39,0.5,0.557,0.443,1
(2R)-1-[(2R)-Piperidin-2-yl]pentan-2-ol,CCC[C@@H](O)C[C@H]1CCCCN1,0.213,0.233,0.417,0.487,0.417,0.463,0.486,1
(E)-Piperolein A,O=C(CCCC/C=C/c1ccc2c(c1)OCO2)N1CCCCC1,0.5,0.48,0.383,0.505,0.549,0.508,0.404,1
Protoemetinol,CC[C@H]1CN2CCc3cc(OC)c(OC)cc3[C@@H]2C[C@@H]1CCO,0.277,0.127,0.313,0.15,0.193,0.421,0.618,1
"1,8-Dihydroxy-2-methylanthracene-9,10-dione",Cc1ccc2c(c1O)C(=O)c1c(O)cccc1C2=O,0.667,0.593,0.59,0.416,0.494,0.443,0.514,1
(2E)-N-methyl-3-phenyl-N-[(E)-2-phenylethenyl]prop-2-enamide,CN(/C=C/c1ccccc1)C(=O)/C=C/c1ccccc1,0.643,0.307,0.417,0.463,0.491,0.487,0.533,1
6-Hydroxyshogaol,CCCCC(O)/C=C/C(=O)CCc1ccc(O)c(OC)c1,0.323,0.44,0.32,0.177,0.417,0.627,0.68,1
"2-Phenylfuro[2,3-h]chromen-4-one",O=c1cc(-c2ccccc2)oc2c1ccc1occc12,0.987,0.263,0.209,0.23,0.207,0.247,0.625,1
Corymbosin,COc1cc(O)c2c(=O)cc(-c3cc(OC)c(OC)c(OC)c3)oc2c1,0.92,0.617,0.633,0.41,0.487,0.687,0.78,1
Isopongaflavone,COc1cc2c(c3oc(-c4ccccc4)cc(=O)c13)C=CC(C)(C)O2,0.857,0.51,0.58,0.503,0.488,0.48,0.456,1
"1,8-Dimethylnaphthalene",Cc1cccc2cccc(C)c12,0.587,0.413,0.747,0.492,0.39,0.393,0.529,1
Thermopsoside,COc1cc(-c2cc(=O)c3c(O)cc(O[C@@H]4O[C@H](CO)[C@@H](O)[C@H](O)[C@H]4O)cc3o2)ccc1O,0.703,0.566,0.52,0.479,0.322,0.417,0.512,1
"3-(3,4-Dihydroxyphenyl)-5,7-dihydroxy-6-methoxychromen-4-one",COc1c(O)cc2occ(-c3ccc(O)c(O)c3)c(=O)c2c1O,0.76,0.539,0.523,0.363,0.45,0.597,0.558,1
Periplogenin,C[C@]12CC[C@H](O)C[C@@]1(O)CC[C@@H]1[C@@H]2CC[C@]2(C)[C@@H](C3=CC(=O)OC3)CC[C@]12O,0.3,0.537,0.613,0.327,0.419,0.37,0.4,1
Cyclolinopeptide B,CC[C@H](C)[C@@H]1NC(=O)[C@H](C(C)C)NC(=O)[C@H](Cc2ccccc2)NC(=O)[C@H](Cc2ccccc2)NC(=O)[C@@H]2CCCN2C(=O)[C@@H]2CCCN2C(=O)[C@H]([C@@H](C)CC)NC(=O)[C@H](CC(C)C)NC(=O)[C@H](CCSC)NC1=O,0.28,0.486,0.42,0.457,0.503,0.693,0.51,1
"1,5-Dihydroxy-3-methoxy-2-prenylxanthone",COc1cc2oc3c(O)cccc3c(=O)c2c(O)c1CC=C(C)C,0.68,0.588,0.573,0.34,0.391,0.44,0.422,1
Leridol,COc1c(C)c2c(c(O)c1CO)C(=O)CC(c1ccccc1)O2,0.507,0.533,0.487,0.41,0.383,0.393,0.414,1
Hellebrigenin 3-O-glucosylrhamnoside,C[C@@H]1O[C@@H](O[C@H]2CC[C@]3(C=O)[C@H]4CC[C@]5(C)[C@@H](c6ccc(=O)oc6)CC[C@]5(O)C4CC[C@]3(O)C2)[C@H](O)[C@H](O)[C@H]1O[C@@H]1O[C@H](CO)[C@@H](O)[C@H](O)[C@H]1O,0.419,0.56,0.6,0.45,0.492,0.438,0.422,1
cassumunin A,COc1cc(/C=C/C(=O)CC(=O)/C=C/c2cc(OC)c(O)c(C(C)/C=C/c3ccc(OC)c(OC)c3)c2)ccc1O,0.257,0.633,0.503,0.35,0.27,0.673,0.596,1
Auranetin,COc1ccc(-c2oc3c(OC)c(OC)c(OC)cc3c(=O)c2OC)cc1,0.817,0.543,0.653,0.364,0.423,0.477,0.491,1
Cedrusin,COc1cc([C@H]2Oc3c(O)cc(CCCO)cc3[C@@H]2CO)ccc1O,0.343,0.507,0.519,0.257,0.242,0.58,0.567,1
Arachidin-1,CC(C)/C=C/c1c(O)cc(/C=C/c2ccc(O)c(O)c2)cc1O,0.41,0.587,0.59,0.447,0.433,0.305,0.415,1
Sitostanyl ferulate,CC[C@H](CC[C@@H](C)[C@H]1CC[C@H]2[C@@H]3CC[C@H]4C[C@@H](OC(=O)/C=C/c5ccc(O)c(OC)c5)CC[C@]4(C)[C@H]3CC[C@]12C)C(C)C,0.27,0.437,0.547,0.451,0.41,0.646,0.404,1
"kaempferol-3-O-(2,3-di-O-acetyl-alpha-L-rhamnopyranoside)",CC(=O)O[C@@H]1[C@@H](O)[C@H](C)O[C@@H](Oc2c(-c3ccc(O)cc3)oc3cc(O)cc(O)c3c2=O)[C@@H]1OC(C)=O,0.563,0.412,0.373,0.01,0.017,0.364,0.898,1
Jaceoside,COc1cc(-c2cc(=O)c3c(O)c(OC)c(O[C@@H]4O[C@H](CO)[C@@H](O)[C@H](O)[C@H]4O)cc3o2)ccc1O,0.73,0.651,0.643,0.547,0.48,0.43,0.482,1
Imperanene,COc1cc(/C=C/[C@@H](CO)Cc2ccc(O)c(OC)c2)ccc1O,0.29,0.531,0.463,0.33,0.315,0.61,0.46,1
(+)-Tephrosone,CC1(C)O[C@H]2Oc3ccc(C(=O)/C=C/c4ccccc4)c(O)c3[C@H]2[C@@H]1O,0.58,0.383,0.467,0.503,0.537,0.48,0.436,1
cyclo[DL-OVal-DL-N(Me)Phe-DL-OVal-DL-N(Me)Phe-DL-OVal-DL-N(Me)Phe],CC(C)C1OC(=O)C(Cc2ccccc2)N(C)C(=O)C(C(C)C)OC(=O)C(Cc2ccccc2)N(C)C(=O)C(C(C)C)OC(=O)C(Cc2ccccc2)N(C)C1=O,0.278,0.33,0.273,0.247,0.397,0.713,0.5,1
Phyltetralin,COC[C@H]1Cc2cc(OC)c(OC)cc2[C@@H](c2ccc(OC)c(OC)c2)[C@@H]1COC,0.407,0.36,0.489,0.323,0.412,0.65,0.528,1
Amoradicin,COc1c(CC=C(C)C)c(O)c2c(c1CC=C(C)C)OC(c1ccc(O)c(O)c1)CC2=O,0.24,0.4,0.477,0.24,0.38,0.313,0.443,1
Scutellarein 4'-methyl ether,COc1ccc(-c2cc(=O)c3c(O)c(O)c(O)cc3o2)cc1,0.833,0.617,0.599,0.397,0.653,0.317,0.683,1
Calvine,CCCCC[C@H]1CCC[C@@H]2CC(=O)OCCN12,0.235,0.297,0.393,0.326,0.438,0.537,0.512,1
25beta-Hydroxyverazine,C[C@H](C1=NC[C@](C)(O)CC1)[C@H]1CC[C@H]2[C@@H]3CC=C4C[C@@H](O)CC[C@]4(C)[C@H]3CC[C@]12C,0.29,0.39,0.512,0.391,0.436,0.607,0.567,1
Emetine,CC[C@H]1CN2CCc3cc(OC)c(OC)cc3[C@@H]2C[C@@H]1C[C@H]1NCCc2cc(OC)c(OC)cc21,0.33,0.237,0.28,0.209,0.36,0.203,0.541,1
Chrysophanol,Cc1cc(O)c2c(c1)C(=O)c1cccc(O)c1C2=O,0.75,0.687,0.627,0.43,0.518,0.437,0.514,1
Eugenin,COc1cc(O)c2c(=O)cc(C)oc2c1,0.75,0.5,0.577,0.25,0.357,0.31,0.46,1
Quercetin 3-rutinoside-7-glucoside,C[C@@H]1O[C@@H](OC[C@H]2O[C@@H](Oc3c(-c4ccc(O)c(O)c4)oc4cc(O[C@@H]5O[C@H](CO)[C@@H](O)[C@H](O)[C@H]5O)cc(O)c4c3=O)[C@H](O)[C@@H](O)[C@@H]2O)[C@H](O)[C@H](O)[C@H]1O,0.56,0.421,0.48,0.492,0.143,0.293,0.841,1
Broussoflavonol B,COc1c(-c2ccc(O)c(O)c2)oc2c(CC=C(C)C)c(O)c(CC=C(C)C)c(O)c2c1=O,0.723,0.589,0.553,0.416,0.441,0.237,0.41,1
Salicaprin,COc1cc(-c2cc(=O)c3c(O)cc(O[C@@H]4O[C@H](CO)[C@H](O)[C@H](O)[C@H]4O[C@@H]4O[C@@H](CO)[C@H](O)[C@H]4O)cc3o2)ccc1O,0.657,0.569,0.52,0.439,0.375,0.403,0.448,1
(R)-Bharatamine,COc1cc2c(cc1O)[C@H]1Cc3ccccc3CN1CC2,0.343,0.39,0.444,0.453,0.334,0.582,0.417,1
7-Methoxy-6-methyl-2H-1-benzopyran-2-one,COc1cc2oc(=O)ccc2cc1C,0.69,0.493,0.513,0.327,0.253,0.465,0.462,1
Retrofractamide A,CC(C)CNC(=O)/C=C/C=C/CC/C=C/c1ccc2c(c1)OCO2,0.443,0.483,0.403,0.493,0.602,0.413,0.407,1
Scillaridin A,C[C@]12CCC=CC1=CCC1C2CC[C@]2(C)[C@@H](c3ccc(=O)oc3)CC[C@]12O,0.39,0.615,0.643,0.471,0.637,0.547,0.529,1
Paeonol,COc1ccc(C(C)=O)c(O)c1,0.49,0.317,0.267,0.24,0.348,0.31,0.41,1
Edgeworin,O=c1ccc2ccc(Oc3cc4ccc(O)cc4oc3=O)cc2o1,0.703,0.537,0.587,0.437,0.471,0.337,0.467,1
8-Oxypalmatine,COc1cc2c(cc1OC)-c1cc3ccc(OC)c(OC)c3c(=O)n1CC2,0.517,0.37,0.36,0.324,0.478,0.647,0.4,1
5-Hydroxyauranetin,COc1ccc(-c2oc3c(OC)c(OC)c(OC)c(O)c3c(=O)c2OC)cc1,0.807,0.573,0.653,0.25,0.398,0.253,0.51,1
Aloe emodin,O=C1c2cccc(O)c2C(=O)c2c(O)cc(CO)cc21,0.643,0.613,0.637,0.377,0.494,0.44,0.415,1
Pongachalcone I,COc1cc2c(c(O)c1C(=O)/C=C/c1ccccc1)C=CC(C)(C)O2,0.573,0.413,0.507,0.481,0.63,0.37,0.508,1
Byakangelicin,COc1c2ccoc2c(OC[C@@H](O)C(C)(C)O)c2oc(=O)ccc12,0.62,0.668,0.753,0.637,0.7,0.352,0.441,1
Wistin,COc1ccc(-c2coc3cc(O[C@@H]4O[C@H](CO)[C@@H](O)[C@H](O)[C@H]4O)c(OC)cc3c2=O)cc1,0.54,0.514,0.427,0.424,0.355,0.653,0.415,1
Cycloleurosine,CC[C@]12CN3CC[C@@]45C(=Nc6ccccc64)[C@@](C(=O)OC)(c4cc6c(cc4OC)N(C)[C@H]4[C@@](O)(C(=O)OC)[C@H](OC(C)=O)[C@]7(CC)C=CCN8CC[C@]64[C@@H]87)C[C@@H]([C@H]1O2)[C@H]35,0.48,0.527,0.583,0.528,0.55,0.49,0.556,1
Isozeylanone,CC1=C(CC2=CC(=O)c3c(O)cccc3C2=O)C(=O)c2c(O)cccc2C1=O,0.72,0.653,0.63,0.594,0.623,0.467,0.561,1
Ombuoside,COc1cc(O)c2c(=O)c(O[C@@H]3O[C@H](CO[C@@H]4O[C@@H](C)[C@H](O)[C@@H](O)[C@H]4O)[C@@H](O)[C@H](O)[C@H]3O)c(-c3ccc(OC)c(O)c3)oc2c1,0.62,0.477,0.527,0.41,0.253,0.325,0.795,1
Chimaphilin,CC1=CC(=O)c2ccc(C)cc2C1=O,0.499,0.47,0.537,0.38,0.392,0.413,0.417,1
Ternatin A2,O=C(O)CC(=O)OC[C@@H]1O[C@H](Oc2cc3c(O)cc(O)cc3[o+]c2-c2cc(O[C@H]3O[C@@H](COC(=O)C=Cc4ccc(O[C@H]5O[C@@H](CO)[C@H](O)[C@H](O)[C@H]5O)cc4)[C@H](O)[C@H](O)[C@H]3O)c(O)c(O[C@H]3O[C@H](COC(=O)C=Cc4ccc(O[C@H]5O[C@@H](COC(=O)C=Cc6ccc(O[C@H]7O[C@@H](CO)[C@H](O)[C@H](O)[C@H]7O)cc6)[C@H](O)[C@H](O)[C@H]5O)cc4)[C@@H](O)[C@@H](O)[C@H]3O)c2)[C@H](O)[C@@H](O)[C@H]1O,0.43,0.46,0.49,0.477,0.523,0.503,0.443,1
Isogomphrenin II,O=C(/C=C/c1ccc(O)cc1)OC[C@H]1O[C@@H](Oc2cc3c(cc2O)C[C@H](C(=O)O)N3/C=C/C2=CC(C(=O)O)=N[C@H](C(=O)O)C2)[C@H](O)[C@@H](O)[C@@H]1O,0.347,0.507,0.407,0.467,0.547,0.565,0.416,1
Anthocyanin 1,O=C(C=Cc1ccc(O)c(O[C@@H]2O[C@H](CO)[C@@H](O)[C@H](O)[C@H]2O)c1)OC[C@@H]1O[C@H](O[C@H]2[C@H](Oc3cc4c(O[C@@H]5O[C@H](CO)[C@@H](O)[C@H](O)[C@H]5O)cc(O)cc4[o+]c3-c3ccc(O)c(O)c3)O[C@H](COC(=O)/C=C/c3ccc(O[C@@H]4O[C@H](COC(=O)C=Cc5ccc(O)c(O[C@H]6O[C@@H](CO)[C@H](O)[C@@H](O)[C@@H]6O)c5)[C@@H](O)[C@H](O)[C@H]4O)cc3)[C@@H](O)[C@@H]2O)[C@@H](O)[C@H](O)[C@H]1O,0.42,0.527,0.527,0.476,0.51,0.453,0.426,1
Quercetin 3-O-(6''-acetyl-glucoside),CC(=O)OC[C@H]1O[C@@H](Oc2c(-c3ccc(O)c(O)c3)oc3cc(O)cc(O)c3c2=O)[C@H](O)[C@@H](O)[C@@H]1O,0.59,0.468,0.467,0.5,0.33,0.323,0.765,1
Cimicifugic acid E,COc1cc(/C=C/C(=O)O[C@H](C(=O)O)[C@](O)(Cc2ccc(O)cc2)C(=O)O)ccc1O,0.347,0.553,0.427,0.427,0.547,0.593,0.526,1
Anisolactone,CC(=CCOc1c2ccoc2cc2oc(=O)ccc12)CC1C=C(C)C(=O)O1,0.597,0.613,0.55,0.65,0.707,0.32,0.574,1
"7,3' -O-dimethylcyanidin 3-o-robinobioside",COc1cc(O)c2cc(O[C@@H]3O[C@H](CO[C@@H]4O[C@@H](C)[C@H](O)[C@@H](O)[C@H]4O)[C@H](O)[C@H](O)[C@H]3O)c(-c3ccc(O)c(OC)c3)[o+]c2c1,0.533,0.517,0.567,0.391,0.33,0.493,0.549,1
Ternatin D1,O=C1C=CC(=CC=C(O)OC[C@H]2O[C@@H](Oc3ccc(/C=C/C(=O)OC[C@H]4O[C@@H](Oc5cc(-c6oc7cc(O)cc(=O)c-7cc6O[C@@H]6O[C@H](COC(=O)CC(=O)O)[C@@H](O)[C@H](O)[C@H]6O)cc(O[C@@H]6O[C@H](COC(=O)/C=C/c7ccc(O[C@@H]8O[C@H](C/[O+]=C(O)/C=C/c9ccc(O)cc9)[C@@H](O)[C@H](O)[C@H]8O)cc7)[C@@H](O)[C@H](O)[C@H]6O)c5O)[C@H](O)[C@@H](O)[C@@H]4O)cc3)[C@H](O)[C@@H](O)[C@@H]2O)C=C1,0.493,0.5,0.513,0.467,0.553,0.48,0.409,1
Aromadendrin-3-o-beta-galactoside,O=C1c2c(O)cc(O)cc2O[C@H](c2ccc(O)cc2)[C@H]1O[C@@H]1O[C@H](CO)[C@H](O)[C@H](O)[C@H]1O,0.433,0.508,0.393,0.387,0.383,0.483,0.458,1
Apigenin-7-(2-glucosyl-lactate),CC(O[C@@H]1O[C@H](CO)[C@@H](O)[C@H](O)[C@H]1O)C(=O)Oc1cc(O)c2c(=O)cc(-c3ccc(O)cc3)oc2c1,0.603,0.55,0.451,0.407,0.435,0.383,0.452,1
Apigenin-7-lactate,CC(O)C(=O)Oc1cc(O)c2c(=O)cc(-c3ccc(O)cc3)oc2c1,0.71,0.607,0.493,0.4,0.497,0.293,0.622,1
Myricetin-3-arabinoside,O=c1c(O[C@@H]2OC[C@H](O)[C@H](O)[C@H]2O)c(-c2cc(O)c(O)c(O)c2)oc2cc(O)cc(O)c12,0.627,0.388,0.463,0.24,0.222,0.34,0.493,1
Gossypetin-3-glucoside-8-glucuronide,O=C(O)[C@H]1O[C@@H](Oc2c(O)cc(O)c3c(=O)c(O[C@@H]4O[C@H](CO)[C@@H](O)[C@H](O)[C@H]4O)c(-c4ccc(O)c(O)c4)oc23)[C@H](O)[C@@H](O)[C@@H]1O,0.587,0.488,0.497,0.517,0.329,0.397,0.512,1
"(.+-.)-5,2'-Dihydroxy-6,7,6'-trimethoxyflavonone",COc1cc2c(c(O)c1OC)C(=O)CC(c1c(O)cccc1OC)O2,0.428,0.502,0.387,0.267,0.478,0.543,0.441,1
Chiratol,COc1cc(O)c2c(=O)c3c(OC)ccc(O)c3oc2c1,0.833,0.581,0.567,0.3,0.347,0.357,0.58,1
Anacarduflavanone,COc1cc(O)c2c(c1)O[C@H](c1cc(OC)c(OC)c(-c3c(OC)cc(O)c4c3O[C@H](c3ccc5c(c3)OCO5)CC4=O)c1)CC2=O,0.394,0.503,0.463,0.27,0.573,0.497,0.5,1
Kaempferol-3-sambubioside,O=c1c(O[C@@H]2O[C@H](CO)[C@@H](O)[C@H](O)[C@H]2O[C@@H]2OC[C@@H](O)[C@H](O)[C@H]2O)c(-c2ccc(O)cc2)oc2cc(O)cc(O)c12,0.593,0.458,0.487,0.44,0.283,0.363,0.566,1
Apigenin-7-methylgalacturonide,COC(=O)[C@H]1O[C@@H](Oc2cc(O)c3c(=O)cc(-c4ccc(O)cc4)oc3c2)[C@H](O)[C@@H](O)[C@H]1O,0.7,0.573,0.497,0.373,0.433,0.267,0.509,1
Isocubebinic ether,c1cc2c(cc1C[C@H]1C3OC[C@H]1Cc1cc4c(cc13)OCO4)OCO2,0.527,0.45,0.593,0.308,0.645,0.487,0.5,1
"5,6,4'-Trihydroxy-7,3'-dimethoxyflavone",COc1cc(-c2cc(=O)c3c(O)c(O)c(OC)cc3o2)ccc1O,0.86,0.69,0.626,0.48,0.59,0.428,0.511,1
lapathoside A,COc1cc(/C=C/C(=O)OC[C@H]2O[C@H](O[C@]3(COC(=O)/C=C/c4ccc(O)c(OC)c4)O[C@H](COC(=O)/C=C/c4ccc(O)cc4)[C@@H](O)[C@@H]3OC(=O)/C=C/c3ccc(O)cc3)[C@H](O)[C@@H](O)[C@@H]2O)ccc1O,0.403,0.577,0.563,0.531,0.567,0.617,0.44,1
Ecliptalbine,Cc1cnc([C@H](C)[C@H]2CC[C@H]3[C@@H]4CC=C5C[C@@H](O)CC[C@]5(C)[C@H]4CC[C@]23C)c(O)c1,0.283,0.403,0.523,0.32,0.393,0.538,0.543,1
"5-Hydroxy-6,7,4'-trimethoxyisoflavone",COc1ccc(-c2coc3cc(OC)c(OC)c(O)c3c2=O)cc1,0.773,0.607,0.597,0.374,0.483,0.69,0.633,1
Alangine,C=C[C@@H](CO)[C@H]1CCN2CCc3cc(OC)c(O)cc3[C@@H]2C1,0.313,0.273,0.27,0.263,0.25,0.609,0.403,1
3-Butylpyridine,CCCCc1cccnc1,0.62,0.43,0.62,0.51,0.439,0.615,0.459,1
Angelicin,O=c1ccc2ccc3occc3c2o1,0.843,0.577,0.483,0.502,0.355,0.293,0.425,1
Flavone,O=c1cc(-c2ccccc2)oc2ccccc12,0.933,0.537,0.447,0.35,0.417,0.41,0.676,1
Pongachalcone II,COc1cc(/C=C/C(=O)c2ccc3c(c2O)C=CC(C)(C)O3)ccc1O,0.418,0.587,0.533,0.582,0.553,0.603,0.441,1
batatasin III,COc1cc(O)cc(CCc2cccc(O)c2)c1,0.56,0.667,0.713,0.53,0.594,0.41,0.417,1
"Kaempferol 3,5-dimethyl ether",COc1c(-c2ccc(O)cc2)oc2cc(O)cc(OC)c2c1=O,0.92,0.58,0.54,0.53,0.28,0.23,0.786,1
Exostemin,COc1ccc(-c2cc(=O)oc3c(O)c(OC)cc(OC)c23)cc1,0.7,0.447,0.467,0.324,0.337,0.453,0.434,1
Yadanzioside I,COC(=O)[C@]12OC[C@]34[C@H]([C@@H](O)[C@@H]1O)[C@@]1(C)CC(=O)C(O[C@@H]5O[C@H](CO)[C@@H](O)[C@H](O)[C@H]5O)=C(C)[C@@H]1C[C@H]3OC(=O)[C@H](OC(C)=O)[C@@H]24,0.353,0.462,0.443,0.327,0.36,0.475,0.573,1
Kaempferide triglycoside,COc1ccc(-c2oc3cc(O)cc(O)c3c(=O)c2O[C@@H]2O[C@H](CO[C@@H]3O[C@@H](C)[C@H](O)[C@@H](O)[C@H]3O)[C@@H](O)[C@H](O)[C@H]2O[C@@H]2O[C@H](CO)[C@@H](O)[C@H](O)[C@H]2O)cc1,0.58,0.494,0.517,0.39,0.198,0.429,0.704,1
Sphondin,COc1cc2ccc(=O)oc2c2ccoc12,0.87,0.69,0.68,0.659,0.553,0.383,0.6,1
Dihydrocapsaicin,COc1cc(CNC(=O)CCCCCCC(C)C)ccc1O,0.49,0.497,0.493,0.31,0.496,0.673,0.407,1
Wikstroemin,COc1cc(O[C@H]2O[C@H](CO[C@@H]3O[C@H](CO)[C@H](O)[C@@H](O)[C@H]3O)[C@H](O)[C@@H](O)[C@H]2O)c2c(=O)cc(-c3ccc(O)cc3)oc2c1,0.703,0.587,0.538,0.502,0.422,0.44,0.476,1
Capreoside,COc1ccc(-c2cc(=O)c3c(O)cc(O[C@@H]4O[C@H](CO[C@@H]5O[C@@H](CO)[C@H](O)[C@H]5O)[C@@H](O)[C@H](O)[C@H]4O)cc3o2)cc1O,0.697,0.503,0.49,0.512,0.368,0.39,0.512,1
Coixol,COc1ccc2[nH]c(=O)oc2c1,0.557,0.37,0.447,0.303,0.518,0.58,0.409,1
Vanicoside B,COc1cc(/C=C/C(=O)OC[C@H]2O[C@H](O[C@]3(COC(=O)/C=C/c4ccc(O)cc4)O[C@H](COC(=O)/C=C/c4ccc(O)cc4)[C@@H](O)[C@@H]3OC(=O)/C=C/c3ccc(O)cc3)[C@H](O)[C@@H](O)[C@@H]2O)ccc1O,0.403,0.577,0.563,0.531,0.567,0.617,0.44,1
"N-(2,3-Dihydroxy-1,10-dimethoxy-9-oxo-5,6,7,9-tetrahydrobenzo[a]heptalen-7-yl)acetamide",COc1c(O)c(O)cc2c1-c1ccc(OC)c(=O)cc1C(NC(C)=O)CC2,0.448,0.361,0.393,0.365,0.27,0.325,0.8,1
Cornigerine,COc1c2c(cc3c1-c1ccc(OC)c(=O)cc1C(NC(C)=O)CC3)OCO2,0.488,0.434,0.473,0.372,0.393,0.463,0.733,1
Taxiresinol,COc1cc(C[C@H]2CO[C@H](c3ccc(O)c(O)c3)[C@H]2CO)ccc1O,0.327,0.503,0.604,0.047,0.08,0.593,0.475,1
Lupalbigenin,CC(C)=CCc1cc(-c2coc3cc(O)c(CC=C(C)C)c(O)c3c2=O)ccc1O,0.577,0.59,0.517,0.33,0.454,0.463,0.419,1
Commelinin,O=C(O)CC(=S)OC[C@H]1O[C@@H](Oc2cc(O)cc3[o+]c(-c4cc(O)c(O)c(O)c4)c(O[C@@H]4O[C@H](COC(=O)C=Cc5ccc(O)cc5)[C@@H](O)[C@H](O)[C@H]4O)cc23)[C@H](O)[C@@H](O)[C@@H]1O,0.403,0.477,0.537,0.49,0.557,0.393,0.473,1
Karanjin,COc1c(-c2ccccc2)oc2c(ccc3occc32)c1=O,0.93,0.553,0.573,0.533,0.517,0.437,0.711,1
"5-[(3S,10R,13R,14S,17R)-14-hydroxy-10,13-dimethyl-3-(3,4,5-trihydroxy-6-methyloxan-2-yl)oxy-1,2,3,6,7,8,9,11,12,15,16,17-dodecahydrocyclopenta[a]phenanthren-17-yl]pyran-2-one",CC1OC(O[C@@H]2C=C3CCC4C(CC[C@]5(C)[C@@H](c6ccc(=O)oc6)CC[C@]45O)[C@@]3(C)CC2)C(O)C(O)C1O,0.373,0.598,0.64,0.4,0.529,0.407,0.487,1
Euphoscopin F,CC(=O)O[C@@H]1CC(=O)C(C)(C)/C=C\[C@@H](C)C(=O)[C@@]2(OC(C)=O)C[C@@H](C)[C@H](OC(=O)c3ccccc3)[C@@H]2/C=C\1C,0.395,0.487,0.562,0.41,0.466,0.282,0.703,1
Tropic acid,O=C(O)C(CO)c1ccccc1,0.448,0.293,0.357,0.397,0.31,0.527,0.439,1
Syringic acid,COc1cc(C(=O)O)cc(OC)c1O,0.29,0.133,0.147,0.127,0.133,0.35,0.425,1
7-Methoxycoumarin,COc1ccc2ccc(=O)oc2c1,0.813,0.537,0.607,0.483,0.24,0.378,0.667,1
Arctiin,COc1ccc(C[C@H]2COC(=O)[C@@H]2Cc2ccc(O[C@@H]3O[C@H](CO)[C@@H](O)[C@H](O)[C@H]3O)c(OC)c2)cc1OC,0.327,0.421,0.447,0.173,0.46,0.657,0.567,1
"(1R,5R,7R,8S)-4-hydroxy-8-methyl-1-(2-methylbutanoyl)-3,5,7-tris(3-methylbut-2-enyl)-8-(4-methylpent-3-enyl)bicyclo[3.3.1]non-3-ene-2,9-dione",CCC(C)C(=O)[C@@]12C(=O)C(CC=C(C)C)=C(O)[C@@](CC=C(C)C)(C[C@@H](CC=C(C)C)[C@]1(C)CCC=C(C)C)C2=O,0.333,0.42,0.443,0.39,0.678,0.413,0.734,1
Digicitrin,COc1cc(-c2oc3c(OC)c(OC)c(OC)c(O)c3c(=O)c2OC)cc(O)c1OC,0.753,0.45,0.53,0.313,0.39,0.373,0.519,1
Diphyllin,COc1cc2c(O)c3c(c(-c4ccc5c(c4)OCO5)c2cc1OC)C(=O)OC3,0.604,0.5,0.534,0.37,0.58,0.55,0.435,1
"1,3-Bis(3,4-dihydroxyphenyl)prop-2-en-1-one",O=C(/C=C/c1ccc(O)c(O)c1)c1ccc(O)c(O)c1,0.437,0.41,0.343,0.52,0.503,0.287,0.463,1
5-Hydroxy-2-(hydroxymethyl)-7-methoxychromen-4-one,COc1cc(O)c2c(=O)cc(CO)oc2c1,0.753,0.46,0.577,0.321,0.333,0.268,0.434,1
1-(4-Hydroxy-3-methoxycinnamoylamino)-4-guanidinobutane,COc1cc(/C=C/C(=O)NCCCC[NH+]=C(N)N)ccc1O,0.203,0.547,0.377,0.387,0.321,0.707,0.519,1
"5-[(8R,9S,10S,13S,14R,17S)-10,13-dimethyl-2,3,4,5,6,7,8,9,11,12,14,15,16,17-tetradecahydro-1H-cyclopenta[a]phenanthren-17-yl]pyran-2-one",C[C@]12CC[C@H]3[C@@H](CCC4CCCC[C@@]43C)[C@H]1CC[C@@H]2c1ccc(=O)oc1,0.453,0.498,0.613,0.514,0.637,0.48,0.5,1
"4-Methylbenzo[g]quinoline-5,10-dione",Cc1ccnc2c1C(=O)c1ccccc1C2=O,0.57,0.4,0.417,0.22,0.373,0.597,0.436,1
"5-hydroxy-2-(3-hydroxyphenyl)-7-[(2S,3R,4S,5S,6R)-3,4,5-trihydroxy-6-(hydroxymethyl)oxan-2-yl]oxychromen-4-one",O=c1cc(-c2cccc(O)c2)oc2cc(O[C@@H]3O[C@H](CO)[C@@H](O)[C@H](O)[C@H]3O)cc(O)c12,0.67,0.608,0.55,0.46,0.447,0.323,0.417,1
Pimpinellin,COc1c(OC)c2occc2c2oc(=O)ccc12,0.86,0.793,0.787,0.733,0.717,0.263,0.55,1
Euchrestaflavanone A,CC(C)=CCc1cc([C@@H]2CC(=O)c3c(O)cc(O)c(CC=C(C)C)c3O2)ccc1O,0.187,0.38,0.464,0.16,0.283,0.35,0.456,1
Egonol,COc1cc(CCCO)cc2cc(-c3ccc4c(c3)OCO4)oc12,0.618,0.46,0.517,0.343,0.588,0.677,0.403,1
Matairesinoside,COc1cc(C[C@H]2COC(=O)[C@@H]2Cc2ccc(O[C@@H]3O[C@H](CO)[C@@H](O)[C@H](O)[C@H]3O)c(OC)c2)ccc1O,0.337,0.534,0.5,0.18,0.47,0.593,0.661,1
Epicatechin 3-O-(4-O-methylgallate),COc1c(O)cc(C(=O)O[C@@H]2Cc3c(O)cc(O)cc3O[C@@H]2c2ccc(O)c(O)c2)cc1O,0.42,0.468,0.475,0.363,0.44,0.779,0.508,1
Pinoresinol 4-O-beta-D-glucopyranoside,COc1cc([C@H]2OC[C@H]3[C@@H]2CO[C@@H]3c2ccc(O[C@@H]3O[C@H](CO)[C@@H](O)[C@H](O)[C@H]3O)c(OC)c2)ccc1O,0.353,0.516,0.554,0.253,0.16,0.593,0.412,1
Trachelogenin,COc1cc(C[C@@]2(O)C(=O)OC[C@@H]2Cc2ccc(OC)c(OC)c2)ccc1O,0.337,0.483,0.47,0.262,0.49,0.687,0.492,1
Trimethylcolchicinic acid,COc1cc2c(c(OC)c1OC)-c1ccc(O)c(=O)cc1[C@@H](N)CC2,0.455,0.512,0.47,0.34,0.38,0.53,0.576,1
Hippuric acid,O=C(O)CNC(=O)c1ccccc1,0.273,0.197,0.263,0.22,0.137,0.437,0.487,1
Epicatechin 3-O-(3-O-methylgallate),COc1cc(C(=O)O[C@@H]2Cc3c(O)cc(O)cc3O[C@@H]2c2ccc(O)c(O)c2)cc(O)c1O,0.373,0.489,0.415,0.36,0.418,0.77,0.515,1
Epiafzelechin 3-O-gallate,O=C(O[C@@H]1Cc2c(O)cc(O)cc2O[C@@H]1c1ccc(O)cc1)c1cc(O)c(O)c(O)c1,0.403,0.454,0.371,0.42,0.48,0.807,0.438,1
Meso-dihydroguaiaretic acid,COc1cc(C[C@@H](C)[C@@H](C)Cc2ccc(O)c(OC)c2)ccc1O,0.357,0.485,0.59,0.233,0.567,0.585,0.417,1
Swietenocoumarin F,COc1c2ccoc2c(CC(O)C(C)(C)O)c2oc(=O)ccc12,0.643,0.618,0.707,0.603,0.624,0.372,0.426,1
Gnetol,Oc1cc(O)cc(/C=C/c2c(O)cccc2O)c1,0.573,0.667,0.767,0.473,0.54,0.133,0.405,1
8-Prenylnaringenin,CC(C)=CCc1c(O)cc(O)c2c1O[C@H](c1ccc(O)cc1)CC2=O,0.227,0.388,0.464,0.253,0.412,0.35,0.448,1
Antiarone I,COc1c(CC=C(C)C)cc(C2CC(=O)c3c(O)cc(O)cc3O2)c(CC=C(C)C)c1O,0.333,0.392,0.443,0.257,0.433,0.427,0.5,1
Resveratrol,Oc1ccc(/C=C/c2cc(O)cc(O)c2)cc1,0.773,0.82,0.837,0.467,0.873,0.06,0.63,1
isorhamnetin 3-O-(6'-O-p-coumaroyl)-glucoside,COc1cc(-c2oc3cc(O)cc(O)c3c(=O)c2O[C@@H]2O[C@H](COC(=O)/C=C/c3ccc(O)cc3)[C@@H](O)[C@H](O)[C@H]2O)ccc1O,0.53,0.569,0.513,0.5,0.67,0.513,0.849,1
Antiarone F,COc1ccc(C2CC(=O)c3c(O)cc(O)cc3O2)c(CC=C(C)C)c1OC,0.34,0.477,0.487,0.317,0.473,0.457,0.516,1
"(1S,8R,9R,10S)-3-(2-hydroxypropan-2-yl)-9-methyl-6,10-bis(3-methylbut-2-enyl)-9-(4-methylpent-3-enyl)-8-(2-methylpropanoyl)-4-oxatricyclo[6.3.1.01,5]dodec-5-ene-7,12-dione",CC(C)=CCC[C@]1(C)[C@@H](CC=C(C)C)C[C@]23CC(C(C)(C)O)OC2=C(CC=C(C)C)C(=O)[C@@]1(C(=O)C(C)C)C3=O,0.313,0.397,0.41,0.353,0.587,0.433,0.568,1
Kuraridin,C=C(C)[C@H](CC=C(C)C)Cc1c(O)cc(OC)c(C(=O)/C=C/c2ccc(O)cc2O)c1O,0.4,0.48,0.543,0.473,0.552,0.257,0.515,1
Taxifolin 3-O-beta-D-xylopyranoside,O=C1c2c(O)cc(O)cc2O[C@H](c2ccc(O)c(O)c2)[C@H]1O[C@@H]1OC[C@@H](O)[C@H](O)[C@H]1O,0.34,0.448,0.443,0.334,0.423,0.473,0.458,1
"3'-Cyclovincaleukoblastine, 7'-(2-oxopropyl)-",CCC12CN3CC(CC(C(=O)OC)(c4cc5c(cc4OC)N(C)C4C(O)(C(=O)OC)C(OC(C)=O)C6(CC)C=CCN7CCC54C76)c4[nH]c5ccccc5c4CC3CC(C)=O)C1O2,0.46,0.527,0.54,0.534,0.57,0.347,0.712,1
"(Z)-3-(2,4,5-Trimethoxyphenyl)-2-propenal",COc1cc(OC)c(OC)cc1C=CC=O,0.485,0.262,0.323,0.197,0.207,0.677,0.607,1
Protopine,CN1CCc2cc3c(cc2C(=O)Cc2ccc4c(c2C1)OCO4)OCO3,0.507,0.417,0.497,0.417,0.402,0.663,0.702,1
3-Methoxy-4-methylbenzaldehyde,COc1cc(C=O)ccc1C,0.48,0.335,0.429,0.363,0.367,0.673,0.419,1
Roseadine,CC[C@]1(O)CN2CCc3c([nH]c4ccccc34)[C@@H]1[C@@H](C=C(C(=O)OC)c1cc3c(cc1OC)N(C)C1[C@]34CCN3CC=C[C@](CC)(C34)[C@@H](OC(C)=O)[C@]1(O)C(=O)OC)C2,0.423,0.493,0.53,0.499,0.423,0.49,0.653,1
Bruceoside A,COC(=O)[C@@]12OC[C@]34[C@H]([C@@H](O)[C@@H]1O)[C@@]1(C)C=C(O[C@@H]5O[C@H](CO)[C@@H](O)[C@H](O)[C@H]5O)C(=O)[C@@H](C)[C@@H]1C[C@H]3OC(=O)[C@H](OC(=O)C=C(C)C)[C@@H]24,0.4,0.463,0.471,0.349,0.508,0.497,0.45,1
Saponarin,O=c1cc(-c2ccc(O)cc2)oc2cc(O[C@@H]3O[C@H](CO)[C@@H](O)[C@H](O)[C@H]3O)c([C@@H]3O[C@H](CO)[C@@H](O)[C@H](O)[C@H]3O)c(O)c12,0.71,0.531,0.531,0.49,0.46,0.383,0.41,1
Naringin,C[C@@H]1O[C@@H](O[C@H]2[C@H](Oc3cc(O)c4c(c3)O[C@H](c3ccc(O)cc3)CC4=O)O[C@H](CO)[C@@H](O)[C@@H]2O)[C@H](O)[C@H](O)[C@H]1O,0.312,0.364,0.353,0.344,0.352,0.352,0.444,1
"(S)-7-(((2-O-6-Deoxy-alpha-L-mannopyranosyl)-beta-D-glucopyranosyl)oxy)-2,3-dihydro-5-hydroxy-2-(3-hydroxy-4-methoxyphenyl)-4H-1-benzopyran-4-one",COc1ccc([C@@H]2CC(=O)c3c(O)cc(O[C@@H]4O[C@H](CO)[C@@H](O)[C@H](O)[C@H]4O[C@@H]4O[C@@H](C)[C@H](O)[C@@H](O)[C@H]4O)cc3O2)cc1O,0.238,0.38,0.33,0.314,0.393,0.458,0.429,1
Poncirin,COc1ccc([C@@H]2CC(=O)c3c(O)cc(O[C@@H]4O[C@H](CO)[C@@H](O)[C@H](O)[C@H]4O[C@@H]4O[C@@H](C)[C@H](O)[C@@H](O)[C@H]4O)cc3O2)cc1,0.492,0.398,0.373,0.344,0.365,0.345,0.529,1
3'-Methoxycoumestrol,COc1cc2c(cc1O)oc1c3ccc(O)cc3oc(=O)c21,0.793,0.54,0.537,0.417,0.493,0.5,0.418,1
Cyanidin 3-O-rutinoside,C[C@@H]1O[C@@H](OC[C@H]2O[C@@H](Oc3cc4c(O)cc(O)cc4[o+]c3-c3ccc(O)c(O)c3)[C@H](O)[C@@H](O)[C@@H]2O)[C@H](O)[C@H](O)[C@H]1O,0.533,0.442,0.565,0.427,0.292,0.429,0.558,1
Moracin A,COc1cc(OC)c2cc(-c3cc(O)cc(O)c3)oc2c1,0.747,0.54,0.693,0.528,0.58,0.44,0.457,1
Scillaren A,C[C@@H]1O[C@@H](O[C@@H]2C=C3CC[C@@H]4[C@H](CC[C@]5(C)[C@@H](c6ccc(=O)oc6)CC[C@]45O)[C@@]3(C)CC2)[C@H](O)[C@H](O)[C@H]1O[C@@H]1O[C@H](CO)[C@@H](O)[C@H](O)[C@H]1O,0.393,0.573,0.6,0.433,0.459,0.413,0.432,1
cyclo[Ile-Ile-Leu-Val-Pro-Pro-Phe-Phe-D-Leu],CC[C@H](C)[C@@H]1NC(=O)[C@H]([C@@H](C)CC)NC(=O)[C@@H](CC(C)C)NC(=O)[C@H](Cc2ccccc2)NC(=O)[C@H](Cc2ccccc2)NC(=O)[C@@H]2CCCN2C(=O)[C@@H]2CCCN2C(=O)[C@H](C(C)C)NC(=O)[C@H](CC(C)C)NC1=O,0.24,0.45,0.373,0.457,0.517,0.803,0.549,1
Broussin,COc1ccc([C@@H]2CCc3ccc(O)cc3O2)cc1,0.423,0.36,0.51,0.41,0.51,0.423,0.51,1
Leurosine,CC[C@]12CN3CCc4c([nH]c5ccccc45)[C@@](C(=O)OC)(c4cc5c(cc4OC)N(C)[C@H]4[C@@](O)(C(=O)OC)[C@H](OC(C)=O)[C@]6(CC)C=CCN7CC[C@]54[C@@H]76)C[C@H](C3)[C@H]1O2,0.413,0.523,0.553,0.501,0.427,0.317,0.807,1
Neoarctin A,COc1ccc(CC2COC(=O)C2Cc2ccc(Oc3ccc(CC4C(=O)OCC4Cc4cc(OC)c(O)c(OC)c4)cc3OC)c(OC)c2)cc1OC,0.303,0.463,0.427,0.138,0.65,0.657,0.792,1
Lappaol A,COc1cc(C[C@H]2C(=O)OC[C@@H]2Cc2cc(OC)c3c(c2)[C@H](CO)[C@@H](c2ccc(O)c(OC)c2)O3)ccc1O,0.3,0.547,0.537,0.137,0.511,0.59,0.69,1
"4,9-dimethoxy-6H-[1,3]dioxolo[4,5-g]chromen-6-one",COc1c2c(c(OC)c3oc(=O)ccc13)OCO2,0.723,0.638,0.637,0.537,0.57,0.47,0.409,1
Neocarthamin,O=C1C[C@@H](c2ccc(O)cc2)Oc2cc(O)c(O)c(O[C@@H]3O[C@H](CO)[C@@H](O)[C@H](O)[C@H]3O)c21,0.348,0.392,0.343,0.357,0.398,0.43,0.424,1
Lappaol B,COc1cc([C@H]2Oc3c(OC)cc(C[C@H]4C(=O)OC[C@@H]4Cc4ccc(OC)c(OC)c4)cc3[C@@H]2CO)ccc1O,0.297,0.534,0.48,0.15,0.504,0.613,0.656,1
Emetamine,CC[C@H]1CN2CCc3cc(OC)c(OC)cc3[C@@H]2C[C@@H]1Cc1nccc2cc(OC)c(OC)cc12,0.413,0.27,0.402,0.367,0.437,0.453,0.493,1
Cyanidin 3-gentiobioside,OCC1O[C@@H](OCC2O[C@@H](Oc3cc4c(O)cc(O)cc4[o+]c3-c3ccc(O)c(O)c3)C(O)C(O)[C@H]2O)C(O)C(O)[C@@H]1O,0.533,0.467,0.537,0.457,0.336,0.437,0.463,1
"(2R,4S,5R)-2-[[(3S,6S)-6-[2-(3,4-dihydroxyphenyl)-5,7-dihydroxychromenylium-3-yl]oxy-3,4-dihydroxy-5-[(2S,3R,5S)-3,4,5-trihydroxy-6-(hydroxymethyl)oxan-2-yl]oxyoxan-2-yl]methoxy]-6-methyloxane-3,4,5-t",CC1O[C@@H](OCC2O[C@@H](Oc3cc4c(O)cc(O)cc4[o+]c3-c3ccc(O)c(O)c3)C(O[C@@H]3OC(CO)[C@@H](O)C(O)[C@H]3O)C(O)[C@@H]2O)C(O)[C@@H](O)[C@H]1O,0.477,0.44,0.54,0.414,0.312,0.449,0.483,1
Peonidin 3-gentiobioside,COc1cc(-c2[o+]c3cc(O)cc(O)c3cc2O[C@@H]2OC(CO[C@@H]3OC(CO)[C@@H](O)C(O)C3O)[C@@H](O)C(O)C2O)ccc1O,0.51,0.53,0.527,0.377,0.306,0.533,0.506,1
Delphinidin 3-(6-rhamnosylglucosuide),CC1O[C@@H](OCC2O[C@@H](Oc3cc4c(O)cc(O)cc4[o+]c3-c3cc(O)c(O)c(O)c3)C(O)C(O)[C@@H]2O)C(O)[C@@H](O)[C@H]1O,0.55,0.427,0.56,0.41,0.302,0.456,0.475,1
Petunidin 3-gentiobioside,COc1cc(-c2[o+]c3cc(O)cc(O)c3cc2O[C@@H]2OC(CO[C@@H]3OC(CO)[C@@H](O)C(O)C3O)[C@H](O)C(O)C2O)cc(O)c1O,0.54,0.463,0.54,0.39,0.309,0.493,0.425,1
Aucuparin,COc1cc(-c2ccccc2)cc(OC)c1O,0.573,0.426,0.587,0.383,0.32,0.337,0.444,1
"Peonidin acetyl 3,5-diglucoside",COc1cc(-c2[o+]c3cc(O)cc(O[C@@H]4OC(CO)[C@@H](O)[C@H](O)C4O)c3cc2O[C@@H]2OC(COC(C)=O)[C@@H](O)C(O)C2O)ccc1O,0.45,0.576,0.527,0.417,0.413,0.47,0.418,1
Celapanine,CC(=O)O[C@@H]1[C@@H]2[C@@H](OC(=O)c3ccoc3)[C@]3(OC2(C)C)C(C)CC[C@H](OC(C)=O)[C@@]3(C)[C@H]1OC(=O)c1cccnc1,0.415,0.423,0.453,0.48,0.548,0.754,0.691,1
Ankorine,CC[C@H]1CN2CCc3c(cc(OC)c(OC)c3O)[C@@H]2C[C@@H]1CCO,0.387,0.31,0.417,0.276,0.406,0.489,0.424,1
(-)-Argemonine,COc1cc2c(cc1OC)[C@@H]1Cc3cc(OC)c(OC)cc3[C@H](C2)N1C,0.333,0.147,0.379,0.336,0.21,0.66,0.514,1
Macelignan,COc1cc(C[C@H](C)[C@H](C)Cc2ccc3c(c2)OCO3)ccc1O,0.378,0.475,0.598,0.217,0.761,0.582,0.592,1
Prudomestin,COc1ccc(-c2oc3c(OC)c(O)cc(O)c3c(=O)c2O)cc1,0.877,0.54,0.583,0.29,0.424,0.41,0.472,1
"3,8'-Biapigenin",O=c1c(-c2c(O)cc(O)c3c(=O)cc(-c4ccc(O)cc4)oc23)c(-c2ccc(O)cc2)oc2cc(O)cc(O)c12,0.917,0.557,0.453,0.42,0.72,0.227,0.617,1
"(1E)-1,7-bis(4-hydroxy-3-methoxyphenyl)hept-1-ene-3,5-dione",COc1cc(/C=C/C(=O)CC(=O)CCc2ccc(O)c(OC)c2)ccc1O,0.233,0.67,0.497,0.243,0.331,0.857,0.674,1
Calycopterin,COc1c(OC)c(O)c2c(=O)c(OC)c(-c3ccc(O)cc3)oc2c1OC,0.83,0.58,0.597,0.467,0.368,0.197,0.622,1
Yadanzioside O,CC/C(=C\C(=O)O[C@H]1C(=O)O[C@@H]2C[C@H]3[C@H](C)C(=O)C(O[C@@H]4O[C@H](CO)[C@@H](O)[C@H](O)[C@H]4O)=C[C@]3(C)[C@H]3[C@@H](O)[C@H](O)[C@@]4(C(=O)OC)OC[C@]32[C@@H]14)C(C)(C)OC(C)=O,0.413,0.47,0.497,0.387,0.492,0.462,0.405,1
Nallaflavanone,COc1cc(O)c2c(c1)O[C@H](c1cc(OC)c(OC)c(-c3c(OC)cc(O)c4c3O[C@H](c3cc(OC)c(O)c(OC)c3)CC4=O)c1)CC2=O,0.364,0.423,0.427,0.273,0.51,0.47,0.516,1
Chamaejasmenin C,COc1ccc([C@H]2Oc3cc(O)cc(O)c3C(=O)[C@H]2[C@@H]2C(=O)c3c(O)cc(OC)cc3O[C@@H]2c2ccc(OC)cc2)cc1,0.503,0.484,0.463,0.294,0.473,0.513,0.588,1
Demethoxykanugin,COc1ccc2c(=O)c(OC)c(-c3ccc4c(c3)OCO4)oc2c1,0.873,0.623,0.633,0.514,0.571,0.502,0.776,1
Dehydrobruceine B,COC(=O)[C@@]12OC[C@@]34[C@@H](CC5=C(C)C(=O)C(O)=C[C@]5(C)[C@H]3[C@@H](O)[C@@H]1O)OC(=O)[C@H](OC(C)=O)[C@@H]24,0.35,0.467,0.502,0.322,0.501,0.467,0.46,1
Plumbagin,CC1=CC(=O)c2c(O)cccc2C1=O,0.863,0.833,0.797,0.8,0.784,0.407,1.0,1
4-Methylquinoline,Cc1ccnc2ccccc12,0.833,0.347,0.58,0.583,0.55,0.556,0.429,1
"6,7-Dimethoxy-1-methyl-1,2,3,4-tetrahydroisoquinoline",COc1cc2c(cc1OC)C(C)NCC2,0.333,0.337,0.443,0.375,0.347,0.575,0.4,1
Hydropiperoside,O=C(/C=C/c1ccc(O)cc1)OC[C@H]1O[C@@](COC(=O)/C=C/c2ccc(O)cc2)(O[C@H]2O[C@H](CO)[C@@H](O)[C@H](O)[C@H]2O)[C@@H](OC(=O)/C=C/c2ccc(O)cc2)[C@@H]1O,0.49,0.55,0.553,0.501,0.538,0.533,0.435,1
Machilin A,C[C@H](Cc1ccc2c(c1)OCO2)[C@@H](C)Cc1ccc2c(c1)OCO2,0.474,0.453,0.584,0.371,0.848,0.418,0.5,1
Mearnsetin,COc1c(O)cc(-c2oc3cc(O)cc(O)c3c(=O)c2O)cc1O,0.857,0.393,0.513,0.29,0.213,0.437,0.81,1
Licoagrodione,COc1ccc(C(=O)C(=O)c2ccc(O)c(CC=C(C)C)c2O)c(O)c1,0.443,0.473,0.51,0.373,0.407,0.307,0.419,1
"methyl (1R,9R,10S,12R,19R)-11-acetyloxy-12-ethyl-3-[(13S,15R,17R)-17-ethyl-17-hydroxy-13-methoxycarbonyl-1-oxido-11-aza-1-azoniatetracyclo[13.3.1.04,12.05,10]nonadeca-4(12),5,7,9-tetraen-13-yl]-10-hyd",CC[C@@]1(O)C[C@H]2C[C@](C(=O)OC)(c3cc(OC)cc4c3[C@@]35CCN6CC=C[C@@](CC)(C(OC(C)=O)[C@](O)(C(=O)OC)[C@@H]3N4C)[C@H]65)c3[nH]c4ccccc4c3CC[N+]([O-])(C2)C1,0.404,0.548,0.474,0.54,0.483,0.416,0.658,1
"methyl (1R,2S,3R,6R,8R,13S,14R,15R,16S,17R)-10,15,16-trihydroxy-3-[(E)-4-hydroxy-3,4-dimethylpent-2-enoyl]oxy-9,13-dimethyl-4,11-dioxo-5,18-dioxapentacyclo[12.5.0.01,6.02,17.08,13]nonadec-9-ene-17-car",COC(=O)[C@]12OC[C@]34[C@H]([C@@H](O)[C@@H]1O)[C@@]1(C)CC(=O)C(O)=C(C)[C@@H]1C[C@H]3OC(=O)[C@H](OC(=O)/C=C(\C)C(C)(C)O)[C@@H]24,0.31,0.417,0.47,0.23,0.43,0.468,0.811,1
Apiforol,Oc1ccc([C@@H]2CC(O)c3c(O)cc(O)cc3O2)cc1,0.343,0.38,0.502,0.377,0.432,0.323,0.408,1
Peonidin-3-glucoside,COc1cc(-c2[o+]c3cc(O)cc(O)c3cc2O[C@@H]2O[C@H](CO)[C@@H](O)[C@H](O)[C@H]2O)ccc1O,0.527,0.523,0.547,0.387,0.31,0.517,0.434,1
"1,7-Diphenyl-6-heptene-3-one",O=C(CC/C=C/c1ccccc1)CCc1ccccc1,0.55,0.457,0.463,0.503,0.443,0.607,0.4,1
Protoemetine,CC[C@H]1CN2CCc3cc(OC)c(OC)cc3[C@@H]2C[C@@H]1CC=O,0.247,0.187,0.29,0.234,0.224,0.439,0.579,1
Piperundecalidine,O=C(/C=C/C=C/CCCC/C=C/c1ccc2c(c1)OCO2)N1CCCCC1,0.447,0.51,0.36,0.525,0.544,0.423,0.407,1
Flavanone,O=C1CC(c2ccccc2)Oc2ccccc21,0.417,0.433,0.297,0.376,0.442,0.483,0.615,1
"(2E,4E,6E)-7-(2H-1,3-benzodioxol-5-yl)-1-(piperidin-1-yl)hepta-2,4,6-trien-1-one",O=C(/C=C/C=C/C=C/c1ccc2c(c1)OCO2)N1CCCCC1,0.433,0.443,0.363,0.448,0.573,0.235,0.462,1
"3',4'-Anhydrovinblastine",CCC1=C[C@H]2CN(CCc3c([nH]c4ccccc34)[C@@](C(=O)OC)(c3cc4c(cc3OC)N(C)[C@H]3[C@@](O)(C(=O)OC)[C@H](OC(C)=O)[C@]5(CC)C=CCN6CC[C@]43[C@@H]65)C2)C1,0.383,0.503,0.547,0.492,0.533,0.35,0.789,1
Catharinine,CCC(=O)C[C@@H]1CN(C=O)CCc2c([nH]c3ccccc23)[C@@](C(=O)OC)(c2cc3c(cc2OC)N(C)[C@H]2[C@](O)(C(=O)OC)[C@H](OC(C)=O)[C@]4(CC)C=CCN5CC[C@]32[C@@H]54)C1,0.387,0.503,0.517,0.572,0.433,0.38,0.773,1
Nicotyrine,Cn1cccc1-c1cccnc1,0.857,0.14,0.197,0.137,0.23,0.565,0.519,1
Agrimonolide,COc1ccc(CC[C@H]2Cc3cc(O)cc(O)c3C(=O)O2)cc1,0.4,0.418,0.463,0.304,0.448,0.55,0.466,1
(-)-Cubebinin,COc1cc(C[C@H]2COC(O)[C@@H]2Cc2cc(OC)c(OC)c(OC)c2)cc(OC)c1OC,0.473,0.428,0.587,0.033,0.223,0.6,0.761,1
Vanicoside A,COc1cc(/C=C/C(=O)OC[C@H]2O[C@@H](O[C@]3(COC(=O)/C=C/c4ccc(O)cc4)O[C@H](COC(=O)/C=C/c4ccc(O)cc4)[C@@H](O)[C@@H]3OC(=O)/C=C/c3ccc(O)cc3)[C@H](OC(C)=O)[C@@H](O)[C@@H]2O)ccc1O,0.49,0.567,0.57,0.503,0.55,0.537,0.403,1
Anomalin,CC=C(C)C(=O)O[C@@H]1[C@H](OC(=O)/C(C)=C\C)c2c(ccc3ccc(=O)oc23)OC1(C)C,0.477,0.46,0.523,0.377,0.425,0.19,1.0,1
1-Pentadecanoyl-2-eicosanoyl-glycero-3-phosphoethanolamine,CCCCCCCCCCCCCCCCCCCC(=O)O[C@H](COC(=O)CCCCCCCCCCCCCC)COP(=O)(O)OCCN,0.33,0.37,0.343,0.317,0.404,0.495,0.432,1
Bryophyllin B,CC(=O)O[C@@H]1C[C@H](O)C[C@@]2(O)CC[C@@H]3[C@@H]4[C@@H](C[C@]5(C)[C@@H](c6ccc(=O)oc6)CC[C@]35O)O[C@H](O)[C@]412,0.346,0.48,0.58,0.447,0.557,0.527,0.463,1
Artocarpanone,COc1cc(O)c2c(c1)O[C@H](c1ccc(O)cc1O)CC2=O,0.372,0.448,0.46,0.277,0.514,0.367,0.653,1
Balanophonin B,COc1cc([C@H]2OC(=O)[C@H]3[C@@H]2CO[C@@H]3c2ccc(O)c(OC)c2)ccc1O,0.26,0.417,0.407,0.257,0.241,0.553,0.458,1
Ethoxyclusin,CCOc1cc(C[C@H]2COC(O)[C@@H]2Cc2cc(OC)c(OC)c(OC)c2)cc2c1OCO2,0.537,0.518,0.573,0.043,0.963,0.687,0.732,1
11alpha-O-Benzoyl-12beta-O-acetyltenacigenin B,CC(=O)O[C@@H]1[C@@H](OC(=O)c2ccccc2)[C@@H]2[C@@]3(C)CC[C@H](O)C[C@@H]3CC[C@]23O[C@@]32CC[C@@H](C(C)=O)[C@@]12C,0.388,0.467,0.53,0.473,0.517,0.737,0.405,1
Cedrinoside,Cc1c(O)cc2c(c1O)C(=O)C(O)C(c1cc(O)c(O)c(OC3OC(CO)C(O)C(O)C3O)c1)O2,0.393,0.434,0.397,0.33,0.338,0.613,0.421,1
"5-Hydroxy-6,7,3',4'-tetramethoxyisoflavone",COc1ccc(-c2coc3cc(OC)c(OC)c(O)c3c2=O)cc1OC,0.737,0.643,0.56,0.447,0.527,0.78,0.673,1
Laciniatin,COc1ccc(-c2oc3cc(O)c(OC)c(O)c3c(=O)c2O)cc1O,0.873,0.483,0.527,0.363,0.44,0.49,0.723,1
Lawsaritol,CC[C@H](CC[C@@H](C)[C@H]1CC[C@H]2[C@@H]3CCC4=C[C@@H](O)CC[C@]4(C)[C@H]3CC[C@]12C)C(C)C,0.356,0.497,0.543,0.32,0.358,0.52,0.661,1
Ponganone III,COc1ccc([C@@H]2CC(=O)c3ccc4c(c3O2)C=CC(C)(C)O4)cc1OC,0.32,0.446,0.436,0.313,0.517,0.57,0.4,1
"5-Hydroxy-3',4',6,7-tetramethoxyflavone",COc1ccc(-c2cc(=O)c3c(O)c(OC)c(OC)cc3o2)cc1OC,0.93,0.807,0.78,0.728,0.76,0.657,0.562,1
Artonin K,COc1cc(O)c2c(=O)c3c(oc2c1)-c1c(O)cc(O)c2c1C(C3)C(C)(C)O2,0.533,0.497,0.582,0.353,0.423,0.375,0.403,1
"5-Hydroxy-3,7,8,2'-tetramethoxyflavone",COc1ccccc1-c1oc2c(OC)c(OC)cc(O)c2c(=O)c1OC,0.82,0.633,0.607,0.481,0.397,0.517,0.439,1
3-Acetyl-7-O-methylaromadendrin,COc1cc(O)c2c(c1)O[C@H](c1ccc(O)cc1)[C@@H](OC(C)=O)C2=O,0.44,0.503,0.457,0.353,0.477,0.573,0.618,1
Ponganone VI,COc1ccc(/C=C/C(=O)c2cc(OC)c3c(c2O)C=CC(C)(C)O3)cc1OC,0.463,0.525,0.547,0.582,0.473,0.69,0.474,1
Isolariciresinol,COc1cc([C@H]2c3cc(O)c(OC)cc3C[C@@H](CO)[C@@H]2CO)ccc1O,0.303,0.44,0.528,0.106,0.143,0.558,1.0,1
Oxyhydrastinine,CN1CCc2cc3c(cc2C1=O)OCO3,0.393,0.343,0.42,0.251,0.287,0.61,0.571,1
"3',4',5,6-Tetrahydroxy-3,7-dimethoxyflavone",COc1cc2oc(-c3ccc(O)c(O)c3)c(OC)c(=O)c2c(O)c1O,0.803,0.589,0.54,0.367,0.35,0.227,0.596,1
3'-Prenylrubranine,CC(C)=CCc1c(O)c(C(=O)/C=C/c2ccccc2)c2c3c1O[C@]1(C)CC[C@@H]([C@@H]3C1)C(C)(C)O2,0.445,0.526,0.593,0.528,0.512,0.35,0.452,1
Ponganone XI,COc1c(-c2ccccc2)oc2cc3occc3cc2c1=O,0.787,0.663,0.69,0.587,0.557,0.447,0.604,1
Ovalifolin,CC(C)=CCOc1cc2c(=O)cc(-c3ccccc3)oc2c2ccoc12,0.883,0.513,0.583,0.547,0.583,0.377,0.418,1
"3-Buten-2-ol, 4-phenyl-",CC(O)C=Cc1ccccc1,0.46,0.263,0.483,0.417,0.323,0.453,0.429,1
Tephrinone,COc1cc(O)c2c(c1CC=C(C)C)OC(c1ccccc1)CC2=O,0.373,0.423,0.45,0.319,0.363,0.383,0.459,1
"8-Hydroxy-5,6,7,3',4',5'-hexamethoxyflavone",COc1cc(-c2cc(=O)c3c(OC)c(OC)c(OC)c(O)c3o2)cc(OC)c1OC,0.883,0.533,0.583,0.373,0.493,0.593,0.6,1
6-Oxocampestanol,CC(C)[C@H](C)CC[C@@H](C)[C@H]1CC[C@H]2[C@@H]3CC(=O)[C@H]4C[C@@H](O)CC[C@]4(C)[C@H]3CC[C@]12C,0.307,0.395,0.487,0.315,0.379,0.609,0.471,1
5alpha-Stigmast-9(11)-en-3beta-ol,CC[C@@H](CC[C@@H](C)[C@H]1CC[C@H]2[C@@H]3CC[C@H]4C[C@@H](O)CC[C@]4(C)C3=CC[C@]12C)C(C)C,0.407,0.387,0.507,0.377,0.42,0.505,0.522,1
Mogoltadone,C=C1CC[C@@H]2C(C)(C)C(=O)CC[C@@]2(C)[C@@H]1COc1ccc2ccc(=O)oc2c1,0.502,0.493,0.493,0.442,0.461,0.427,0.446,1
Veramiline,C[C@H]1CC[C@@H]([C@@H](C)[C@H]2CC[C@H]3[C@@H]4CC=C5C[C@@H](O)CC[C@]5(C)[C@H]4CC[C@]23C)NC1,0.373,0.463,0.473,0.411,0.443,0.631,0.591,1
euphoscopin C,CC(=O)O[C@@H]1[C@H](C)/C=C\C(C)(C)C(=O)C[C@@H](OC(=O)c2ccccc2)/C(C)=C\[C@H]2[C@@H](OC(=O)c3ccccc3)[C@H](C)C[C@]12OC(C)=O,0.365,0.457,0.46,0.385,0.448,0.404,0.512,1
"4H-1-Benzopyran-4-one, 8-(2,5-dihydro-5,5-dimethyl-2-oxo-3-furanyl)-7-methoxy-2-phenyl-",COc1ccc2c(=O)cc(-c3ccccc3)oc2c1C1=CC(C)(C)OC1=O,0.853,0.52,0.539,0.497,0.553,0.517,0.462,1
Echioidinin,COc1cc(O)c2c(=O)cc(-c3ccccc3O)oc2c1,0.923,0.735,0.66,0.314,0.412,0.303,0.511,1
Yadanzioside K,COC(=O)[C@@]12OC[C@]34[C@H]([C@@H](O)[C@@H]1O)[C@@]1(C)CC(=O)C(O[C@@H]5O[C@H](CO)[C@@H](O)[C@H](O)[C@H]5O)=C(C)[C@@H]1C[C@H]3OC(=O)[C@H](OC(=O)/C=C(\C)C(C)(C)OC(C)=O)[C@@H]24,0.367,0.435,0.467,0.323,0.413,0.472,0.583,1
Coniferyl alcohol,COc1cc(/C=C/CO)ccc1O,0.413,0.617,0.6,0.317,0.273,0.663,0.561,1
Neocephaeline,CC[C@H]1CN2CCc3cc(OC)c(OC)cc3[C@@H]2C[C@@H]1C[C@H]1NCCc2ccc(OC)c(O)c21,0.34,0.32,0.323,0.324,0.433,0.362,0.471,1
Auraptene,CC(C)=CCCC(C)=CCOc1ccc2ccc(=O)oc2c1,0.693,0.558,0.573,0.451,0.457,0.308,0.543,1
Cinnamyl cinnamate,O=C(/C=C/c1ccccc1)OC/C=C/c1ccccc1,0.65,0.373,0.38,0.363,0.513,0.483,0.516,1
6''-O-Acetyldaidzin,CC(=O)OC[C@H]1O[C@@H](Oc2ccc3c(=O)c(-c4ccc(O)cc4)coc3c2)[C@H](O)[C@@H](O)[C@@H]1O,0.507,0.51,0.45,0.396,0.473,0.483,0.412,1
Kuwanon F,CC(C)=CCCC1(C)C=Cc2cc(C3CC(=O)c4c(O)cc(O)cc4O3)c(O)cc2O1,0.363,0.352,0.467,0.311,0.475,0.44,0.403,1
Capsaicin,COc1cc(CNC(=O)CCCC/C=C/C(C)C)ccc1O,0.763,0.481,0.41,0.318,0.51,0.66,0.509,1
Cycloartocarpesin,CC1(C)C=Cc2c(cc3oc(-c4ccc(O)cc4O)cc(=O)c3c2O)O1,0.75,0.583,0.608,0.41,0.583,0.393,0.4,1
Hibiscetin,O=c1c(O)c(-c2cc(O)c(O)c(O)c2)oc2c(O)c(O)cc(O)c12,0.74,0.379,0.453,0.24,0.323,0.29,0.417,1
Isocaviunin,COc1cc(OC)c(-c2coc3c(OC)c(O)cc(O)c3c2=O)cc1OC,0.7,0.49,0.503,0.294,0.42,0.693,0.519,1
Isolysergic acid,CN1C[C@@H](C(=O)O)C=C2c3cccc4[nH]cc(c34)C[C@H]21,0.493,0.558,0.58,0.672,0.63,0.539,0.672,1
Desacetoxyvinblastine,CC[C@]1(O)C[C@@H]2CN(CCc3c([nH]c4ccccc34)[C@@](C(=O)OC)(c3cc4c(cc3OC)N(C)[C@@H]3[C@]45CCN4CC=C[C@@](CC)(C[C@]3(O)C(=O)OC)[C@H]45)C2)C1,0.338,0.453,0.473,0.48,0.43,0.354,0.766,1
Irehdiamine B,CN[C@H]1CC[C@@]2(C)C(=CC[C@H]3[C@@H]4CC[C@H]([C@H](C)N)[C@@]4(C)CC[C@@H]32)C1,0.328,0.337,0.48,0.398,0.376,0.563,0.492,1
Vindolicine,CCC12C=CCN3CCC4(c5cc(Cc6cc7c(cc6OC)N(C)C6C(O)(C(=O)OC)C(OC(C)=O)C8(CC)C=CCN9CCC76C98)c(OC)cc5N(C)C4C(O)(C(=O)OC)C1OC(C)=O)C32,0.373,0.497,0.453,0.41,0.483,0.506,0.578,1
"5,7-dihydroxy-2-(4-hydroxy-3-methoxy-phenyl)-3-[(1R,2R,3S,4R,5R)-2,3,4-trihydroxy-5-(hydroxymethyl)cyclohexoxy]chromen-4-one",COc1cc(-c2oc3cc(O)cc(O)c3c(=O)c2O[C@@H]2C[C@H](CO)[C@@H](O)[C@H](O)[C@H]2O)ccc1O,0.587,0.469,0.51,0.423,0.225,0.41,0.597,1
Cryptostrobin,Cc1c(O)cc(O)c2c1OC(c1ccccc1)CC2=O,0.533,0.412,0.377,0.387,0.322,0.413,0.462,1
"3,5-Bis(beta-D-glucopyranosyloxy)-7-hydroxy-2-(4-hydroxy-3-methoxyphenyl)-1-benzopyrylium chloride",COc1cc(-c2[o+]c3cc(O)cc(O[C@@H]4O[C@H](CO)[C@@H](O)[C@H](O)[C@H]4O)c3cc2O[C@@H]2O[C@H](CO)[C@@H](O)[C@H](O)[C@H]2O)ccc1O.[Cl-],0.533,0.577,0.56,0.4,0.336,0.45,0.412,1
Gliricidin,COc1c(O)cc(-c2coc3cc(O)ccc3c2=O)cc1O,0.687,0.52,0.567,0.447,0.513,0.557,0.426,1
Atalantoflavone,CC1(C)C=Cc2c(cc(O)c3c(=O)cc(-c4ccc(O)cc4)oc23)O1,0.853,0.506,0.567,0.397,0.537,0.293,0.471,1
24-Isopropyl-cholest-5-en-3beta-ol,CC(C)C(CC[C@@H](C)[C@H]1CC[C@H]2[C@@H]3CC=C4C[C@@H](O)CC[C@]4(C)[C@H]3CC[C@]12C)C(C)C,0.323,0.36,0.479,0.22,0.317,0.687,0.804,1
Saringosterol,C=CC(O)(CC[C@@H](C)[C@H]1CC[C@H]2[C@@H]3CC=C4C[C@@H](O)CC[C@]4(C)[C@H]3CC[C@]12C)C(C)C,0.31,0.38,0.456,0.251,0.324,0.595,0.688,1
1-O-(4-Coumaroyl)-beta-D-glucose,O=C(/C=C/c1ccc(O)cc1)O[C@@H]1O[C@H](CO)[C@@H](O)[C@H](O)[C@H]1O,0.393,0.518,0.48,0.457,0.453,0.457,0.451,1
2-(E)-O-feruloyl-D-galactaric acid,COc1cc(/C=C/C(=O)O[C@@H](C(=O)O)[C@@H](O)[C@@H](O)[C@H](O)C(=O)O)ccc1O,0.25,0.493,0.363,0.49,0.383,0.667,0.491,1
6-Formyl-7-methoxycoumarin,COc1cc2oc(=O)ccc2cc1C=O,0.677,0.577,0.487,0.423,0.217,0.437,0.429,1
2-Acetylpyrrole,CC(=O)c1ccc[nH]1,0.403,0.207,0.117,0.203,0.337,0.401,0.421,1
"2,4'-Dihydroxy-4-methoxydihydrochalcone",COc1ccc(CCC(=O)c2ccc(O)cc2)c(O)c1,0.38,0.387,0.373,0.32,0.607,0.443,0.4,1
Salvigenin,COc1ccc(-c2cc(=O)c3c(O)c(OC)c(OC)cc3o2)cc1,0.927,0.76,0.729,0.603,0.65,0.527,0.596,1
nobilin E,COc1cccc(CCc2cc(OC)c(O)c3c2C(Cc2cccc(OC)c2)c2cc(O)c(O)c(OC)c2O3)c1,0.497,0.587,0.57,0.503,0.567,0.68,0.409,1
Bruceine A,COC(=O)[C@@]12OC[C@]34[C@H]([C@@H](O)[C@@H]1O)[C@@]1(C)CC(=O)C(O)=C(C)[C@@H]1C[C@H]3OC(=O)[C@H](OC(=O)CC(C)C)[C@@H]24,0.257,0.48,0.417,0.227,0.415,0.489,0.773,1
Cirsiliol,COc1cc2oc(-c3ccc(O)c(O)c3)cc(=O)c2c(O)c1OC,0.933,0.723,0.706,0.613,0.673,0.467,0.574,1
Dracorubin,COc1cc2oc3c(C)c(=O)cc4oc(-c5ccccc5)cc(c2c2c1CC[C@@H](c1ccccc1)O2)c43,0.583,0.502,0.527,0.427,0.553,0.459,0.455,1
4'-Demethyldeoxypodophyllotoxin,COc1cc([C@@H]2c3cc4c(cc3C[C@H]3COC(=O)[C@@H]32)OCO4)cc(OC)c1O,0.395,0.561,0.58,0.3,0.523,0.463,0.438,1
nobilin D,COc1cc(CC(O)c2cc(OC)c(O)c(OC)c2)ccc1O,0.332,0.444,0.533,0.249,0.331,0.363,0.451,1
"3,6,7-Trihydroxy-2-(4-hydroxy-3-methoxyphenyl)chromen-4-one",COc1cc(-c2oc3cc(O)c(O)cc3c(=O)c2O)ccc1O,0.807,0.613,0.523,0.44,0.424,0.6,0.529,1
13-Cyclopentyltridecanoic acid,O=C(O)CCCCCCCCCCCCC1CCCC1,0.2,0.263,0.44,0.358,0.441,0.645,0.414,1
"beta-D-Glucopyranosiduronic acid, 2-(3,4-dihydroxyphenyl)-5-hydroxy-6-methoxy-4-oxo-4H-1-benzopyran-7-yl, methyl ester",COC(=O)[C@H]1O[C@@H](Oc2cc3oc(-c4ccc(O)c(O)c4)cc(=O)c3c(O)c2OC)[C@H](O)[C@@H](O)[C@@H]1O,0.703,0.613,0.593,0.473,0.563,0.33,0.415,1
3'-Methoxypongapin,COc1cc(-c2oc3c(ccc4occc43)c(=O)c2OC)cc2c1OCO2,0.813,0.381,0.41,0.337,0.387,0.63,0.453,1
Epiberberine,COc1cc2c(cc1OC)-c1cc3ccc4c(c3c[n+]1CC2)OCO4,0.563,0.527,0.59,0.587,0.74,0.653,0.552,1
2-methoxy-1-(3-methylbut-2-enoxy)-4-[(E)-prop-1-enyl]benzene,C/C=C/c1ccc(OCC=C(C)C)c(OC)c1,0.383,0.437,0.547,0.36,0.477,0.64,0.429,1
Glabrachromene I,COc1cc2c(c(O)c1C(=O)/C=C/c1ccc3c(c1)OCO3)C=CC(C)(C)O2,0.493,0.543,0.52,0.469,0.629,0.367,0.429,1
Nevadensin,COc1ccc(-c2cc(=O)c3c(O)c(OC)c(O)c(OC)c3o2)cc1,0.87,0.617,0.626,0.38,0.524,0.307,0.453,1
Diginatigenin,C[C@]12CC[C@H](O)C[C@H]1CC[C@@H]1[C@@H]2C[C@@H](O)[C@]2(C)[C@@H](C3=CC(=O)OC3)[C@@H](O)C[C@]12O,0.343,0.433,0.48,0.32,0.391,0.427,0.411,1
"2,6-Dimethylnaphthalene",Cc1ccc2cc(C)ccc2c1,0.16,0.273,0.643,0.415,0.332,0.333,1.0,1
Anatabine,C1=CC[C@@H](c2cccnc2)NC1,0.487,0.363,0.46,0.446,0.394,0.53,0.444,1
Lansiumamide A,O=C(/C=C/c1ccccc1)NC=Cc1ccccc1,0.613,0.343,0.463,0.359,0.432,0.399,0.571,1
"5,7-Dihydroxy-3,3',4',5'-tetramethoxyflavone",COc1cc(-c2oc3cc(O)cc(O)c3c(=O)c2OC)cc(OC)c1OC,0.877,0.5,0.55,0.347,0.217,0.567,0.833,1
Isoorientin,O=c1cc(-c2ccc(O)c(O)c2)oc2cc(O)c([C@@H]3O[C@H](CO)[C@@H](O)[C@H](O)[C@H]3O)c(O)c12,0.64,0.54,0.501,0.417,0.513,0.33,0.482,1
Oxomatairesinol,COc1cc(C[C@H]2C(=O)OC[C@@H]2C(=O)c2ccc(O)c(OC)c2)ccc1O,0.3,0.522,0.487,0.22,0.542,0.623,0.654,1
Glucoscillaren A,C[C@@H]1O[C@@H](O[C@@H]2C=C3CC[C@@H]4[C@H](CC[C@]5(C)[C@@H](c6ccc(=O)oc6)CC[C@]45O)[C@@]3(C)CC2)[C@H](O)[C@H](O)[C@H]1O[C@@H]1O[C@H](CO)[C@@H](O[C@@H]2O[C@H](CO)[C@@H](O)[C@H](O)[C@H]2O)[C@H](O)[C@H]1O,0.393,0.566,0.597,0.447,0.463,0.413,0.422,1
3-Methoxybenzoic acid,COc1cccc(C(=O)O)c1,0.463,0.457,0.297,0.202,0.317,0.623,0.605,1
Aurentiacin,COc1cc(OC)c(C(=O)/C=C/c2ccccc2)c(O)c1C,0.637,0.347,0.353,0.406,0.486,0.36,0.688,1
5-Hydroxy-1-(4-hydroxy-3-methoxyphenyl)undecan-3-one,CCCCCCC(O)CC(=O)CCc1ccc(O)c(OC)c1,0.037,0.89,0.913,0.02,0.423,0.627,0.574,1
Dihydrowogonin,COc1c(O)cc(O)c2c1OC(c1ccccc1)CC2=O,0.57,0.425,0.437,0.397,0.362,0.46,0.519,1
Dihydromorelloflavone,O=C1CC(c2ccc(O)c(O)c2)Oc2c1c(O)cc(O)c2C1C(=O)c2c(O)cc(O)cc2OC1c1ccc(O)cc1,0.27,0.39,0.287,0.289,0.483,0.523,0.63,1
N-Methylphenethylamine,CNCCc1ccccc1,0.573,0.38,0.657,0.857,0.434,0.52,0.424,1
5-Hydroxy-2-(2-phenylethyl)chromen-4-one,O=c1cc(CCc2ccccc2)oc2cccc(O)c12,0.717,0.52,0.527,0.323,0.437,0.543,0.561,1
Arachidin-3,CC(C)/C=C/c1c(O)cc(/C=C/c2ccc(O)cc2)cc1O,0.477,0.673,0.677,0.507,0.638,0.257,0.5,1
Mikanin,COc1ccc(-c2oc3cc(OC)c(OC)c(O)c3c(=O)c2O)cc1,0.88,0.587,0.65,0.357,0.44,0.533,0.58,1
3-Methoxybenzaldehyde,COc1cccc(C=O)c1,0.617,0.417,0.46,0.4,0.388,0.567,0.475,1
Liquiritigenin,O=C1C[C@@H](c2ccc(O)cc2)Oc2cc(O)ccc21,0.253,0.4,0.293,0.283,0.475,0.45,0.511,1
Clitorin,C[C@@H]1O[C@@H](OC[C@H]2O[C@@H](Oc3c(-c4ccc(O)cc4)oc4cc(O)cc(O)c4c3=O)[C@H](O[C@@H]3O[C@@H](C)[C@H](O)[C@@H](O)[C@H]3O)[C@@H](O)[C@@H]2O)[C@H](O)[C@H](O)[C@H]1O,0.55,0.483,0.487,0.29,0.157,0.366,0.775,1
Dicaffeoylputrescine,O=C(/C=C/c1ccc(O)c(O)c1)NCCCCNC(=O)/C=C/c1ccc(O)c(O)c1,0.32,0.423,0.42,0.432,0.412,0.497,0.404,1
Diphenylamine,c1ccc(Nc2ccccc2)cc1,0.673,0.444,0.651,0.767,0.303,0.523,0.5,1
"(1S)-((2R,4S,5R)-5-Ethylquinuclidin-2-yl)(quinolin-4-yl)methanol",CC[C@H]1CN2CC[C@H]1C[C@@H]2[C@@H](O)c1ccnc2ccccc12,0.383,0.377,0.385,0.643,0.437,0.646,0.522,1
Guaiacin,COc1cc([C@H]2c3cc(O)c(OC)cc3C[C@@H](C)[C@@H]2C)ccc1O,0.333,0.405,0.463,0.293,0.327,0.552,0.633,1
Iriskashmirianin,COc1cc(-c2coc3cc4c(c(OC)c3c2=O)OCO4)ccc1O,0.607,0.638,0.597,0.353,0.563,0.79,0.525,1
Justicidin F,COc1c2c(c(-c3ccc4c(c3)OCO4)c3cc4c(cc13)OCO4)C(=O)OC2,0.614,0.507,0.53,0.33,0.533,0.503,0.4,1
Cubebin,O[C@H]1OC[C@H](Cc2ccc3c(c2)OCO3)[C@H]1Cc1ccc2c(c1)OCO2,0.537,0.462,0.577,0.06,0.947,0.467,1.0,1
Stercurensin,COc1cc(O)c(C)c(O)c1C(=O)/C=C/c1ccccc1,0.637,0.397,0.433,0.482,0.502,0.363,0.64,1
Vanillin,COc1cc(C=O)ccc1O,0.313,0.517,0.387,0.367,0.221,0.64,0.583,1
Glychionide A,O=C(O)[C@H]1O[C@@H](Oc2cc(O)c3c(=O)cc(-c4ccccc4)oc3c2O)[C@H](O)[C@@H](O)[C@@H]1O,0.713,0.542,0.47,0.41,0.439,0.297,0.407,1
Syriogenin,C[C@]12CC[C@H](O)C[C@@H]1CC[C@@H]1[C@@H]2C[C@@H](O)[C@]2(C)[C@@H](C3=CC(=O)OC3)CC[C@]12O,0.307,0.395,0.492,0.313,0.368,0.397,0.478,1
"1,24-Tetracosanediol diferulate",COc1cc(/C=C/C(=O)OCCCCCCCCCCCCCCCCCCCCCCCCOC(=O)/C=C/c2ccc(O)c(OC)c2)ccc1O,0.253,0.563,0.427,0.457,0.353,0.803,0.6,1
"Quercetin 7,4'-diglucoside",O=c1c(O)c(-c2ccc(O[C@@H]3O[C@H](CO)[C@@H](O)[C@H](O)[C@H]3O)c(O)c2)oc2cc(O[C@@H]3O[C@H](CO)[C@@H](O)[C@H](O)[C@H]3O)cc(O)c12,0.637,0.397,0.435,0.453,0.338,0.363,0.516,1
Assafoetidnol A,C=C1C[C@@H](O)[C@@H]2C(C)(C)[C@H](O)CC[C@@]2(C)[C@H]1COc1ccc2ccc(=O)oc2c1,0.479,0.523,0.509,0.419,0.423,0.44,0.417,1
7-Oxostigmasterol,CC[C@@H](/C=C/[C@@H](C)[C@H]1CC[C@H]2[C@@H]3C(=O)C=C4C[C@@H](O)CC[C@]4(C)[C@H]3CC[C@]12C)C(C)C,0.33,0.434,0.563,0.363,0.496,0.525,0.446,1
4-Ethoxybenzoic acid,CCOc1ccc(C(=O)O)cc1,0.223,0.137,0.267,0.19,0.233,0.563,0.413,1
Nelumboside,O=C(O)[C@H]1O[C@@H](Oc2c(-c3ccc(O)c(O)c3)oc3cc(O)cc(O)c3c2=O)[C@H](O)[C@@H](O)[C@@H]1O[C@@H]1O[C@H](CO)[C@@H](O)[C@H](O)[C@H]1O,0.55,0.441,0.477,0.593,0.236,0.267,0.628,1
1'-Acetoxychavicol acetate,C=C[C@H](OC(C)=O)c1ccc(OC(C)=O)cc1,0.337,0.419,0.323,0.367,0.388,0.46,0.432,1
2-Phenylbenzaldehyde,O=Cc1ccccc1-c1ccccc1,0.51,0.423,0.389,0.317,0.423,0.387,0.423,1
Astilbin,C[C@@H]1O[C@@H](O[C@H]2C(=O)c3c(O)cc(O)cc3O[C@@H]2c2ccc(O)c(O)c2)[C@H](O)[C@H](O)[C@H]1O,0.39,0.46,0.41,0.333,0.37,0.437,0.426,1
Silidianin,COc1cc([C@@H]2[C@H]3CO[C@@]4(O)C(=O)[C@@H]2C=C([C@H]2Oc5cc(O)cc(O)c5C(=O)[C@@H]2O)[C@@H]34)ccc1O,0.4,0.549,0.477,0.393,0.42,0.597,0.519,1
Sideritoflavone,COc1c(OC)c(O)c2c(=O)cc(-c3ccc(O)c(O)c3)oc2c1OC,0.877,0.547,0.559,0.387,0.474,0.177,0.532,1
Cniforin A,CC(=O)OC(C)(C)[C@H]1Oc2ccc3ccc(=O)oc3c2[C@H]1OC(=O)C(C)C,0.383,0.5,0.5,0.373,0.6,0.527,0.424,1
"6,7-Dihydroxy-8-methoxycoumarin",COc1c(O)c(O)cc2ccc(=O)oc12,0.815,0.61,0.623,0.417,0.396,0.34,0.605,1
Acronylin,COc1c(CC=C(C)C)c(O)cc(O)c1C(C)=O,0.41,0.397,0.463,0.267,0.373,0.282,0.429,1
Iristectorin A,COc1ccc(-c2coc3cc(O[C@@H]4O[C@H](CO)[C@@H](O)[C@H](O)[C@H]4O)c(OC)c(O)c3c2=O)cc1O,0.583,0.521,0.497,0.463,0.403,0.573,0.449,1
"Methyl (12R,14S,15Z)-15-ethylidene-3,17-diazapentacyclo[12.3.1.02,10.04,9.012,17]octadeca-2(10),4,6,8-tetraene-13-carboxylate",CC=C1CN2C3C[C@H]1C(C(=O)OC)[C@H]2Cc1c3[nH]c2ccccc12,0.362,0.48,0.44,0.45,0.485,0.543,0.479,1
Tachioside,COc1cc(O[C@@H]2O[C@H](CO)[C@@H](O)[C@H](O)[C@H]2O)ccc1O,0.477,0.515,0.567,0.307,0.188,0.48,0.405,1
Campest-4-en-3-one,CC(C)[C@H](C)CC[C@@H](C)[C@H]1CC[C@H]2[C@@H]3CCC4=CC(=O)CC[C@]4(C)[C@H]3CC[C@]12C,0.35,0.467,0.583,0.337,0.579,0.442,0.464,1
Coriandrin,COc1c2ccoc2cc2cc(C)oc(=O)c12,0.757,0.623,0.663,0.482,0.587,0.42,0.522,1
1-Hydroxy-7-methoxyxanthone,COc1ccc2oc3cccc(O)c3c(=O)c2c1,0.793,0.65,0.577,0.32,0.412,0.567,0.468,1
Aromadendrin,O=C1c2c(O)cc(O)cc2O[C@H](c2ccc(O)cc2)[C@H]1O,0.4,0.461,0.33,0.244,0.53,0.43,0.544,1
Isovanillin,COc1ccc(C=O)cc1O,0.407,0.313,0.413,0.303,0.332,0.663,0.588,1
Alfalone,COc1ccc(-c2coc3cc(OC)c(O)cc3c2=O)cc1,0.707,0.54,0.45,0.308,0.423,0.67,0.592,1
Cassiamin A,Cc1cc2c(c(O)c1-c1c(C)cc3c(c1O)C(=O)c1c(O)cc(O)cc1C3=O)C(=O)c1c(O)cccc1C2=O,0.713,0.597,0.613,0.442,0.501,0.407,0.432,1
Citromitin,COc1ccc(C2CC(=O)c3c(OC)c(OC)c(OC)c(OC)c3O2)cc1OC,0.297,0.383,0.402,0.263,0.46,0.55,0.411,1
Catharine,CC/C1=C/N(C=O)CCc2c([nH]c3ccccc23)[C@@](C(=O)OC)(c2cc3c(cc2OC)N(C)[C@H]2[C@@](O)(C(=O)OC)[C@H](OC(C)=O)[C@]4(CC)C=CCN5CC[C@]32[C@@H]54)CC(=O)C1,0.407,0.507,0.537,0.458,0.447,0.388,0.701,1
Voacamine,C/C=C1/CN(C)[C@@H]2Cc3c([nH]c4ccccc34)[C@@H](c3cc4[nH]c5c(c4cc3OC)CCN3C[C@H]4C[C@H](CC)[C@H]3[C@@]5(C(=O)OC)C4)C[C@@H]1C2C(=O)OC,0.415,0.5,0.407,0.517,0.542,0.369,0.429,1
Corotoxigenin,C[C@]12CC[C@H]3[C@@H](CC[C@H]4C[C@@H](O)CC[C@@]43C=O)[C@@]1(O)CC[C@@H]2C1=CC(=O)OC1,0.327,0.512,0.577,0.353,0.371,0.447,0.479,1
Kanjone,COc1cc2c(=O)cc(-c3ccccc3)oc2c2ccoc12,0.94,0.5,0.569,0.537,0.527,0.433,0.51,1
Vaginidin,CC(C)CC(=O)O[C@@H]1c2c(ccc3ccc(=O)oc23)O[C@@H]1C(C)(C)O,0.367,0.437,0.453,0.363,0.399,0.451,0.409,1
Combretol,COc1cc(O)c2c(=O)c(OC)c(-c3cc(OC)c(OC)c(OC)c3)oc2c1,0.85,0.56,0.59,0.287,0.313,0.407,0.8,1
Rhein,O=C(O)c1cc(O)c2c(c1)C(=O)c1cccc(O)c1C2=O,0.494,0.563,0.423,0.332,0.376,0.393,0.415,1
Khellinol,COc1c2occc2c(O)c2c(=O)cc(C)oc12,0.867,0.797,0.777,0.605,0.757,0.327,0.78,1
"Stilbene-3,4'-diol",Oc1ccc(/C=C/c2cccc(O)c2)cc1,0.757,0.613,0.703,0.547,0.753,0.177,0.516,1
Catharosine,CC[C@]12C=CCN3CC[C@@]4(c5ccccc5N(C)[C@H]4[C@@](O)(C(=O)OC)[C@@H]1O)[C@@H]32,0.43,0.463,0.61,0.514,0.55,0.541,0.457,1
"methyl (1R,2S,3R,6R,13R,14R,15R,16S,17S)-3-[(E)-4-acetyloxy-3,4-dimethylpent-2-enoyl]oxy-15,16-dihydroxy-9,13-dimethyl-4,10-dioxo-5,18-dioxapentacyclo[12.5.0.01,6.02,17.08,13]nonadeca-8,11-diene-17-ca",COC(=O)[C@@]12OC[C@@]34[C@@H](CC5=C(C)C(=O)C=C[C@]5(C)[C@H]3[C@@H](O)[C@@H]1O)OC(=O)[C@H](OC(=O)/C=C(\C)C(C)(C)OC(C)=O)[C@@H]24,0.333,0.463,0.507,0.27,0.517,0.458,0.473,1
Corydaline,COc1cc2c(cc1OC)[C@H]1[C@@H](C)c3ccc(OC)c(OC)c3CN1CC2,0.367,0.397,0.417,0.406,0.43,0.728,0.403,1
Dillanoside,COc1ccc2ccc3oc4cc(O[C@@H]5O[C@H](CO)[C@@H](O)[C@H](O)[C@H]5O)cc(O)c4c(=O)c3c2c1,0.65,0.527,0.541,0.443,0.38,0.423,0.407,1
Abiesin,COc1ccc(-c2oc3cc(O)c(-c4cc(-c5cc(=O)c6c(O)cc(OC)cc6o5)ccc4OC)cc3c(=O)c2O)cc1,0.893,0.67,0.597,0.477,0.507,0.457,0.5,1
Yadanzioside H,COC(=O)[C@@]12OC[C@]34[C@H]([C@@H](O)[C@@H]1O)[C@@]1(C)[C@H](O)[C@@H](O[C@@H]5O[C@H](CO)[C@@H](O)[C@H](O)[C@H]5O)C=C(C)[C@@H]1C[C@H]3OC(=O)[C@H](OC(=O)CC(C)C)[C@@H]24,0.363,0.457,0.443,0.316,0.431,0.437,0.45,1
Pipericide,CC(C)NC(=O)/C=C/C=C/CCCC/C=C/c1ccc2c(c1)OCO2,0.41,0.482,0.373,0.468,0.56,0.553,0.407,1
"(6R,7S,8S)-8-(1,3-benzodioxol-5-yl)-3-methoxy-6,7-dimethyl-5,6,7,8-tetrahydronaphthalen-2-ol",COc1cc2c(cc1O)[C@H](c1ccc3c(c1)OCO3)[C@@H](C)[C@H](C)C2,0.463,0.468,0.547,0.41,0.465,0.503,0.492,1
Tambulol,COc1ccc(-c2oc3c(O[C@@H]4O[C@H](CO)[C@@H](O)[C@H](O)[C@H]4O)c(OC)cc(O)c3c(=O)c2O)cc1OC,0.67,0.487,0.508,0.4,0.377,0.71,0.482,1
Laxanthone II,COc1cc2c(=O)c3c(O)cc(OC(C)=O)cc3oc2cc1OC(C)=O,0.693,0.42,0.53,0.32,0.38,0.517,0.456,1
Trichodesmin,Oc1ccc(-c2ccc(Cl)cc2)cc1Cl,0.597,0.48,0.737,0.604,0.489,0.203,0.44,1
Apigenin-4'-o-(6-o-malonyl-beta-d-glucoside)-7-o-beta-d-glucuronide,O=C(O)CC(=O)OC[C@H]1O[C@@H](Oc2ccc(-c3cc(=O)c4c(O)cc(O[C@@H]5O[C@H](C(=O)O)[C@@H](O)[C@H](O)[C@H]5O)cc4o3)cc2)[C@H](O)[C@@H](O)[C@@H]1O,0.633,0.533,0.492,0.483,0.443,0.287,0.427,1
"Flavone,5,8-dihydroxy-7,4?-dimethoxy flavone",COc1ccc(-c2cc(=O)c3c(O)cc(OC)c(O)c3o2)cc1,0.843,0.537,0.559,0.373,0.417,0.39,0.529,1
Jeediflavanone,O=C1CC(c2ccc(O)c(-c3c(O)cc(O)c4c3OC(c3ccc(O)c(O)c3)CC4=O)c2)Oc2cc(O)cc(O)c21,0.157,0.214,0.24,0.168,0.41,0.35,0.8,1
Isopongaglabol,COc1ccc(-c2cc(=O)c3ccc4occc4c3o2)cc1,0.943,0.41,0.412,0.322,0.423,0.33,0.521,1
Podophyllol,COc1cc([C@@H]2c3cc4c(cc3[C@H](O)[C@@H](CO)[C@@H]2CO)OCO4)cc(OC)c1OC,0.488,0.56,0.617,0.249,0.582,0.74,0.443,1
Laxanthone III,COc1cc(O)c2c(=O)c3cc(OC)c(OC(C)=O)cc3oc2c1,0.71,0.467,0.517,0.32,0.39,0.453,0.509,1
"2,3-Didemethyl-n-deacetylcolchicine",COc1c(O)c(O)cc2c1-c1ccc(OC)c(=O)cc1[C@@H](N)CC2,0.448,0.45,0.49,0.35,0.382,0.508,0.541,1
"3,3'-Di-o-galloyl-prodelphinidin",O=C(O[C@@H]1[C@@H](c2c(O)cc3c(c2O)C[C@@H](OC(=O)c2cc(O)c(O)c(O)c2)[C@@H](c2cc(O)c(O)c(O)c2)O3)c2c(O)cc(O)cc2O[C@@H]1c1cc(O)c(O)c(O)c1)c1cc(O)c(O)c(O)c1,0.357,0.4,0.383,0.328,0.393,0.8,0.403,1
Beta-hydroplumbagin,CC1CC(=O)c2c(O)cccc2C1=O,0.552,0.542,0.493,0.414,0.414,0.453,0.41,1
Aliarin,COc1c(O)cc2oc(-c3ccc(O)c(CCC(C)CO)c3)c(OC)c(=O)c2c1O,0.585,0.517,0.553,0.476,0.447,0.44,0.459,1
"5alpha-Stigmastane-3,6-dione",CC[C@H](CC[C@@H](C)[C@H]1CC[C@H]2[C@@H]3CC(=O)[C@H]4CC(=O)CC[C@]4(C)[C@H]3CC[C@]12C)C(C)C,0.38,0.47,0.471,0.388,0.421,0.587,0.522,1
Arjunolone,COc1cc2oc(-c3ccc(O)cc3)cc(=O)c2cc1O,0.87,0.617,0.54,0.493,0.553,0.397,0.583,1
Lupisoflavone,COc1cc(-c2coc3cc(O)c(CC=C(C)C)c(O)c3c2=O)ccc1O,0.597,0.664,0.53,0.33,0.44,0.537,0.542,1
nectandrin A,COc1cc([C@H]2O[C@@H](c3ccc(OC)c(OC)c3)[C@H](C)[C@@H]2C)ccc1O,0.423,0.474,0.613,0.237,0.247,0.673,0.411,1
Conyzatin,COc1cc(-c2oc3c(OC)c(O)cc(O)c3c(=O)c2OC)cc(OC)c1OC,0.817,0.51,0.61,0.33,0.37,0.55,0.551,1
1-O-feruloyl-beta-D-glucose,COc1cc(/C=C/C(=O)O[C@@H]2O[C@H](CO)[C@@H](O)[C@H](O)[C@H]2O)ccc1O,0.307,0.543,0.5,0.417,0.25,0.677,0.482,1
3-Methoxyflavone,COc1c(-c2ccccc2)oc2ccccc2c1=O,0.833,0.677,0.68,0.487,0.433,0.57,0.581,1
Ovalichalcone,COc1cc(OC)c(C(=O)/C=C/c2ccccc2)c(O)c1CC=C(C)C,0.55,0.377,0.48,0.436,0.48,0.157,1.0,1
"8-Prenyl-5,7-dimethoxyflavanone",COc1cc(OC)c2c(c1CC=C(C)C)OC(c1ccccc1)CC2=O,0.347,0.39,0.42,0.319,0.397,0.373,0.424,1
Pongachromene,COc1c(-c2ccc3c(c2)OCO3)oc2c3c(ccc2c1=O)OC(C)(C)C=C3,0.713,0.48,0.483,0.304,0.457,0.447,0.446,1
Cerasidin,COc1ccc(/C=C/C(=O)c2c(O)cc(OC)cc2OC)c(OC)c1,0.667,0.483,0.45,0.457,0.537,0.327,0.596,1
Viscumiside A,COc1cc(C2CC(=O)c3c(O)cc(OC4OC(CO)C(O)C(O)C4O)cc3O2)ccc1O,0.192,0.458,0.34,0.3,0.375,0.423,0.5,1
"5,7,4'-Trihydroxy-3,8-dimethoxyflavone",COc1c(-c2ccc(O)cc2)oc2c(OC)c(O)cc(O)c2c1=O,0.873,0.59,0.59,0.513,0.368,0.29,0.682,1
Karanjachromene,COc1c(-c2ccccc2)oc2c3c(ccc2c1=O)OC(C)(C)C=C3,0.753,0.61,0.627,0.573,0.511,0.46,0.577,1
"2,3,4,9-tetrahydro-1H-pyrido[3,4-b]indole-1-carboxylic acid",O=C(O)C1NCCc2c1[nH]c1ccccc21,0.458,0.425,0.35,0.437,0.477,0.594,0.429,1
Regholarrhenine F,C[C@@H]([C@H]1CC[C@H]2[C@@H]3CC=C4C[C@@H](N(C)C)CC[C@]4(C)[C@H]3CC[C@]12CO)N(C)C,0.284,0.38,0.49,0.37,0.423,0.507,0.417,1
Ponganone VII,COc1ccc(C(=O)CCc2ccc3c(c2)OCO3)c(OC)c1,0.567,0.467,0.441,0.32,0.714,0.715,0.44,1
Citrunobin,COc1cc(O)c(C(=O)/C=C/c2ccc(O)cc2)c2c1C=CC(C)(C)O2,0.437,0.505,0.51,0.526,0.658,0.38,0.431,1
Chrysoeriol glucuronide,COc1cc(-c2cc(=O)c3c(O)cc(O[C@@H]4O[C@H](C(=O)O)[C@@H](O)[C@H](O)[C@H]4O)cc3o2)ccc1O,0.673,0.618,0.507,0.433,0.367,0.303,0.44,1
"(7R,8S)-8-(4-Hydroxy-3-methoxyphenyl)-3-methoxy-6,7-dimethyl-7,8-dihydronaphthalen-2-ol",COc1cc(C2c3cc(O)c(OC)cc3C=C(C)C2C)ccc1O,0.427,0.449,0.583,0.267,0.31,0.439,0.481,1
Gossypetin hexamethyl ether,COc1ccc(-c2oc3c(OC)c(OC)cc(OC)c3c(=O)c2OC)cc1OC,0.817,0.527,0.513,0.38,0.41,0.417,0.58,1
Sinensetin,COc1ccc(-c2cc(=O)c3c(OC)c(OC)c(OC)cc3o2)cc1OC,0.91,0.687,0.69,0.565,0.67,0.887,0.614,1
8-hydroxy-7-methoxy-2H-chromen-2-one,COc1ccc2ccc(=O)oc2c1O,0.653,0.567,0.547,0.415,0.287,0.333,0.439,1
"6-[(2R,3R)-3-[(3,4-dimethoxyphenyl)methyl]-4-methoxy-2-(methoxymethyl)butyl]-4-methoxy-1,3-benzodioxole",COC[C@H](Cc1cc(OC)c2c(c1)OCO2)[C@@H](COC)Cc1ccc(OC)c(OC)c1,0.347,0.418,0.5,0.26,0.747,0.68,0.528,1
Taxifolin-3-glucoside,O=C1c2c(O)cc(O)cc2O[C@H](c2ccc(O)c(O)c2)[C@H]1O[C@@H]1O[C@H](CO)[C@@H](O)[C@H](O)[C@H]1O,0.393,0.496,0.407,0.387,0.34,0.48,0.486,1
Arctinal,CC#Cc1ccc(-c2ccc(C=O)s2)s1,0.51,0.377,0.48,0.336,0.427,0.453,0.4,1
Kusunokinol,COc1ccc(CC2COC(O)C2Cc2ccc(OC)c(OC)c2)cc1OC,0.35,0.375,0.567,0.127,0.423,0.613,0.673,1
Swietenocoumarin G,COc1c2ccoc2c(/C=C/C(C)(C)O)c2oc(=O)ccc12,0.603,0.717,0.67,0.623,0.687,0.388,0.431,1
Bavachin,CC(C)=CCc1cc2c(cc1O)O[C@H](c1ccc(O)cc1)CC2=O,0.243,0.362,0.427,0.29,0.481,0.387,0.417,1
[7]-Paradol,CCCCCCCCC(=O)CCc1ccc(O)c(OC)c1,0.153,0.263,0.837,0.07,0.201,0.627,0.66,1
Stigmasterol 3-palmitate,CCCCCCCCCCCCCCCC(=O)O[C@H]1CC[C@@]2(C)C(=CC[C@H]3[C@@H]4CC[C@H]([C@H](C)/C=C/[C@@H](CC)C(C)C)[C@@]4(C)CC[C@@H]32)C1,0.37,0.45,0.51,0.41,0.424,0.67,0.451,1
Codisterol,C=C(C)[C@@H](C)CC[C@@H](C)[C@H]1CC[C@H]2[C@@H]3CC=C4C[C@@H](O)CC[C@]4(C)[C@H]3CC[C@]12C,0.303,0.377,0.492,0.227,0.322,0.653,0.746,1
Puddumin-A,COc1cc(O[C@@H]2O[C@H](CO)[C@@H](O)[C@H](O)[C@H]2O)cc2c1C(=O)C[C@@H](c1ccc(O)cc1)O2,0.302,0.375,0.327,0.354,0.45,0.37,0.47,1
"4-[(2S,3S,4R,5R)-5-(4-hydroxy-3-methoxyphenyl)-3,4-dimethyloxolan-2-yl]-2,6-dimethoxyphenol",COc1cc([C@@H]2O[C@H](c3cc(OC)c(O)c(OC)c3)[C@@H](C)[C@H]2C)ccc1O,0.46,0.559,0.659,0.21,0.193,0.47,0.404,1
Prasanthaline,COc1ccc(CC(COC(C)=O)/C(=C/c2ccc3c(c2)OCO3)COC(C)=O)cc1OC,0.363,0.472,0.47,0.407,0.683,0.62,0.424,1
Mesuaferrone A,O=C1C[C@@H](c2ccc(O)cc2)Oc2c1c(O)cc(O)c2-c1c(O)cc(O)c2c1O[C@H](c1ccc(O)cc1)CC2=O,0.24,0.362,0.327,0.254,0.445,0.323,0.545,1
Pabularinone,CC(C)C(=O)COc1c2occc2cc2ccc(=O)oc12,0.59,0.465,0.407,0.453,0.475,0.317,0.6,1
Galluflavanone,O=C1C[C@@H](c2cc(O)c(O)c(-c3c(O)ccc4c3O[C@H](c3cc(O)c(O)c(O)c3)CC4=O)c2)Oc2cc(O)ccc21,0.29,0.435,0.333,0.3,0.492,0.49,0.464,1
[10]-Gingerdione,CCCCCCCCCC(=O)CC(=O)CCc1ccc(O)c(OC)c1,0.173,0.32,0.723,0.127,0.248,0.633,0.633,1
Iriskumaonin methyl ether,COc1ccc(-c2coc3cc4c(c(OC)c3c2=O)OCO4)cc1OC,0.577,0.623,0.54,0.33,0.59,0.833,0.554,1
6-Hydroxyquinoline,Oc1ccc2ncccc2c1,0.557,0.46,0.492,0.413,0.585,0.375,0.439,1
3-Demethyldemecolcine,CN[C@H]1CCc2cc(O)c(OC)c(OC)c2-c2ccc(OC)c(=O)cc21,0.435,0.364,0.463,0.427,0.397,0.45,0.667,1
isogemichalcone C,COc1cc(/C=C/C(=O)OC/C(C)=C/Cc2c(O)ccc(C(=O)/C=C/c3ccc(O)cc3O)c2O)ccc1O,0.45,0.574,0.573,0.527,0.6,0.51,0.433,1
Echinaticin,O=C(/C=C/c1ccc(O)cc1)O[C@H]1[C@H](O)[C@@H](O)[C@H](Oc2cc(O)c3c(=O)cc(-c4ccc(O)cc4)oc3c2)O[C@@H]1CO,0.607,0.533,0.491,0.463,0.493,0.363,0.5,1
Coeloginin,COc1c(OC)c2c3c(c1O)c(=O)oc1cc(O)cc(c13)CC2,0.58,0.467,0.547,0.34,0.39,0.45,0.411,1
Acanthotoxin,OC1OCC(=Cc2ccc3c(c2)OCO3)C1Cc1ccc2c(c1)OCO2,0.54,0.572,0.59,0.34,0.737,0.413,0.49,1
"5,7-Dihydroxy-4'-methoxy-8,3'-di-C-prenylflavanone",COc1ccc(C2CC(=O)c3c(O)cc(O)c(CC=C(C)C)c3O2)cc1CC=C(C)C,0.207,0.407,0.464,0.203,0.386,0.37,0.415,1
Neosakuranin,COc1cc(O)c(C(=O)/C=C/c2ccc(O)cc2)c(OC2OC(CO)C(O)C(O)C2O)c1,0.44,0.515,0.487,0.523,0.467,0.333,0.493,1
"3',4'-Dimethoxyacetophenone",COc1ccc(C(C)=O)cc1OC,0.307,0.193,0.19,0.197,0.368,0.733,0.424,1
Stigmasterone,CC[C@H](/C=C/[C@@H](C)[C@H]1CC[C@H]2[C@@H]3CC=C4CC(=O)CC[C@]4(C)[C@H]3CC[C@]12C)C(C)C,0.34,0.437,0.603,0.34,0.506,0.562,0.466,1
Ophiopogonone B,COc1ccc(Cc2coc3cc(O)c(C)c(O)c3c2=O)cc1,0.537,0.506,0.527,0.357,0.49,0.573,0.464,1
Antiarone E,COc1c(CC=C(C)C)cc(/C=C/C(=O)c2c(O)cc(O)cc2O)c(CC=C(C)C)c1O,0.477,0.433,0.48,0.323,0.493,0.3,0.559,1
"3,8-Dihydroxy-1-methylanthraquinone-2-carboxylic acid",Cc1c(C(=O)O)c(O)cc2c1C(=O)c1c(O)cccc1C2=O,0.581,0.56,0.467,0.366,0.404,0.477,0.442,1
Antiarone C,COc1ccc(/C=C/C(=O)c2c(O)cc(O)c(CC=C(C)C)c2O)c(CC=C(C)C)c1O,0.443,0.49,0.497,0.42,0.49,0.283,0.632,1
"(2,2'-Binaphthalene)-5,5',8,8'-tetrone, 1,1'-dihydroxy-6,6'-dimethyl-",CC1=CC(=O)c2c(ccc(-c3ccc4c(c3O)C(=O)C=C(C)C4=O)c2O)C1=O,0.69,0.497,0.663,0.487,0.565,0.423,0.625,1
6-Methoxyflavone,COc1ccc2oc(-c3ccccc3)cc(=O)c2c1,0.88,0.617,0.549,0.393,0.52,0.17,1.0,1
Taxifolin 3'-glucoside,O=C1c2c(O)cc(O)cc2O[C@H](c2ccc(O)c(O[C@@H]3O[C@H](CO)[C@@H](O)[C@H](O)[C@H]3O)c2)[C@H]1O,0.373,0.471,0.393,0.356,0.327,0.58,0.646,1
Taxifolin 7-glucoside,O=C1c2c(O)cc(O[C@@H]3O[C@H](CO)[C@@H](O)[C@H](O)[C@H]3O)cc2O[C@H](c2ccc(O)c(O)c2)[C@H]1O,0.367,0.492,0.4,0.362,0.377,0.493,0.507,1
Tetracosyl ferulate,CCCCCCCCCCCCCCCCCCCCCCCCOC(=O)/C=C/c1ccc(O)c(OC)c1,0.303,0.537,0.467,0.423,0.354,0.77,0.551,1
Milletenin C,COc1cc2oc(-c3ccc4c(c3)OCO4)cc(=O)c2cc1OC,0.783,0.53,0.59,0.447,0.593,0.67,0.5,1
"7,8-Dimethoxycoumarin",COc1ccc2ccc(=O)oc2c1OC,0.797,0.567,0.62,0.477,0.41,0.434,0.568,1
2-Acetylpyridine,CC(=O)c1ccccn1,0.607,0.223,0.383,0.247,0.352,0.603,0.415,1
Tricin arabinoside,COc1cc(-c2cc(=O)c3c(O)cc(OC4OCC(O)C(O)C4O)cc3o2)cc(OC)c1O,0.63,0.488,0.543,0.35,0.337,0.413,0.433,1
"7-Isoquinolinol, 1,2,3,4-tetrahydro-1-((4-hydroxy-3-methoxyphenyl)methyl)-6-methoxy-2-methyl-, (+-)-",COc1cc(CC2c3cc(O)c(OC)cc3CCN2C)ccc1O,0.268,0.439,0.47,0.327,0.48,0.657,0.407,1
"1,3,8-Trihydroxy-2-methylanthracene-9,10-dione",Cc1c(O)cc2c(c1O)C(=O)c1c(O)cccc1C2=O,0.667,0.663,0.613,0.389,0.491,0.427,0.487,1
Flavoyadorinin B,COc1cc(O)c2c(=O)cc(-c3ccc(O[C@@H]4O[C@H](CO)[C@@H](O)[C@H](O)[C@H]4O)c(OC)c3)oc2c1,0.737,0.56,0.563,0.512,0.372,0.503,0.463,1
3-Hydroxy-N-methyl-3-phenyl-propylamine,CNCCC(O)c1ccccc1,0.577,0.223,0.623,0.883,0.232,0.427,0.474,1
4-Fluoro-2-methoxyphenol,COc1cc(F)ccc1O,0.533,0.45,0.529,0.363,0.23,0.451,0.421,1
"3',4',5'-Trimethoxyacetophenone",COc1cc(C(C)=O)cc(OC)c1OC,0.423,0.257,0.297,0.137,0.283,0.733,0.462,1
Viscosol,COc1ccc(-c2oc3cc(O)c(OC)c(O)c3c(=O)c2OC)cc1CC=C(C)C,0.7,0.573,0.547,0.457,0.49,0.283,0.525,1
Gardenin A,COc1cc(-c2cc(=O)c3c(O)c(OC)c(OC)c(OC)c3o2)cc(OC)c1OC,0.86,0.55,0.58,0.347,0.483,0.533,0.565,1
"6-[(2S,3R,4S,5S,6R)-4,5-dihydroxy-6-(hydroxymethyl)-3-[(2S,3R,4S,5S,6R)-3,4,5-trihydroxy-6-(hydroxymethyl)oxan-2-yl]oxyoxan-2-yl]-7-hydroxy-2-(4-hydroxyphenyl)-4-oxochromen-5-olate",O=c1cc(-c2ccc(O)cc2)oc2cc(O)c([C@@H]3O[C@H](CO)[C@@H](O)[C@H](O)[C@H]3O[C@@H]3O[C@H](CO)[C@@H](O)[C@H](O)[C@H]3O)c([O-])c12,0.537,0.563,0.507,0.43,0.487,0.4,0.4,1
"6,7-Dimethoxy-2-methyl-1,2,3,4-tetrahydroisoquinoline",COc1cc2c(cc1OC)CN(C)CC2,0.313,0.24,0.35,0.34,0.317,0.747,0.404,1
Isorhamnetin-3-O-neohesperidoside,COc1ccc(-c2oc3cc(O)cc(O)c3c(=O)c2OC2OC(CO)C(O)C(O)C2OC2OC(C)C(O)C(O)C2O)cc1O,0.553,0.447,0.453,0.46,0.193,0.425,0.675,1
16alpha-Hydroxyprogesterone,CC(=O)[C@H]1[C@H](O)C[C@H]2[C@@H]3CCC4=CC(=O)CC[C@]4(C)[C@H]3CC[C@@]21C,0.267,0.417,0.67,0.307,0.591,0.3,0.483,1
Gloriosine,COc1cc2c(c(OC)c1OC)-c1ccc(OC)c(=O)cc1[C@@H](NC=O)CC2,0.435,0.394,0.513,0.373,0.313,0.427,0.727,1
Picroside IV,O=C(/C=C/c1ccc(O)cc1)OC[C@H]1O[C@@H](O[C@@H]2OC=C[C@H]3[C@H](O)[C@@H]4O[C@]4(CO)[C@@H]23)[C@H](O)[C@@H](O)[C@@H]1O,0.403,0.537,0.497,0.48,0.531,0.469,0.432,1
Swietenocoumarin H,CC(C)(O)/C=C/c1c2occc2cc2ccc(=O)oc12,0.56,0.547,0.553,0.49,0.468,0.327,0.5,1
Cholesteryl palmitate,CCCCCCCCCCCCCCCC(=O)O[C@H]1CC[C@@]2(C)C(=CC[C@H]3[C@@H]4CC[C@H]([C@H](C)CCCC(C)C)[C@@]4(C)CC[C@@H]32)C1,0.39,0.42,0.507,0.357,0.416,0.693,0.513,1
Muningin,COc1cc2occ(-c3ccc(O)cc3)c(=O)c2c(OC)c1O,0.73,0.657,0.51,0.4,0.493,0.567,0.528,1
Tetramethylrosamine chloride,CN(C)c1ccc2c(-c3ccccc3)c3ccc(=[N+](C)C)cc-3oc2c1.[Cl-],0.723,0.573,0.567,0.543,0.543,0.387,0.556,1
Caffeine,Cn1c(=O)c2c(ncn2C)n(C)c1=O,0.293,0.237,0.26,0.163,0.217,0.567,0.449,1
Retrofractamide C,CC(C)CNC(=O)/C=C/CCCC/C=C/c1ccc2c(c1)OCO2,0.427,0.539,0.423,0.498,0.613,0.477,0.414,1
Deacetylvindoline,CC[C@]12C=CCN3CC[C@@]4(c5ccc(OC)cc5N(C)[C@H]4[C@@](O)(C(=O)OC)[C@@H]1O)[C@@H]32,0.418,0.46,0.583,0.511,0.533,0.618,0.454,1
Antiarone D,COc1c(O)ccc(/C=C/C(=O)c2c(O)cc(O)c(CC=C(C)C)c2O)c1CC=C(C)C,0.527,0.533,0.533,0.465,0.49,0.24,0.603,1
Agehoustin A,COc1cc(-c2cc(=O)c3c(OC)c(OC)c(OC)c(OC)c3o2)c(OC)c(OC)c1OC,0.853,0.467,0.573,0.387,0.493,0.453,0.438,1
"[(2R,3S,4S,5R,6S)-3,4,5-trihydroxy-6-[5-hydroxy-2-(4-methoxyphenyl)-4-oxochromen-7-yl]oxyoxan-2-yl]methyl acetate",COc1ccc(-c2cc(=O)c3c(O)cc(O[C@@H]4O[C@H](COC(C)=O)[C@@H](O)[C@H](O)[C@H]4O)cc3o2)cc1,0.687,0.577,0.597,0.447,0.497,0.357,0.44,1
Menadione,CC1=CC(=O)c2ccccc2C1=O,0.613,0.42,0.46,0.403,0.425,0.473,0.548,1
"2(3H)-Furanone, dihydro-3-(3,4,5-trimethoxybenzyl)-4-veratryl-, trans-",COc1ccc(C[C@H]2COC(=O)[C@@H]2Cc2cc(OC)c(OC)c(OC)c2)cc1OC,0.363,0.488,0.483,0.092,0.507,0.817,0.688,1
Meliternatin,COc1c(-c2ccc3c(c2)OCO3)oc2cc3c(c(OC)c2c1=O)OCO3,0.75,0.566,0.533,0.39,0.541,0.487,0.5,1
Dihydrodehydrodiconiferyl alcohol,COc1cc([C@H]2Oc3c(OC)cc(CCCO)cc3[C@@H]2CO)ccc1O,0.313,0.486,0.509,0.233,0.212,0.61,0.576,1
Isomonospermoside,O=C1CC(c2ccc(O)c(O[C@@H]3O[C@H](CO)[C@@H](O)[C@@H](O)[C@H]3O)c2)Oc2cc(O)ccc21,0.257,0.441,0.35,0.357,0.357,0.527,0.406,1
Agecorynin C,COc1cc(OC)c(-c2cc(=O)c3c(OC)c(OC)c(OC)c(OC)c3o2)cc1OC,0.837,0.457,0.483,0.367,0.453,0.353,0.408,1
Swietenocoumarin B,COc1c2ccoc2c(CC=C(C)C)c2oc(=O)ccc12,0.84,0.737,0.743,0.703,0.747,0.206,0.44,1
Ponganone V,COc1cc2c(cc1OCC=C(C)C)C(=O)C[C@@H](c1ccc3c(c1)OCO3)O2,0.317,0.462,0.468,0.298,0.543,0.437,0.406,1
Monospermoside,O=C(/C=C/c1ccc(O)c(O[C@@H]2O[C@H](CO)[C@@H](O)[C@H](O)[C@H]2O)c1)c1ccc(O)cc1O,0.443,0.432,0.523,0.483,0.444,0.55,0.41,1
Methoxsalen,COc1c2occc2cc2ccc(=O)oc12,0.947,0.717,0.713,0.65,0.604,0.313,1.0,1
Nornicotine,c1cncc(C2CCCN2)c1,0.43,0.28,0.4,0.44,0.353,0.59,0.545,1
"2'-Hydroxy-5'-prenyl-4,4'-dimethoxychalcone",COc1ccc(/C=C/C(=O)c2cc(CC=C(C)C)c(OC)cc2O)cc1,0.443,0.413,0.543,0.587,0.44,0.438,0.537,1
Rothindin,O=c1c(-c2ccc3c(c2)OCO3)coc2cc(O[C@@H]3O[C@H](CO)[C@@H](O)[C@H](O)[C@H]3O)ccc12,0.557,0.516,0.49,0.426,0.463,0.513,0.403,1
Gigantol,COc1cc(O)cc(CCc2ccc(OC)c(O)c2)c1,0.437,0.407,0.57,0.35,0.5,0.57,0.412,1
Dehydrocorydalmine,COc1cc2c(cc1OC)-c1cc3ccc(O)c(OC)c3c[n+]1CC2,0.457,0.567,0.517,0.477,0.857,0.583,0.776,1
Sativol,COc1ccc2c(oc(=O)c3c4ccc(O)cc4oc23)c1O,0.813,0.49,0.527,0.357,0.55,0.467,0.418,1
Ladanein,COc1ccc(-c2cc(=O)c3c(O)c(O)c(OC)cc3o2)cc1,0.86,0.63,0.629,0.457,0.587,0.427,0.531,1
"4H-1-Benzopyran-4-one, 2-(3-furanyl)-",O=c1cc(-c2ccoc2)oc2ccccc12,0.807,0.483,0.497,0.37,0.483,0.49,0.476,1
Agehoustin B,COc1cc(-c2cc(=O)c3c(OC)c(OC)c(OC)cc3o2)c(OC)c(OC)c1OC,0.853,0.49,0.587,0.38,0.523,0.693,0.545,1
Kuwanon D,CC12CCC3C1C(c1cc(C4CC(=O)c5c(O)cc(O)cc5O4)c(O)cc1O2)C3(C)C,0.363,0.44,0.497,0.39,0.47,0.493,0.435,1
Oroxindin,COc1c(O[C@@H]2O[C@H](C(=O)O)[C@@H](O)[C@H](O)[C@H]2O)cc(O)c2c(=O)cc(-c3ccccc3)oc12,0.72,0.608,0.53,0.46,0.377,0.307,0.415,1
Groenlandicine,COc1cc2c(cc1O)CC[n+]1cc3c4c(ccc3cc1-2)OCO4,0.513,0.52,0.632,0.58,0.7,0.54,0.679,1
Dimethylfraxetin,COc1cc2ccc(=O)oc2c(OC)c1OC,0.817,0.55,0.647,0.457,0.413,0.417,0.622,1
Bruceantarin,COC(=O)[C@@]12OC[C@]34[C@H]([C@@H](O)[C@@H]1O)[C@@]1(C)CC(=O)C(O)=C(C)[C@@H]1C[C@H]3OC(=O)[C@H](OC(=O)c1ccccc1)[C@@H]24,0.364,0.48,0.443,0.337,0.493,0.47,0.727,1
(-)-Norargemonine,COc1cc2c(cc1O)C1Cc3cc(OC)c(OC)cc3C(C2)N1C,0.357,0.277,0.419,0.312,0.225,0.587,0.439,1
3-Desmethylcolchicine,COc1c(O)cc2c(c1OC)-c1ccc(OC)c(=O)cc1[C@@H](NC(C)=O)CC2,0.425,0.357,0.4,0.375,0.233,0.347,0.849,1
"4,5-Dimethoxyphthalic acid",COc1cc(C(=O)O)c(C(=O)O)cc1OC,0.343,0.12,0.19,0.12,0.14,0.663,0.433,1
Sorbifolin,COc1cc2oc(-c3ccc(O)cc3)cc(=O)c2c(O)c1O,0.877,0.673,0.596,0.481,0.593,0.323,0.581,1
Homodihydrocapsaicin,COc1cc(CNC(=O)CCCCCCCC(C)C)ccc1O,0.49,0.497,0.493,0.31,0.496,0.673,0.407,1
"9-(4-hydroxy-3,5-dimethoxyphenyl)-4-[3,4,5-trihydroxy-6-(hydroxymethyl)oxan-2-yl]oxy-5a,6,8a,9-tetrahydro-5H-[2]benzofuro[6,5-f][1,3]benzodioxol-8-one",COc1cc(C2c3cc4c(c(OC5OC(CO)C(O)C(O)C5O)c3CC3COC(=O)C32)OCO4)cc(OC)c1O,0.448,0.532,0.493,0.383,0.507,0.522,0.4,1
Thalifendine,COc1c(O)ccc2cc3[n+](cc12)CCc1cc2c(cc1-3)OCO2,0.58,0.583,0.579,0.633,0.673,0.469,0.625,1
Keracyanin,C[C@@H]1O[C@@H](OC[C@H]2O[C@@H](Oc3cc4c(O)cc(O)cc4[o+]c3-c3ccc(O)c(O)c3)[C@H](O)[C@@H](O)[C@@H]2O)[C@H](O)[C@H](O)[C@H]1O.[Cl-],0.523,0.446,0.565,0.434,0.309,0.449,0.551,1
Danthron,O=C1c2cccc(O)c2C(=O)c2c(O)cccc21,0.747,0.68,0.62,0.447,0.534,0.42,0.567,1
Camelliaside B,C[C@@H]1O[C@@H](OC[C@H]2O[C@@H](Oc3c(-c4ccc(O)cc4)oc4cc(O)cc(O)c4c3=O)[C@H](O[C@@H]3OC[C@@H](O)[C@H](O)[C@H]3O)[C@@H](O)[C@@H]2O)[C@H](O)[C@H](O)[C@H]1O,0.553,0.487,0.493,0.303,0.19,0.366,0.705,1
Byakangelicol,COc1c2ccoc2c(OC[C@H]2OC2(C)C)c2oc(=O)ccc12,0.737,0.75,0.74,0.693,0.66,0.413,0.431,1
Koprutin,C[C@@H]1O[C@@H](OC[C@H]2O[C@@H](Oc3c(-c4ccc(O)c(O)c4)oc4cc(O)cc([O-])c4c3=O)[C@H](O)[C@@H](O)[C@@H]2O)[C@H](O)[C@H](O)[C@H]1O.O=S(=O)(O)O.[Na+],0.54,0.51,0.467,0.44,0.22,0.353,0.806,1
3-Methoxypyridine,COc1cccnc1,0.927,0.243,0.439,0.317,0.346,0.643,0.462,1
Chalconaringenin 4'-glucoside,O=C(/C=C/c1ccc(O)cc1)c1c(O)cc(O[C@@H]2O[C@H](CO)[C@@H](O)[C@H](O)[C@H]2O)cc1O,0.44,0.492,0.46,0.508,0.478,0.29,0.447,1
"Candidin, sodium salt",CC1\C=C/C=C\C=C/C=C\C=C/C=C\C=C/C(OC2OC(C)C(O)C(N)C2O)CC2OC(O)(CC(O)C(O)CCC(=O)CC(O)CC(O)CC(=O)OC(C)C(C)C1O)CC(O)C2C(=O)[O-].[Na+],0.267,0.377,0.26,0.227,0.263,0.318,0.736,1
2-Demethylcolchicine,COc1cc2c(c(OC)c1O)-c1ccc(OC)c(=O)cc1[C@@H](NC(C)=O)CC2,0.458,0.404,0.447,0.395,0.267,0.288,0.849,1
Vinepidine sulfate,CC[C@H]1C[C@@H]2CN(CCc3c([nH]c4ccccc34)[C@@](C(=O)OC)(c3cc4c(cc3OC)N(C=O)[C@H]3[C@@](O)(C(=O)OC)[C@H](OC(C)=O)[C@]5(CC)C=CCN6CC[C@]43[C@@H]65)C2)C1.O=S(=O)(O)O,0.387,0.553,0.493,0.473,0.461,0.334,0.73,1
Sylvatesmin,COc1cc([C@H]2OC[C@H]3[C@@H]2CO[C@H]3c2ccc(OC)c(OC)c2)ccc1O,0.33,0.457,0.596,0.187,0.184,0.623,0.436,1
Pongapin,COc1c(-c2ccc3c(c2)OCO3)oc2c(ccc3occc32)c1=O,0.913,0.243,0.23,0.18,0.207,0.41,0.492,1
"Colchicine, N-methyl-",COc1cc2c(c(OC)c1OC)-c1ccc(OC)c(=O)cc1[C@@H](N(C)C(C)=O)CC2,0.425,0.443,0.423,0.338,0.44,0.5,0.672,1
"1-(2,4,5-Trimethoxyphenyl)propan-2-one",COc1cc(OC)c(OC)cc1CC(C)=O,0.413,0.197,0.28,0.047,0.093,0.65,1.0,1
"1-Allyl-2,4-dimethoxybenzene",C=CCc1ccc(OC)cc1OC,0.677,0.357,0.57,0.5,0.599,0.58,0.421,1
Demethoxysudachitin,COc1c(O)c(OC)c2oc(-c3ccc(O)cc3)cc(=O)c2c1O,0.877,0.62,0.606,0.443,0.548,0.293,0.551,1
"Furo[2,3-f]chromen-7-one",O=c1ccc2c(ccc3ccoc32)o1,0.86,0.62,0.527,0.513,0.472,0.32,0.45,1
Ammifurin,COc1c2ccoc2c(OC)c2oc(=O)ccc12.COc1c2ccoc2cc2oc(=O)ccc12,0.957,0.913,0.867,0.87,0.847,0.334,0.533,1
(-)-Neoarctin B,COc1cc(C[C@H]2COC(=O)[C@@H]2Cc2cc(OC)c(O)c(OC)c2)ccc1-c1ccc(C[C@H]2COC(=O)[C@@H]2Cc2cc(OC)c(O)c(OC)c2)cc1OC,0.297,0.437,0.463,0.078,0.633,0.57,0.826,1
Obtusifolin,COc1c(O)c(C)cc2c1C(=O)c1c(O)cccc1C2=O,0.593,0.647,0.623,0.412,0.51,0.52,0.432,1
7-Hydroxy-5-methoxy-2-phenylchroman-4-one,COc1cc(O)cc2c1C(=O)CC(c1ccccc1)O2,0.497,0.377,0.283,0.379,0.486,0.353,0.633,1
O-Methyltubulosine,CC[C@H]1CN2CCc3cc(OC)c(OC)cc3[C@@H]2C[C@@H]1C[C@H]1NCCc2c1[nH]c1ccc(OC)cc21,0.407,0.403,0.417,0.361,0.514,0.463,0.434,1
Luvangetin,COc1c2c(cc3ccc(=O)oc13)C=CC(C)(C)O2,0.79,0.617,0.653,0.577,0.474,0.32,0.522,1
Gitoxigenin,C[C@]12CC[C@H](O)C[C@H]1CC[C@@H]1[C@@H]2CC[C@]2(C)[C@@H](C3=CC(=O)OC3)[C@@H](O)C[C@]12O,0.337,0.47,0.607,0.35,0.485,0.49,0.5,1
Luteolin 7-O-glucuronide,O=C([O-])[C@H]1O[C@@H](Oc2cc(O)c3c(=O)cc(-c4ccc(O)c(O)c4)oc3c2)[C@H](O)[C@@H](O)[C@@H]1O,0.687,0.54,0.51,0.417,0.387,0.17,0.545,1
7-Methoxy-2-methyl-3-phenyl-4H-chromen-4-one,COc1ccc2c(=O)c(-c3ccccc3)c(C)oc2c1,0.787,0.557,0.547,0.401,0.433,0.507,0.522,1
"2-(2,4-Dihydroxyphenyl)-3,5,7-trihydroxy-2,3-dihydrochromen-4-one",O=C1c2c(O)cc(O)cc2OC(c2ccc(O)cc2O)C1O,0.437,0.55,0.37,0.326,0.557,0.47,0.459,1
Obtusinin,COc1cc2ccc(=O)oc2cc1OCC(O)C(C)(C)O,0.573,0.468,0.457,0.411,0.327,0.515,0.4,1
5-Ethoxydihydro-2(3H)-furanone,CCOC1CCC(=O)O1,0.19,0.235,0.337,0.28,0.268,0.523,0.5,1
Hydrocotarnine,COc1c2c(cc3c1OCO3)CCN(C)C2,0.513,0.393,0.502,0.393,0.487,0.717,0.44,1
"(2-Hydroxy-4,6-dimethoxyphenyl)-phenylmethanone",COc1cc(O)c(C(=O)c2ccccc2)c(OC)c1,0.493,0.46,0.28,0.323,0.447,0.357,0.418,1
"1-(4-Hydroxy-3,5-dimethylphenyl)ethanone",CC(=O)c1cc(C)c(O)c(C)c1,0.317,0.143,0.29,0.157,0.267,0.283,0.448,1
Juglone,O=C1C=CC(=O)c2c(O)cccc21,0.777,0.677,0.65,0.596,0.633,0.39,0.531,1
Khellin,COc1c2occc2c(OC)c2c(=O)cc(C)oc12,0.947,0.853,0.873,0.784,0.86,0.357,1.0,1
Desmosflavone,COc1c(C)c(O)c2c(=O)cc(-c3ccccc3)oc2c1C,0.88,0.632,0.567,0.457,0.484,0.22,0.583,1
Isoplumbagin,CC1=CC(=O)c2cccc(O)c2C1=O,0.747,0.713,0.713,0.588,0.594,0.4,0.742,1
Coumurrayin,COc1cc(OC)c2ccc(=O)oc2c1CC=C(C)C,0.75,0.553,0.607,0.443,0.497,0.209,0.414,1
Acerosin,COc1ccc(-c2cc(=O)c3c(O)c(OC)c(O)c(OC)c3o2)cc1O,0.893,0.607,0.579,0.433,0.583,0.463,0.481,1
"Flavanone, 5,7-dihydroxy-6-methoxy-",COc1c(O)cc2c(c1O)C(=O)C[C@@H](c1ccccc1)O2,0.558,0.43,0.39,0.402,0.496,0.403,0.558,1
Fraxidin,COc1cc2ccc(=O)oc2c(O)c1OC,0.813,0.67,0.65,0.479,0.453,0.38,0.537,1
"(5R,5aR,8aR,9S)-9-[2-[2-(dimethylamino)ethyl-methylamino]ethyl]-5-(4-hydroxy-3,5-dimethoxyphenyl)-5a,8,8a,9-tetrahydro-5H-[2]benzofuro[6,5-f][1,3]benzodioxol-6-one",COc1cc([C@@H]2c3cc4c(cc3[C@@H](CCN(C)CCN(C)C)[C@H]3COC(=O)[C@H]23)OCO4)cc(OC)c1O,0.44,0.532,0.587,0.423,0.573,0.39,0.411,1
Harmalacidine,COc1ccc2c3c([nH]c2c1)C(=O)NCC3,0.603,0.493,0.263,0.314,0.421,0.66,0.456,1
Umbelliprenin,CC(C)=CCC/C(C)=C/CCC(C)=CCOc1ccc2ccc(=O)oc2c1,0.697,0.558,0.563,0.458,0.461,0.308,0.565,1
Phyllnirurin,COc1cc(CCCO)cc2c1O[C@H](c1ccc3c(c1)OCO3)[C@H]2C,0.44,0.457,0.508,0.358,0.54,0.682,0.455,1
Cedeodarin,Cc1c(O)cc2c(c1O)C(=O)[C@H](O)[C@@H](c1ccc(O)c(O)c1)O2,0.407,0.538,0.38,0.284,0.417,0.49,0.431,1
Archangelin,CC1=C(COc2c3ccoc3cc3oc(=O)ccc23)CCC(C)(C)C1,0.615,0.59,0.54,0.563,0.557,0.459,0.417,1
(+)-Isolariciresinol monoglucoside,COc1cc([C@H]2c3cc(O)c(OC)cc3C[C@@H](CO)C2C2(OC)O[C@H](CO)[C@@H](O)[C@H](O)[C@H]2O)ccc1O,0.4,0.478,0.532,0.335,0.37,0.549,0.597,1
"1,5-Dihydroxy-2-methylanthracene-9,10-dione",Cc1ccc2c(c1O)C(=O)c1cccc(O)c1C2=O,0.667,0.593,0.587,0.412,0.483,0.413,0.528,1
"1-Phenyl-1,2-butanediol",CCC(O)C(O)c1ccccc1,0.453,0.227,0.507,0.762,0.292,0.418,0.457,1
Myristicin,C=CCc1cc(OC)c2c(c1)OCO2,0.58,0.412,0.589,0.277,0.767,0.637,0.472,1
"8-[5-(5,7-Dimethoxy-4-oxochromen-2-yl)-2-methoxyphenyl]-5,7-dimethoxy-2-(4-methoxyphenyl)chromen-4-one",COc1ccc(-c2cc(=O)c3c(OC)cc(OC)c(-c4cc(-c5cc(=O)c6c(OC)cc(OC)cc6o5)ccc4OC)c3o2)cc1,0.85,0.558,0.519,0.47,0.54,0.657,0.537,1
Nuatigenin,C[C@H]1[C@H]2[C@H](C[C@H]3[C@@H]4CC=C5C[C@@H](O)CC[C@]5(C)[C@H]4CC[C@]23C)O[C@]12CC[C@@](C)(CO)O2,0.327,0.447,0.503,0.4,0.461,0.49,0.416,1
Nororientaline,COc1cc(CC2NCCc3cc(OC)c(O)cc32)ccc1O,0.33,0.476,0.46,0.355,0.459,0.573,0.414,1
Benzyl thiocyanate,N#CSCc1ccccc1,0.61,0.337,0.576,0.613,0.417,0.573,0.429,1
Puddumin B,COc1ccc(C2CC(=O)c3c(O)cc(O[C@@H]4O[C@H](CO)[C@H](O)[C@H](O)[C@H]4O)cc3O2)cc1,0.502,0.375,0.367,0.323,0.418,0.343,0.627,1
Cerasinone,COc1ccc(C2CC(=O)c3c(OC)cc(O)cc3O2)c(OC)c1,0.443,0.41,0.347,0.303,0.47,0.457,0.596,1
Agamanone,COc1cc(C2CC(=O)c3c(cc(O)c(OC)c3O)O2)cc2c1OCO2,0.398,0.452,0.447,0.237,0.56,0.563,0.435,1
Dihydronorwogonin,O=C1CC(c2ccccc2)Oc2c(O)c(O)cc(O)c21,0.523,0.412,0.35,0.398,0.359,0.377,0.458,1
5-O-Methylleridol,COc1c(C)c2c(c(OC)c1CO)C(=O)CC(c1ccccc1)O2,0.487,0.48,0.477,0.427,0.403,0.413,0.429,1
Leridal,COc1c(C)c2c(c(O)c1C=O)C(=O)CC(c1ccccc1)O2,0.523,0.492,0.473,0.427,0.453,0.42,0.414,1
Crotaramosmin,CC(C)=CCc1ccc2c(c1O)C(=O)CC(c1ccc(O)cc1)O2,0.257,0.333,0.404,0.24,0.572,0.323,0.429,1
"N-beta-Hydroxyethyl-vds, sulfate salt",CCC1(O)CC2CN(CCc3c([nH]c4ccccc34)C(C(=O)OC)(c3cc4c(cc3OC)N(C)C3C(O)(C(=O)NCCO)C(O)C5(CC)C=CCN6CCC43C65)C2)C1.O=S(=O)(O)O,0.409,0.497,0.533,0.503,0.437,0.243,0.772,1
Desmosterol,CC(C)=CCC[C@@H](C)[C@H]1CC[C@H]2[C@@H]3CC=C4C[C@@H](O)CC[C@]4(C)[C@H]3CC[C@]12C,0.323,0.403,0.537,0.276,0.372,0.62,0.717,1
Artocarpesin,CC(C)=CCc1c(O)cc2oc(-c3ccc(O)cc3O)cc(=O)c2c1O,0.74,0.573,0.61,0.41,0.573,0.273,0.415,1
"1,2-Dehydroreticuline",COc1ccc(CC2=[N+](C)CCc3cc(OC)c(O)cc32)cc1O,0.437,0.53,0.553,0.498,0.443,0.707,0.448,1
Zingerone,COc1cc(CCC(C)=O)ccc1O,0.407,0.41,0.45,0.193,0.338,0.643,0.579,1
4-Methoxybenzaldehyde,COc1ccc(C=O)cc1,0.187,0.287,0.463,0.313,0.343,0.583,0.483,1
"2,5-Dimethylpyrazine",Cc1cnc(C)cn1,0.633,0.057,0.463,0.261,0.167,0.377,0.409,1
"1,2-Dihydroxy-3-methylanthraquinone",Cc1cc2c(c(O)c1O)C(=O)c1ccccc1C2=O,0.567,0.453,0.459,0.253,0.332,0.487,0.436,1
Coumarin,O=c1ccc2ccccc2o1,0.657,0.509,0.507,0.466,0.3,0.345,0.441,1
2-Methoxy-4-vinylphenol,C=Cc1ccc(O)c(OC)c1,0.397,0.527,0.613,0.38,0.251,0.567,0.541,1
Lariciresinol,COc1cc(C[C@H]2CO[C@H](c3ccc(O)c(OC)c3)[C@H]2CO)ccc1O,0.323,0.484,0.594,0.033,0.078,0.613,0.491,1
(-)-Dihydroclusin,COc1cc(C[C@@H](CO)[C@H](CO)Cc2ccc3c(c2)OCO3)cc(OC)c1OC,0.497,0.516,0.577,0.05,0.933,0.645,1.0,1
Pedalitin,COc1cc2oc(-c3ccc(O)c(O)c3)cc(=O)c2c(O)c1O,0.873,0.598,0.589,0.443,0.573,0.302,0.6,1
Persicogenin,COc1cc(O)c2c(c1)OC(c1ccc(OC)c(O)c1)CC2=O,0.208,0.378,0.31,0.19,0.537,0.467,0.694,1
3-Phenyl-1H-isochromen-1-one,O=c1oc(-c2ccccc2)cc2ccccc12,0.783,0.449,0.507,0.41,0.49,0.363,0.541,1
"3,3'-Bisjuglone",O=C1C=C(C2=CC(=O)c3cccc(O)c3C2=O)C(=O)c2c(O)cccc21,0.68,0.637,0.537,0.488,0.474,0.377,0.529,1
Nordracorubin,COc1cc2oc3cc(=O)cc4oc(-c5ccccc5)cc(c2c2c1CCC(c1ccccc1)O2)c43,0.52,0.53,0.553,0.463,0.513,0.572,0.422,1
Eugenol,C=CCc1ccc(O)c(OC)c1,0.477,0.527,0.683,0.233,0.364,0.467,0.438,1
"methyl (4S,18S)-4-[(1R,9R,10S,11R,12R,19R)-11-acetyloxy-12-ethyl-10-hydroxy-5-methoxy-10-methoxycarbonyl-8-methyl-8,16-diazapentacyclo[10.6.1.01,9.02,7.016,19]nonadeca-2,4,6,13-tetraen-4-yl]-1-ethyl-2",CCC12C[C@H]3CN(CCc4c([nH]c5ccccc45)[C@@](C(=O)OC)(c4cc5c(cc4OC)N(C)[C@H]4[C@@](O)(C(=O)OC)[C@H](OC(C)=O)[C@]6(CC)C=CCN7CC[C@]54[C@@H]76)C3O1)C2,0.383,0.506,0.513,0.47,0.427,0.38,0.728,1
(+-)-Teframidine,CN1CC2c3cc4c(cc3CC1c1cc3c(cc12)OCO3)OCO4,0.498,0.393,0.533,0.426,0.31,0.547,0.622,1
"3-Chloro-5-hydroxy-2-methylnaphthalene-1,4-dione",CC1=C(Cl)C(=O)c2c(O)cccc2C1=O,0.677,0.62,0.657,0.509,0.533,0.36,0.528,1
"2,5-Dimethylquinoline",Cc1ccc2c(C)cccc2n1,0.557,0.473,0.648,0.527,0.483,0.565,0.519,1
Calabaxanthone,COc1ccc2oc3cc4c(c(O)c3c(=O)c2c1CC=C(C)C)C=CC(C)(C)O4,0.557,0.627,0.613,0.366,0.633,0.5,0.553,1
Farnesiferol A,C=C1CC[C@@H]2C(C)(C)[C@H](O)CC[C@@]2(C)[C@H]1COc1ccc2ccc(=O)oc2c1,0.439,0.5,0.481,0.395,0.39,0.433,0.424,1
Colladonin,C=C1CC[C@@H]2C(C)(C)C(O)CCC2(C)C1COc1ccc2ccc(=O)oc2c1,0.439,0.5,0.481,0.395,0.39,0.433,0.424,1
Gummosin,C=C1CC[C@@H]2C(C)(C)[C@@H](O)CC[C@@]2(C)[C@H]1COc1ccc2ccc(=O)oc2c1,0.439,0.5,0.481,0.395,0.39,0.433,0.424,1
"3'-Hydroxy-5,6,7,8,4'-pentamethoxyflavone",COc1ccc(-c2cc(=O)c3c(OC)c(OC)c(OC)c(OC)c3o2)cc1O,0.923,0.523,0.532,0.45,0.543,0.323,0.5,1
Eupalestin,COc1cc(-c2cc(=O)c3c(OC)c(OC)c(OC)c(OC)c3o2)cc2c1OCO2,0.81,0.543,0.597,0.429,0.577,0.493,0.444,1
Meratin,O=c1c(O[C@@H]2O[C@H](CO)[C@@H](OC3OC(CO)[C@H](O)C(O)[C@@H]3O)[C@H](O)[C@H]2O)c(-c2ccc(O)c(O)c2)oc2cc(O)cc(O)c12,0.59,0.424,0.45,0.683,0.18,0.28,0.681,1
Quercetin 3-diglucoside,O=c1c(O[C@@H]2O[C@H](CO)[C@@H](O[C@@H]3O[C@H](CO)[C@@H](O)[C@H](O)[C@H]3O)[C@H](O)[C@H]2O)c(-c2ccc(O)c(O)c2)oc2cc(O)cc(O)c12,0.59,0.424,0.45,0.683,0.18,0.28,0.681,1
Isoleurosine,CC[C@@H]1C[C@@H]2CN(CCc3c([nH]c4ccccc34)[C@@](C(=O)OC)(c3cc4c(cc3OC)N(C)[C@H]3[C@@](O)(C(=O)OC)[C@H](OC(C)=O)[C@]5(CC)C=CCN6CC[C@]43[C@@H]65)C2)C1,0.387,0.52,0.533,0.49,0.413,0.329,0.848,1
(+)-N-Methylpseudoephedrine,C[C@@H]([C@@H](O)c1ccccc1)N(C)C,0.393,0.38,0.471,0.78,0.395,0.377,0.4,1
(+)-N-Methylephedrine,C[C@H]([C@@H](O)c1ccccc1)N(C)C,0.393,0.38,0.471,0.78,0.395,0.377,0.4,1
Roseamine,CC[C@@H]1C[C@H]2CN(CCc3c([nH]c4ccccc34)[C@@](C(=O)OC)(c3cc4c(cc3OC)N(C)[C@H]3[C@@](O)(C(=O)OC)[C@H](OC(C)=O)[C@]5(CC)C=CCN6CC[C@]43[C@@H]65)C2)C1,0.387,0.52,0.533,0.49,0.413,0.329,0.848,1
Methylephedrine,C[C@@H]([C@H](O)c1ccccc1)N(C)C,0.393,0.38,0.471,0.78,0.395,0.377,0.4,1
nectandrin-B,COc1cc([C@H]2O[C@@H](c3ccc(O)c(OC)c3)[C@H](C)[C@@H]2C)ccc1O,0.463,0.517,0.647,0.247,0.177,0.537,0.434,1
"Emetan-6'-ol, 7',10,11-trimethoxy-, (1'beta)-",CC[C@H]1CN2CCc3cc(OC)c(OC)cc3[C@@H]2C[C@@H]1C[C@@H]1NCCc2cc(O)c(OC)cc21,0.353,0.293,0.293,0.223,0.388,0.279,0.493,1
E-Guggulsterone,C/C=C1/C(=O)C[C@H]2[C@@H]3CCC4=CC(=O)CC[C@]4(C)[C@H]3CC[C@]12C,0.277,0.47,0.67,0.313,0.626,0.267,0.439,1
Soladulcamaridine,C[C@H]1CC[C@]2(NC1)O[C@H]1C[C@H]3[C@@H]4CC=C5C[C@@H](O)CC[C@]5(C)[C@H]4CC[C@]3(C)[C@H]1[C@H]2C,0.307,0.377,0.557,0.382,0.458,0.49,0.421,1
24-Methylenecholesterol,C=C(CC[C@@H](C)[C@H]1CC[C@H]2[C@@H]3CC=C4C[C@@H](O)CC[C@]4(C)[C@H]3CC[C@]12C)C(C)C,0.323,0.43,0.527,0.233,0.317,0.643,0.733,1
"(3S,9S,10R,13R,14S,17R)-10,13-dimethyl-17-[(2S)-6-methyl-5-methylideneheptan-2-yl]-2,3,4,7,8,9,11,12,14,15,16,17-dodecahydro-1H-cyclopenta[a]phenanthren-3-ol",C=C(CC[C@H](C)[C@H]1CC[C@H]2C3CC=C4C[C@@H](O)CC[C@]4(C)[C@H]3CC[C@]12C)C(C)C,0.323,0.43,0.527,0.233,0.317,0.643,0.733,1
Cephaeline,CC[C@H]1CN2CCc3cc(OC)c(OC)cc3[C@@H]2C[C@@H]1C[C@H]1NCCc2cc(O)c(OC)cc21,0.353,0.293,0.293,0.223,0.388,0.279,0.493,1
Nortrachelogenin,COc1cc(C[C@H]2COC(=O)[C@]2(O)Cc2ccc(O)c(OC)c2)ccc1O,0.343,0.483,0.52,0.258,0.49,0.63,0.518,1
Ipomine,CC1=C(c2ccc(O[C@@H]3O[C@H](COC(=O)/C=C/c4ccc(O)cc4)[C@@H](O)[C@H](O)[C@H]3O)cc2)CN2CCCC2C1,0.363,0.45,0.46,0.473,0.62,0.55,0.483,1
Isoipomine,CC1=C(c2ccc(O[C@@H]3O[C@H](COC(=O)C=Cc4ccc(O)cc4)[C@@H](O)[C@H](O)[C@H]3O)cc2)CN2CCC[C@H]2C1,0.363,0.45,0.46,0.473,0.62,0.55,0.483,1
Diosgenin,C[C@@H]1CC[C@@]2(OC1)O[C@H]1C[C@H]3[C@@H]4CC=C5C[C@@H](O)CC[C@]5(C)[C@H]4CC[C@]3(C)[C@H]1[C@@H]2C,0.34,0.393,0.551,0.363,0.411,0.447,0.408,1
(+)-Verrucosin,COc1cc([C@H]2O[C@@H](c3ccc(O)c(OC)c3)[C@@H](C)[C@@H]2C)ccc1O,0.463,0.517,0.647,0.247,0.177,0.537,0.434,1
Yamogenin,C[C@H]1CC[C@@]2(OC1)O[C@H]1C[C@H]3[C@@H]4CC=C5C[C@@H](O)CC[C@]5(C)[C@H]4CC[C@]3(C)[C@H]1[C@@H]2C,0.34,0.393,0.551,0.363,0.411,0.447,0.408,1
Bis-vds,CCC1(O)CC2CN(CCc3c([nH]c4ccccc34)C(C(=O)OC)(c3cc4c(cc3OC)N(C)C3C(O)(C(=O)NCCSSCCNC(=O)C5(O)C(O)C6(CC)C=CCN7CCC8(c9cc(C%10(C(=O)OC)CC%11CN(CCc%12c%10[nH]c%10ccccc%12%10)CC(O)(CC)C%11)c(OC)cc9N(C)C58)C76)C(O)C5(CC)C=CCN6CCC43C65)C2)C1,0.403,0.493,0.507,0.512,0.428,0.31,0.807,1
(-)-Pinoresinol,COc1cc([C@@H]2OC[C@@H]3[C@H]2CO[C@H]3c2ccc(O)c(OC)c2)ccc1O,0.36,0.48,0.619,0.177,0.101,0.509,0.462,1
Epipinoresinol,COc1cc([C@H]2OC[C@H]3[C@@H]2CO[C@H]3c2ccc(O)c(OC)c2)ccc1O,0.36,0.48,0.619,0.177,0.101,0.509,0.462,1
Pinoresinol,COc1cc([C@H]2OC[C@H]3[C@@H]2CO[C@@H]3c2ccc(O)c(OC)c2)ccc1O,0.36,0.48,0.619,0.177,0.101,0.509,0.462,1
(-)-Dregamine,CC[C@H]1CN(C)[C@H]2Cc3c([nH]c4ccccc34)C(=O)C[C@@H]1[C@@H]2C(=O)OC,0.4,0.398,0.397,0.41,0.573,0.0,1.0,1
Tabernaemontanine,CC[C@@H]1CN(C)[C@H]2Cc3c([nH]c4ccccc34)C(=O)C[C@@H]1[C@@H]2C(=O)OC,0.4,0.398,0.397,0.41,0.573,0.0,1.0,1
Multiflorin B,C[C@@H]1O[C@@H](Oc2c(-c3ccc(O)cc3)oc3cc(O)cc(O)c3c2=O)[C@H](O)[C@H](O)[C@H]1O[C@@H]1O[C@H](CO)[C@@H](O)[C@H](O)[C@H]1O,0.593,0.451,0.447,0.353,0.133,0.378,0.662,1
Multiflorin,C[C@H]1O[C@@H](Oc2c(-c3ccc(O)cc3)oc3cc(O)cc(O)c3c2=O)[C@H](O)[C@H](O)[C@H]1O[C@@H]1O[C@H](CO)[C@@H](O)[C@H](O)[C@H]1O,0.593,0.451,0.447,0.353,0.133,0.378,0.662,1
Ergosine,CC(C)C[C@H]1C(=O)N2CCC[C@H]2[C@]2(O)O[C@@](C)(NC(=O)[C@@H]3C=C4c5cccc6[nH]cc(c56)C[C@H]4N(C)C3)C(=O)N12,0.373,0.717,0.47,0.48,0.897,0.544,0.856,1
"9-[(E)-3-methyl-4-(4-methyl-5-oxo-2H-furan-2-yl)but-2-enoxy]furo[3,2-g]chromen-7-one",CC(=CCOc1c2occc2cc2ccc(=O)oc12)CC1C=C(C)C(=O)O1,0.633,0.563,0.53,0.563,0.643,0.297,0.466,1
Wampetin,CC1=CC(C/C(C)=C\COc2c3occc3cc3ccc(=O)oc23)OC1=O,0.633,0.563,0.53,0.563,0.643,0.297,0.466,1
"(6aS,9R)-N-[(1S,2S,4R,7S)-2-hydroxy-4-methyl-7-(2-methylpropyl)-5,8-dioxo-3-oxa-6,9-diazatricyclo[7.3.0.02,6]dodecan-4-yl]-7-methyl-6,6a,8,9-tetrahydro-4H-indolo[4,3-fg]quinoline-9-carboxamide",CC(C)C[C@H]1C(=O)N2CCC[C@H]2[C@]2(O)O[C@@](C)(NC(=O)[C@@H]3C=C4c5cccc6[nH]cc(c56)C[C@@H]4N(C)C3)C(=O)N12,0.373,0.717,0.47,0.48,0.897,0.544,0.856,1
Digitoxin,C[C@H]1O[C@@H](O[C@H]2[C@@H](O)C[C@H](O[C@H]3[C@@H](O)C[C@H](O[C@H]4CC[C@@]5(C)[C@H](CC[C@@H]6[C@@H]5CC[C@]5(C)[C@@H](C7=CC(=O)OC7)CC[C@]65O)C4)O[C@@H]3C)O[C@@H]2C)C[C@H](O)[C@@H]1O,0.333,0.475,0.576,0.357,0.253,0.332,0.417,1
Digitoxigenin,C[C@]12CC[C@H](O)C[C@H]1CC[C@@H]1[C@@H]2CC[C@]2(C)[C@@H](C3=CC(=O)OC3)CC[C@]12O,0.327,0.458,0.577,0.32,0.448,0.43,0.629,1
3-Epidigitoxigenin,C[C@]12CC[C@@H](O)C[C@H]1CC[C@@H]1[C@@H]2CC[C@]2(C)[C@@H](C3=CC(=O)OC3)CC[C@]12O,0.327,0.458,0.577,0.32,0.448,0.43,0.629,1
Uzarigenin,C[C@]12CC[C@H](O)C[C@@H]1CC[C@@H]1[C@@H]2CC[C@]2(C)[C@@H](C3=CC(=O)OC3)CC[C@]12O,0.327,0.458,0.577,0.32,0.448,0.43,0.629,1
Methyl 4-methoxycinnamate,COC(=O)/C=C/c1ccc(OC)cc1,0.277,0.403,0.443,0.38,0.358,0.637,0.538,1
Lysergol,CN1C[C@H](CO)C=C2c3cccc4[nH]cc(c34)C[C@H]21,0.563,0.587,0.577,0.688,0.618,0.489,0.603,1
"3-[(3S,5R,8R,9S,10S,13R,14S,17S)-3-[(2R,4S,5S,6R)-5-[(2S,4S,5S,6R)-5-[(2S,4S,5S,6R)-4,5-dihydroxy-6-methyloxan-2-yl]oxy-4-hydroxy-6-methyloxan-2-yl]oxy-4-hydroxy-6-methyloxan-2-yl]oxy-14-hydroxy-10,13",C[C@H]1O[C@@H](O[C@H]2[C@@H](O)C[C@H](O[C@H]3[C@@H](O)C[C@H](O[C@H]4CC[C@@]5(C)[C@H](CC[C@@H]6[C@@H]5CC[C@]5(C)[C@H](C7=CC(=O)OC7)CC[C@]65O)C4)O[C@@H]3C)O[C@@H]2C)C[C@H](O)[C@@H]1O,0.333,0.475,0.576,0.357,0.253,0.332,0.417,1
Isolysergol,CN1C[C@@H](CO)C=C2c3cccc4[nH]cc(c34)C[C@H]21,0.563,0.587,0.577,0.688,0.618,0.489,0.603,1
Gingerdiol,CCCCC[C@H](O)C[C@H](O)CCc1ccc(O)c(OC)c1,0.333,0.39,0.52,0.269,0.31,0.583,0.519,1
Resinoside A,CC(C)(O)C1CC=C(C(=O)OC[C@H]2O[C@@H](Oc3c(-c4ccc(O)cc4)oc4cc(O)cc(O)c4c3=O)[C@H](O)[C@@H](O)[C@@H]2O)CC1,0.497,0.473,0.473,0.447,0.5,0.446,0.619,1
Resinoside B,CC(C)(O)C1CC=C(C(=O)OC[C@H]2O[C@@H](Oc3c(-c4ccc(O)cc4)oc4cc(O)cc(O)c4c3=O)[C@H](O)[C@@H](O)[C@H]2O)CC1,0.497,0.473,0.473,0.447,0.5,0.446,0.619,1
6-Gingerdiol,CCCCC[C@H](O)C[C@@H](O)CCc1ccc(O)c(OC)c1,0.333,0.39,0.52,0.269,0.31,0.583,0.519,1
Dihydrosolasodine,C[C@@H]1CC[C@H]([C@@H](C)C2[C@@H](O)C[C@H]3[C@@H]4CC=C5C[C@@H](O)CC[C@]5(C)[C@H]4CC[C@]23C)NC1,0.337,0.457,0.514,0.404,0.466,0.568,0.486,1
Pangelin,C=C(C)[C@@H](O)COc1c2ccoc2cc2oc(=O)ccc12,0.663,0.648,0.593,0.653,0.627,0.373,0.548,1
Pabulenol,C=C(C)[C@H](O)COc1c2ccoc2cc2oc(=O)ccc12,0.663,0.648,0.593,0.653,0.627,0.373,0.548,1
(-)-Eriodictyol,O=C1C[C@H](c2ccc(O)c(O)c2)Oc2cc(O)cc(O)c21,0.077,0.154,0.153,0.121,0.4,0.33,1.0,1
2-Hydroxycinnamic acid,O=C(O)/C=C/c1ccccc1O,0.667,0.383,0.503,0.317,0.473,0.317,0.405,1
Coumarinic acid,O=C(O)C=Cc1ccccc1O,0.667,0.383,0.503,0.317,0.473,0.317,0.405,1
Galanginoside,CC1O[C@@H](OCC2O[C@@H](Oc3c(-c4ccccc4)oc4cc(O)cc(O)c4c3=O)C(O)C(O)[C@@H]2O)C(O)[C@@H](O)[C@H]1O,0.63,0.5,0.497,0.323,0.16,0.466,0.833,1
"3-(6-O-alpha-L-Rhamnopyranosyl-beta-D-glucopyranosyloxy)-5,7-dihydroxyflavone",C[C@@H]1O[C@@H](OC[C@H]2O[C@@H](Oc3c(-c4ccccc4)oc4cc(O)cc(O)c4c3=O)[C@H](O)[C@@H](O)[C@@H]2O)[C@H](O)[C@H](O)[C@H]1O,0.63,0.5,0.497,0.323,0.16,0.466,0.833,1
beta-Sitosteryl palmitate,CCCCCCCCCCCCCCCC(=O)O[C@H]1CC[C@@]2(C)C(=CC[C@H]3[C@@H]4CC[C@H]([C@H](C)CC[C@@H](CC)C(C)C)[C@@]4(C)CC[C@@H]32)C1,0.407,0.443,0.523,0.34,0.362,0.697,0.662,1
Lucenin-2,O=c1cc(-c2ccc(O)c(O)c2)oc2c([C@@H]3O[C@H](CO)[C@@H](O)[C@@H](O)[C@H]3O)c(O)c([C@@H]3O[C@H](CO)[C@@H](O)[C@H](O)[C@H]3O)c(O)c12,0.713,0.48,0.488,0.43,0.433,0.313,0.414,1
4'-Demethylepipodophyllotoxin,COc1cc([C@@H]2c3cc4c(cc3[C@@H](O)[C@H]3COC(=O)[C@H]23)OCO4)cc(OC)c1O,0.36,0.613,0.64,0.33,0.627,0.333,0.444,1
20-Hydroxypregn-4-en-3-one,CC(O)[C@H]1CC[C@H]2[C@@H]3CCC4=CC(=O)CC[C@]4(C)[C@H]3CC[C@]12C,0.28,0.448,0.597,0.307,0.611,0.33,0.474,1
Yatein,COc1cc(C[C@H]2C(=O)OC[C@@H]2Cc2ccc3c(c2)OCO3)cc(OC)c1OC,0.47,0.519,0.56,0.037,0.913,0.757,0.648,1
beta-Sitostenone,CC[C@H](CC[C@@H](C)C1CCC2C3CCC4=CC(=O)CC[C@]4(C)C3CC[C@@]21C)C(C)C,0.367,0.517,0.567,0.307,0.554,0.43,0.6,1
(2s)-5-Hydroxy-7-methoxyflavanone,COc1cc(O)c2c(c1)O[C@H](c1ccccc1)CC2=O,0.632,0.483,0.4,0.362,0.493,0.293,0.739,1
Bavachinin,COc1cc2c(cc1CC=C(C)C)C(=O)C[C@@H](c1ccc(O)cc1)O2,0.253,0.37,0.417,0.3,0.558,0.457,0.441,1
Hesperidin,COc1ccc([C@@H]2CC(=O)c3c(O)cc(O[C@@H]4O[C@H](CO[C@@H]5O[C@@H](C)[C@H](O)[C@@H](O)[C@H]5O)[C@@H](O)[C@H](O)[C@H]4O)cc3O2)cc1O,0.248,0.404,0.377,0.281,0.423,0.468,0.456,1
Wikstromol,COc1cc(C[C@@H]2COC(=O)[C@@]2(O)Cc2ccc(O)c(OC)c2)ccc1O,0.343,0.483,0.52,0.258,0.49,0.63,0.518,1
4'-Demethylpodophyllotoxin,COc1cc([C@@H]2c3cc4c(cc3[C@H](O)[C@H]3COC(=O)[C@H]23)OCO4)cc(OC)c1O,0.36,0.613,0.64,0.33,0.627,0.333,0.444,1
"(8S,9R,10R,13R,14S,17Z)-17-ethylidene-10,13-dimethyl-1,2,6,7,8,9,11,12,14,15-decahydrocyclopenta[a]phenanthrene-3,16-dione",C/C=C1\C(=O)C[C@H]2[C@H]3CCC4=CC(=O)CC[C@]4(C)[C@@H]3CC[C@@]12C,0.277,0.47,0.67,0.313,0.626,0.267,0.439,1
Solasodine,C[C@@H]1CC[C@@]2(NC1)O[C@H]1C[C@H]3[C@@H]4CC=C5C[C@@H](O)CC[C@]5(C)[C@H]4CC[C@]3(C)[C@H]1[C@@H]2C,0.307,0.377,0.557,0.382,0.458,0.49,0.421,1
Eriodictyol,O=C1C[C@@H](c2ccc(O)c(O)c2)Oc2cc(O)cc(O)c21,0.077,0.154,0.153,0.121,0.4,0.33,1.0,1
(20R)-20-Hydroxypregn-4-en-3-one,C[C@@H](O)[C@H]1CC[C@H]2[C@@H]3CCC4=CC(=O)CC[C@]4(C)[C@H]3CC[C@]12C,0.28,0.448,0.597,0.307,0.611,0.33,0.474,1
Velutin,COc1cc(O)c2c(=O)cc(-c3ccc(O)c(OC)c3)oc2c1,0.93,0.684,0.613,0.47,0.443,0.433,0.6,1
"5-Stigmastene-3-beta,7-alpha-diol dibenzoate",CC[C@H](CC[C@@H](C)[C@H]1CC[C@H]2[C@@H]3[C@H](OC(=O)c4ccccc4)C=C4C[C@@H](OC(=O)c5ccccc5)CC[C@]4(C)[C@H]3CC[C@]12C)C(C)C,0.385,0.473,0.557,0.458,0.432,0.649,0.487,1
"4'-Hydroxy-5,6,7,8-tetramethoxyflavone",COc1c(OC)c(OC)c2c(=O)cc(-c3ccc(O)cc3)oc2c1OC,0.933,0.573,0.573,0.435,0.554,0.12,0.574,1
Kurchessine,C[C@@H]([C@H]1CC[C@H]2[C@@H]3CC=C4C[C@@H](N(C)C)CC[C@]4(C)[C@H]3CC[C@]12C)N(C)C,0.365,0.343,0.487,0.367,0.374,0.533,0.492,1
(S)-Stylopine,c1cc2c(c3c1C[C@H]1c4cc5c(cc4CCN1C3)OCO5)OCO2,0.39,0.287,0.45,0.384,0.383,0.557,0.457,1
Fustin,O=C1c2ccc(O)cc2O[C@H](c2ccc(O)c(O)c2)[C@H]1O,0.313,0.374,0.413,0.268,0.447,0.427,0.412,1
Baicalin,O=C(O)[C@H]1O[C@@H](Oc2cc3oc(-c4ccccc4)cc(=O)c3c(O)c2O)[C@H](O)[C@@H](O)[C@@H]1O,0.657,0.563,0.497,0.35,0.535,0.24,0.519,1
Benzyl cinnamate,O=C(/C=C/c1ccccc1)OCc1ccccc1,0.62,0.36,0.43,0.33,0.465,0.553,0.516,1
Stigmasterol acetate,CC[C@H](/C=C/[C@@H](C)[C@H]1CC[C@H]2[C@@H]3CC=C4C[C@@H](OC(C)=O)CC[C@]4(C)[C@H]3CC[C@]12C)C(C)C,0.267,0.4,0.53,0.387,0.405,0.587,0.493,1
"(8S,9S,10R,13R,14S,17R)-17-[(2R,5R)-5-ethyl-6-methylheptan-2-yl]-10,13-dimethyl-2,7,8,9,11,12,14,15,16,17-decahydro-1H-cyclopenta[a]phenanthrene-3,6-dione",CC[C@H](CC[C@@H](C)[C@H]1CC[C@H]2[C@@H]3CC(=O)C4=CC(=O)CC[C@]4(C)[C@H]3CC[C@]12C)C(C)C,0.377,0.52,0.597,0.333,0.487,0.451,0.567,1
Rutaecarpine,O=c1c2ccccc2nc2n1CCc1c-2[nH]c2ccccc12,0.99,0.447,0.373,0.396,0.491,0.717,0.761,1
Demethoxycurcumin,COc1cc(/C=C/C(=O)CC(=O)/C=C/c2ccc(O)cc2)ccc1O,0.207,0.787,0.493,0.333,0.45,0.897,1.0,1
Sinapic acid,COc1cc(/C=C/C(=O)O)cc(OC)c1O,0.253,0.253,0.397,0.187,0.167,0.407,0.442,1
Genistin,O=c1c(-c2ccc(O)cc2)coc2cc(O[C@@H]3O[C@H](CO)[C@@H](O)[C@H](O)[C@H]3O)cc(O)c12,0.563,0.46,0.418,0.449,0.353,0.433,0.435,1
"3,4-Dimethoxycinnamic acid",COc1ccc(/C=C/C(=O)O)cc1OC,0.343,0.32,0.297,0.38,0.308,0.83,0.615,1
3-Hydroxystigmast-5-en-7-one,CC[C@H](CC[C@@H](C)[C@H]1CC[C@H]2[C@@H]3C(=O)C=C4C[C@@H](O)CC[C@]4(C)[C@H]3CC[C@]12C)C(C)C,0.35,0.471,0.58,0.343,0.42,0.533,0.683,1
Isoyatein,COc1cc(C[C@H]2COC(=O)[C@@H]2Cc2ccc3c(c2)OCO3)cc(OC)c1OC,0.47,0.519,0.56,0.037,0.913,0.757,0.648,1
Scutellarin,O=C(O)[C@H]1O[C@@H](Oc2cc3oc(-c4ccc(O)cc4)cc(=O)c3c(O)c2O)[C@H](O)[C@@H](O)[C@@H]1O,0.64,0.523,0.493,0.427,0.533,0.143,0.439,1
Jatamansin,C/C=C(/C)C(=O)O[C@@H]1Cc2c(ccc3ccc(=O)oc23)OC1(C)C,0.463,0.46,0.423,0.353,0.427,0.443,0.614,1
Cinnamyl acetate,CC(=O)OC/C=C/c1ccccc1,0.703,0.367,0.357,0.33,0.493,0.427,0.438,1
(Z)-Cinnamyl acetate,CC(=O)OCC=Cc1ccccc1,0.703,0.367,0.357,0.33,0.493,0.427,0.438,1
Piperine,O=C(/C=C/C=C/c1ccc2c(c1)OCO2)N1CCCCC1,0.437,0.46,0.343,0.428,0.579,0.215,0.471,1
Cinchonine,C=C[C@H]1CN2CC[C@H]1C[C@@H]2[C@@H](O)c1ccnc2ccccc12,0.373,0.373,0.423,0.82,0.401,0.599,0.712,1
Procesterol,CC[C@@H](CC[C@@H](C)[C@H]1CC[C@H]2[C@@H]3C[C@H](O)C4=CC(=O)CC[C@]4(C)[C@H]3CC[C@]12C)C(C)C,0.35,0.488,0.607,0.325,0.349,0.468,0.617,1
6beta-Hydroxystigmast-4-en-3-one,CC[C@H](CC[C@@H](C)[C@H]1CC[C@H]2[C@@H]3C[C@@H](O)C4=CC(=O)CC[C@]4(C)[C@H]3CC[C@]12C)C(C)C,0.35,0.488,0.607,0.325,0.349,0.468,0.617,1
Cinchonidine,C=C[C@H]1CN2CC[C@H]1C[C@H]2[C@H](O)c1ccnc2ccccc12,0.373,0.373,0.423,0.82,0.401,0.599,0.712,1
Kaempferol-7-rhamnoside,C[C@@H]1O[C@@H](Oc2cc(O)c3c(=O)c(O)c(-c4ccc(O)cc4)oc3c2)[C@H](O)[C@H](O)[C@H]1O,0.65,0.437,0.437,0.173,0.225,0.248,0.567,1
"3,5-dihydroxy-2-(4-hydroxyphenyl)-7-[(3S,4S,5S,6R)-3,4,5-trihydroxy-6-methyloxan-2-yl]oxychromen-4-one",C[C@H]1OC(Oc2cc(O)c3c(=O)c(O)c(-c4ccc(O)cc4)oc3c2)[C@@H](O)[C@@H](O)[C@@H]1O,0.65,0.437,0.437,0.173,0.225,0.248,0.567,1
kaempferol 3-O-beta-D-galactoside(1-),O=c1c(O[C@@H]2O[C@H](CO)[C@H](O)[C@H](O)[C@H]2O)c(-c2ccc(O)cc2)oc2cc(O)cc([O-])c12,0.617,0.463,0.43,0.5,0.267,0.357,0.589,1
Chavicine,O=C(C=CC=Cc1ccc2c(c1)OCO2)N1CCCCC1,0.437,0.46,0.343,0.428,0.579,0.215,0.471,1
Kaempferol 3-O-beta-D-glucoside,O=c1c(O[C@@H]2O[C@H](CO)[C@@H](O)[C@H](O)[C@H]2O)c(-c2ccc(O)cc2)oc2cc(O)cc([O-])c12,0.617,0.463,0.43,0.5,0.267,0.357,0.589,1
"(S,Z)-8,8-Dimethyl-2-oxo-2,8,9,10-tetrahydropyrano[2,3-f]chromen-9-yl 2-methylbut-2-enoate",C/C=C(/C)C(=O)O[C@H]1Cc2c(ccc3ccc(=O)oc23)OC1(C)C,0.463,0.46,0.423,0.353,0.427,0.443,0.614,1
Apiin,O=c1cc(-c2ccc(O)cc2)oc2cc(O[C@@H]3O[C@H](CO)[C@@H](O)[C@H](O)[C@H]3O[C@@H]3OC[C@](O)(CO)[C@H]3O)cc(O)c12,0.627,0.633,0.538,0.477,0.433,0.373,0.412,1
Apigenin-7-(2-O-apiosylglucoside),O=c1cc(-c2ccc(O)cc2)oc2cc(O[C@@H]3O[C@H](CO)[C@@H](O)[C@H](O)[C@H]3O[C@@H]3OC[C@](O)(CO)[C@@H]3O)cc(O)c12,0.627,0.633,0.538,0.477,0.433,0.373,0.412,1
meso-Secoisolariciresinol,COc1cc(C[C@@H](CO)[C@@H](CO)Cc2ccc(O)c(OC)c2)ccc1O,0.34,0.474,0.577,0.067,0.207,0.455,0.533,1
Secoisolariciresinol,COc1cc(C[C@@H](CO)[C@H](CO)Cc2ccc(O)c(OC)c2)ccc1O,0.34,0.474,0.577,0.067,0.207,0.455,0.533,1
Savinin,O=C1OC[C@H](Cc2ccc3c(c2)OCO3)C1=Cc1ccc2c(c1)OCO2,0.507,0.466,0.48,0.287,0.672,0.433,0.415,1
Islandicin,Cc1cc(O)c2c(c1O)C(=O)c1cccc(O)c1C2=O,0.657,0.603,0.603,0.406,0.543,0.427,0.487,1
Gadain,O=C1OC[C@@H](Cc2ccc3c(c2)OCO3)/C1=C/c1ccc2c(c1)OCO2,0.507,0.466,0.48,0.287,0.672,0.433,0.415,1
Digitopurpone,Cc1cc(O)c2c(c1O)C(=O)c1c(O)cccc1C2=O,0.657,0.603,0.603,0.406,0.543,0.427,0.487,1
Isogingerenone B,COc1cc(CC/C=C/C(=O)CCc2cc(OC)c(O)c(OC)c2)ccc1O,0.5,0.66,0.41,0.157,0.522,0.633,0.723,1
Gingerenone B,COc1cc(CCC(=O)/C=C/CCc2cc(OC)c(O)c(OC)c2)ccc1O,0.5,0.66,0.41,0.157,0.522,0.633,0.723,1
Meloside L,O=c1cc(-c2ccc(O)c(O)c2)oc2cc(O)c([C@@H]3O[C@H](CO)[C@@H](O)[C@H](O)[C@H]3O[C@@H]3O[C@H](CO)[C@@H](O)[C@H](O)[C@H]3O)c(O)c12,0.603,0.543,0.533,0.454,0.467,0.347,0.415,1
Spinacetin,COc1cc(-c2oc3cc(O)c(OC)c(O)c3c(=O)c2O)ccc1O,0.85,0.583,0.567,0.363,0.378,0.533,0.6,1
Neochamaejasmin A,O=C1c2c(O)cc(O)cc2O[C@H](c2ccc(O)cc2)[C@@H]1[C@@H]1C(=O)c2c(O)cc(O)cc2O[C@@H]1c1ccc(O)cc1,0.407,0.493,0.33,0.281,0.517,0.44,0.468,1
Neochamaejasmin B,O=C1c2c(O)cc(O)cc2O[C@H](c2ccc(O)cc2)[C@@H]1[C@@H]1C(=O)c2c(O)cc(O)cc2O[C@H]1c1ccc(O)cc1,0.407,0.493,0.33,0.281,0.517,0.44,0.468,1
Chamaejasmine,O=C1c2c(O)cc(O)cc2O[C@@H](c2ccc(O)cc2)[C@@H]1[C@@H]1C(=O)c2c(O)cc(O)cc2O[C@H]1c1ccc(O)cc1,0.407,0.493,0.33,0.281,0.517,0.44,0.468,1
"Quercetin 3,4'-diglucoside",O=c1c(O[C@@H]2O[C@H](CO)[C@@H](O)[C@H](O)[C@H]2O)c(-c2ccc(O[C@@H]3O[C@H](CO)[C@@H](O)[C@H](O)[C@H]3O)c(O)c2)oc2cc(O)cc(O)c12,0.66,0.391,0.463,0.63,0.223,0.367,0.667,1
Rhamnazin,COc1cc(O)c2c(=O)c(O)c(-c3ccc(O)c(OC)c3)oc2c1,0.903,0.514,0.54,0.313,0.31,0.36,0.694,1
Pectolinarigenin,COc1ccc(-c2cc(=O)c3c(O)c(OC)c(O)cc3o2)cc1,0.877,0.643,0.676,0.443,0.607,0.363,0.543,1
Penduletin,COc1cc2oc(-c3ccc(O)cc3)c(OC)c(=O)c2c(O)c1OC,0.853,0.67,0.61,0.548,0.37,0.173,0.689,1
Pilloin 5-glucoside,COc1cc(O[C@@H]2O[C@H](CO)[C@@H](O)[C@H](O)[C@H]2O)c2c(=O)cc(-c3ccc(OC)c(O)c3)oc2c1,0.697,0.51,0.517,0.516,0.452,0.477,0.444,1
Iristectorigenin A,COc1cc(-c2coc3cc(O)c(OC)c(O)c3c2=O)ccc1O,0.737,0.63,0.547,0.37,0.464,0.697,0.627,1
3-Phenylpropyl cinnamate,O=C(/C=C/c1ccccc1)OCCCc1ccccc1,0.52,0.387,0.46,0.43,0.5,0.669,0.457,1
Pinnatin,COc1c2ccoc2cc2oc(-c3ccccc3)cc(=O)c12,0.927,0.667,0.643,0.519,0.599,0.333,0.638,1
Piperlonguminine,CC(C)CNC(=O)/C=C/C=C/c1ccc2c(c1)OCO2,0.427,0.446,0.397,0.407,0.632,0.37,0.444,1
Plantaginin,O=c1cc(-c2ccc(O)cc2)oc2cc(O[C@@H]3O[C@H](CO)[C@@H](O)[C@H](O)[C@H]3O)c(O)c(O)c12,0.69,0.517,0.551,0.48,0.463,0.273,0.446,1
Pratol,COc1ccc(-c2cc(=O)c3ccc(O)cc3o2)cc1,0.91,0.597,0.611,0.46,0.523,0.353,0.675,1
Koparin,COc1ccc(-c2coc3cc(O)ccc3c2=O)c(O)c1O,0.697,0.515,0.567,0.392,0.545,0.625,0.404,1
Kumatakenin,COc1cc(O)c2c(=O)c(OC)c(-c3ccc(O)cc3)oc2c1,0.903,0.637,0.63,0.457,0.237,0.14,0.829,1
Kuraridinol,C=C(C)C(CCC(C)(C)O)Cc1c(O)cc(OC)c(C(=O)/C=C/c2ccc(O)cc2O)c1O,0.333,0.5,0.5,0.447,0.6,0.453,0.438,1
3'-Methoxydaidzein,COc1cc(-c2coc3cc(O)ccc3c2=O)ccc1O,0.707,0.591,0.473,0.373,0.514,0.687,0.528,1
Licochalcone a,C=CC(C)(C)c1cc(/C=C/C(=O)c2ccc(O)cc2)c(OC)cc1O,0.267,0.46,0.36,0.438,0.857,0.143,0.491,1
Skullcapflavone I,COc1cc(O)c2c(=O)cc(-c3ccccc3O)oc2c1OC,0.913,0.662,0.637,0.441,0.437,0.52,0.426,1
Patulitrin,COc1c(O[C@@H]2O[C@H](CO)[C@@H](O)[C@H](O)[C@H]2O)cc2oc(-c3ccc(O)c(O)c3)c(O)c(=O)c2c1O,0.67,0.515,0.475,0.52,0.312,0.4,0.513,1
Chrysosplenol D,COc1cc2oc(-c3ccc(O)c(O)c3)c(OC)c(=O)c2c(O)c1OC,0.857,0.619,0.543,0.453,0.343,0.26,0.596,1
Sinapaldehyde,COc1cc(/C=C/C=O)cc(OC)c1O,0.38,0.298,0.48,0.19,0.23,0.37,0.41,1
Isokaempferide,COc1c(-c2ccc(O)cc2)oc2cc(O)cc(O)c2c1=O,0.94,0.56,0.537,0.623,0.113,0.257,1.0,1
Kaempferol,O=c1c(O)c(-c2ccc(O)cc2)oc2cc(O)cc(O)c12,0.987,0.356,0.377,0.24,0.253,0.207,0.683,1
Herbacetin,O=c1c(O)c(-c2ccc(O)cc2)oc2c(O)c(O)cc(O)c12,0.843,0.469,0.45,0.297,0.4,0.253,0.44,1
Licoflavone A,CC(C)=CCc1cc2c(=O)cc(-c3ccc(O)cc3)oc2cc1O,0.757,0.537,0.574,0.43,0.537,0.287,0.46,1
Multinoside A,C[C@@H]1O[C@@H](Oc2c(-c3ccc(O)c(O)c3)oc3cc(O)cc(O)c3c2=O)[C@H](O)[C@H](O)[C@H]1O[C@@H]1O[C@H](CO)[C@@H](O)[C@H](O)[C@H]1O,0.58,0.408,0.41,0.533,0.09,0.315,0.736,1
Neobavachalcone,COc1cc(O)c(C(=O)/C=C/c2ccc(O)cc2)cc1C=O,0.503,0.437,0.443,0.637,0.616,0.43,0.54,1
Artemetin,COc1ccc(-c2oc3cc(OC)c(OC)c(O)c3c(=O)c2OC)cc1OC,0.81,0.673,0.623,0.465,0.467,0.337,0.708,1
Norrubrofusarin,Cc1cc(=O)c2c(O)c3c(O)cc(O)cc3cc2o1,0.633,0.497,0.51,0.227,0.397,0.303,0.422,1
Ombuin,COc1cc(O)c2c(=O)c(O)c(-c3ccc(OC)c(O)c3)oc2c1,0.927,0.427,0.487,0.3,0.39,0.287,0.841,1
Oroxylin A,COc1c(O)cc2oc(-c3ccccc3)cc(=O)c2c1O,0.91,0.667,0.642,0.39,0.649,0.293,0.707,1
"(E)-3-(1,3-benzodioxol-5-yl)-N-[2-(4-methoxyphenyl)ethyl]prop-2-enamide",COc1ccc(CCNC(=O)/C=C/c2ccc3c(c2)OCO3)cc1,0.537,0.497,0.477,0.44,0.71,0.547,0.431,1
Batatifolin,COc1cc(-c2cc(=O)c3c(O)c(O)c(O)cc3o2)ccc1O,0.847,0.687,0.589,0.467,0.647,0.437,0.614,1
Bis-ferulamidobutane,COc1cc(/C=C/C(=O)NCCCCNC(=O)/C=C/c2ccc(O)c(OC)c2)ccc1O,0.153,0.588,0.423,0.403,0.27,0.777,0.636,1
Terrestriamide,COc1cc(/C=C/C(=O)NCC(=O)c2ccc(O)cc2)ccc1O,0.31,0.591,0.437,0.432,0.519,0.673,0.66,1
Gossypetin,O=c1c(O)c(-c2ccc(O)c(O)c2)oc2c(O)c(O)cc(O)c12,0.833,0.414,0.363,0.247,0.31,0.267,0.46,1
"Ergosta-5,7-dien-3beta-ol",CC(C)[C@@H](C)CC[C@@H](C)[C@H]1CC[C@H]2C3=CC=C4C[C@@H](O)CC[C@]4(C)[C@H]3CC[C@]12C,0.359,0.353,0.512,0.413,0.469,0.58,0.449,1
Jasmine lactone,CCC=CCC1CCCC(=O)O1,0.143,0.27,0.317,0.237,0.427,0.518,0.515,1
"Methyl 2,5-dihydroxycinnamate",COC(=O)/C=C/c1cc(O)ccc1O,0.56,0.533,0.447,0.427,0.48,0.357,0.422,1
Chrysoeriol,COc1cc(-c2cc(=O)c3c(O)cc(O)cc3o2)ccc1O,0.987,0.699,0.547,0.433,0.387,0.46,0.714,1
psi-Tectorigenin,COc1c(O)cc(O)c2c(=O)c(-c3ccc(O)cc3)coc12,0.81,0.61,0.55,0.457,0.501,0.58,0.604,1
Dehydrozingerone,COc1cc(/C=C/C(C)=O)ccc1O,0.163,0.598,0.383,0.547,0.229,0.73,0.667,1
Methyl ferulate,COC(=O)/C=C/c1ccc(O)c(OC)c1,0.203,0.588,0.417,0.483,0.225,0.763,0.692,1
Nordalbergin,O=c1cc(-c2ccccc2)c2cc(O)c(O)cc2o1,0.737,0.447,0.347,0.333,0.437,0.415,0.419,1
3'-Methoxypuerarin,COc1cc(-c2coc3c([C@@H]4O[C@H](CO)[C@@H](O)[C@H](O)[C@H]4O)c(O)ccc3c2=O)ccc1O,0.547,0.513,0.43,0.413,0.38,0.68,0.412,1
4'-Methoxypuerarin,COc1ccc(-c2coc3c([C@@H]4O[C@H](CO)[C@@H](O)[C@H](O)[C@H]4O)c(O)ccc3c2=O)cc1,0.603,0.48,0.487,0.387,0.386,0.6,0.444,1
Sappanchalcone,COc1cc(O)ccc1C(=O)/C=C/c1ccc(O)c(O)c1,0.537,0.451,0.471,0.58,0.596,0.507,0.532,1
"(2S,3R,4S,5S,6R)-2-[2,4-dihydroxy-6-[(E)-2-(4-hydroxyphenyl)ethenyl]phenoxy]-6-(hydroxymethyl)oxane-3,4,5-triol",OC[C@H]1O[C@@H](Oc2c(O)cc(O)cc2/C=C/c2ccc(O)cc2)[C@H](O)[C@@H](O)[C@@H]1O,0.523,0.497,0.653,0.46,0.484,0.357,0.459,1
"5,7,2',6'-Tetrahydroxyflavone",O=c1cc(-c2c(O)cccc2O)oc2cc(O)cc(O)c12,0.913,0.683,0.533,0.393,0.357,0.247,0.658,1
Sinactine,COc1cc2c(cc1OC)C1Cc3ccc4c(c3CN1CC2)OCO4,0.363,0.28,0.427,0.303,0.445,0.62,0.422,1
Methyl sinapate,COC(=O)/C=C/c1cc(OC)c(O)c(OC)c1,0.253,0.357,0.477,0.207,0.187,0.443,0.465,1
"[(10R,13R,17R)-17-(5-ethyl-6-methylheptan-2-yl)-10,13-dimethyl-2,3,4,7,8,9,11,12,14,15,16,17-dodecahydro-1H-cyclopenta[a]phenanthren-3-yl] (Z)-3-(4-hydroxy-3-methoxyphenyl)prop-2-enoate",CCC(CCC(C)[C@H]1CCC2C3CC=C4CC(OC(=O)C=Cc5ccc(O)c(OC)c5)CC[C@]4(C)C3CC[C@@]21C)C(C)C,0.267,0.473,0.554,0.415,0.37,0.65,0.573,1
Squamosamide,COc1cc(C=C(C(=O)NCCc2ccc(O)cc2)c2cc(OC)c(O)c(OC)c2)ccc1O,0.253,0.533,0.427,0.377,0.59,0.557,0.474,1
Ayanin,COc1cc(O)c2c(=O)c(OC)c(-c3ccc(OC)c(O)c3)oc2c1,0.897,0.567,0.557,0.343,0.37,0.11,0.867,1
Belamcandol A,CCCCC=CCCCCCCCCCc1cc(OC)cc(OC)c1O,0.547,0.407,0.565,0.382,0.497,0.47,0.4,1
Folerogenin,COc1cc(O)c2c(c1)OC(c1ccc(O)cc1)C(O)C2=O,0.44,0.517,0.46,0.318,0.52,0.473,0.525,1
9-O-Methylcoumestrol,COc1ccc2c(c1)oc1c3ccc(O)cc3oc(=O)c21,0.797,0.467,0.571,0.373,0.433,0.353,0.417,1
Rhamnocitrin,COc1cc(O)c2c(=O)c(O)c(-c3ccc(O)cc3)oc2c1,0.933,0.483,0.543,0.31,0.323,0.23,0.644,1
8-O-methylretusin,COc1ccc(-c2coc3c(OC)c(O)ccc3c2=O)cc1,0.74,0.527,0.53,0.32,0.418,0.513,0.571,1
Moracetin,O=c1c(O[C@@H]2O[C@H](CO[C@@H]3O[C@H](CO[C@@H]4O[C@H](CO)[C@@H](O)[C@H](O)[C@H]4O)[C@@H](O)[C@H](O)[C@H]3O)[C@@H](O)[C@H](O)[C@H]2O)c(-c2ccc(O)c(O)c2)oc2cc(O)cc(O)c12,0.633,0.408,0.463,0.68,0.163,0.3,0.846,1
Moracin B,COc1cc(O)cc(-c2cc3cc(O)c(OC)cc3o2)c1,0.68,0.473,0.613,0.46,0.493,0.403,0.4,1
Rhapontigenin,COc1ccc(/C=C/c2cc(O)cc(O)c2)cc1O,0.467,0.57,0.687,0.36,0.4,0.557,0.75,1
3'-O-Methylorobol,COc1cc(-c2coc3cc(O)cc(O)c3c2=O)ccc1O,0.833,0.549,0.453,0.337,0.318,0.657,0.653,1
Iristectorigenin A,COc1ccc(-c2coc3cc(O)c(OC)c(O)c3c2=O)cc1O,0.757,0.543,0.503,0.383,0.51,0.697,0.627,1
"4',5,7-trihydroxy-3-methoxyflavone-7-O-rutinoside",COc1c(-c2ccc(O)cc2)oc2cc(O[C@@H]3O[C@H](CO[C@@H]4O[C@@H](C)[C@H](O)[C@@H](O)[C@H]4O)[C@@H](O)[C@H](O)[C@H]3O)cc(O)c2c1=O,0.617,0.523,0.52,0.357,0.223,0.309,0.716,1
Cyclopentaneundecanoic acid,O=C(O)CCCCCCCCCCC1CCCC1,0.2,0.263,0.44,0.358,0.441,0.645,0.414,1
Retusin,COc1cc(O)c2c(=O)c(OC)c(-c3ccc(OC)c(OC)c3)oc2c1,0.853,0.597,0.597,0.353,0.373,0.137,1.0,1
Eupatilin,COc1ccc(-c2cc(=O)c3c(O)c(OC)c(O)cc3o2)cc1OC,0.897,0.673,0.71,0.603,0.693,0.587,0.537,1
Bergaptol,O=c1ccc2c(O)c3ccoc3cc2o1,0.793,0.72,0.603,0.623,0.24,0.274,0.421,1
Gingerenone A,COc1cc(CC/C=C/C(=O)CCc2ccc(O)c(OC)c2)ccc1O,0.54,0.673,0.353,0.143,0.542,0.703,0.791,1
Cajanin,COc1cc(O)c2c(=O)c(-c3ccc(O)cc3O)coc2c1,0.743,0.618,0.6,0.371,0.507,0.517,0.551,1
"5,7-Dimethoxy-4'-hydroxyflavanone",COc1cc(OC)c2c(c1)OC(c1ccc(O)cc1)CC2=O,0.358,0.428,0.36,0.274,0.552,0.377,0.653,1
Ginkgetin,COc1cc(O)c2c(=O)cc(-c3ccc(OC)c(-c4c(O)cc(O)c5c(=O)cc(-c6ccc(O)cc6)oc45)c3)oc2c1,0.857,0.65,0.569,0.517,0.543,0.373,0.519,1
Safrole,C=CCc1ccc2c(c1)OCO2,0.87,0.483,0.649,0.407,0.803,0.35,0.419,1
"5-Hydroxy-3',4',7-trimethoxyflavone",COc1cc(O)c2c(=O)cc(-c3ccc(OC)c(OC)c3)oc2c1,0.907,0.677,0.61,0.473,0.473,0.517,0.653,1
Calceolarioside B,O=C(/C=C/c1ccc(O)c(O)c1)OC[C@H]1O[C@@H](OCCc2ccc(O)c(O)c2)[C@H](O)[C@@H](O)[C@@H]1O,0.4,0.513,0.57,0.43,0.487,0.58,0.456,1
Fraxetin,COc1cc2ccc(=O)oc2c(O)c1O,0.66,0.587,0.557,0.399,0.277,0.277,0.488,1
Tectorigenin,COc1c(O)cc2occ(-c3ccc(O)cc3)c(=O)c2c1O,0.757,0.577,0.55,0.44,0.473,0.573,0.592,1
Afrormosin,COc1ccc(-c2coc3cc(O)c(OC)cc3c2=O)cc1,0.707,0.557,0.447,0.304,0.427,0.707,0.625,1
"5,7,3'-Trihydroxy-3,5'-dimethoxy-2'-(3'-methylbut-2-enyl)flavone",COc1cc(O)c(CC=C(C)C)c(-c2oc3cc(O)cc(O)c3c(=O)c2OC)c1,0.677,0.523,0.573,0.34,0.34,0.287,0.536,1
Coumestrol,O=c1oc2cc(O)ccc2c2oc3cc(O)ccc3c12,0.77,0.46,0.453,0.269,0.433,0.313,0.475,1
Daidzein,O=c1c(-c2ccc(O)cc2)coc2cc(O)ccc12,0.7,0.48,0.417,0.319,0.477,0.437,0.408,1
Oxyresveratrol,Oc1cc(O)cc(/C=C/c2ccc(O)cc2O)c1,0.203,0.66,0.827,0.417,0.7,0.103,0.432,1
Polydatin,OC[C@H]1O[C@@H](Oc2cc(O)cc(/C=C/c3ccc(O)cc3)c2)[C@H](O)[C@@H](O)[C@@H]1O,0.53,0.65,0.673,0.503,0.518,0.253,0.405,1
Pinosylvin methyl ether,COc1cc(O)cc(/C=C/c2ccccc2)c1,0.673,0.51,0.7,0.45,0.461,0.16,0.677,1
Pterostilbene,COc1cc(/C=C/c2ccc(O)cc2)cc(OC)c1,0.64,0.72,0.773,0.518,0.71,0.073,1.0,1
Pseudobaptigenin,O=c1c(-c2ccc3c(c2)OCO3)coc2cc(O)ccc12,0.68,0.543,0.477,0.303,0.557,0.457,0.456,1
Methyl 3-(4-hydroxy-3-methoxyphenyl)propanoate,COC(=O)CCc1ccc(O)c(OC)c1,0.357,0.43,0.423,0.147,0.407,0.653,0.565,1
Wighteone,CC(C)=CCc1c(O)cc2occ(-c3ccc(O)cc3)c(=O)c2c1O,0.593,0.58,0.523,0.39,0.453,0.457,0.456,1
Wedelolactone,COc1cc(O)c2c(c1)oc(=O)c1c3cc(O)c(O)cc3oc21,0.687,0.513,0.597,0.29,0.443,0.293,0.411,1
Texasin,COc1ccc(-c2coc3cc(O)c(O)cc3c2=O)cc1,0.717,0.467,0.467,0.263,0.411,0.607,0.667,1
Genistein 8-C-glucoside,O=c1c(-c2ccc(O)cc2)coc2c([C@@H]3O[C@H](CO)[C@@H](O)[C@H](O)[C@H]3O)c(O)cc(O)c12,0.57,0.508,0.457,0.407,0.427,0.57,0.403,1
7-O-allylapigenin,C=CCOc1cc(O)c2c(=O)cc(-c3ccc(O)cc3)oc2c1,0.857,0.67,0.56,0.443,0.54,0.253,0.636,1
Irilone,O=c1c(-c2ccc(O)cc2)coc2cc3c(c(O)c12)OCO3,0.647,0.567,0.513,0.337,0.613,0.54,0.411,1
Ethyl p-methoxycinnamate,CCOC(=O)/C=C/c1ccc(OC)cc1,0.367,0.39,0.48,0.36,0.347,0.598,0.488,1
Shogaol,CCCCC/C=C/C(=O)CCc1ccc(O)c(OC)c1,0.757,0.756,0.217,0.075,0.695,0.673,1.0,1
Orobol,O=c1c(-c2ccc(O)c(O)c2)coc2cc(O)cc(O)c12,0.86,0.45,0.373,0.29,0.295,0.433,0.523,1
Prunetin,COc1cc(O)c2c(=O)c(-c3ccc(O)cc3)coc2c1,0.79,0.563,0.491,0.349,0.41,0.47,0.689,1
Irisolidone,COc1ccc(-c2coc3cc(O)c(OC)c(O)c3c2=O)cc1,0.76,0.533,0.583,0.323,0.443,0.637,0.717,1
Tovophyllin B,CC(C)=CCc1c(O)c2c(c3c(=O)c4c(O)c5c(cc4oc13)OC(C)(C)C=C5)C=CC(C)(C)O2,0.517,0.537,0.597,0.39,0.543,0.333,0.413,1
Pratensein,COc1ccc(-c2coc3cc(O)cc(O)c3c2=O)cc1O,0.843,0.455,0.397,0.343,0.345,0.633,0.653,1
Acacetin,COc1ccc(-c2cc(=O)c3c(O)cc(O)cc3o2)cc1,0.973,0.693,0.567,0.317,0.363,0.327,0.744,1
Xenognosin A,COc1cc(O)ccc1C/C=C/c1ccc(O)cc1,0.573,0.577,0.67,0.493,0.66,0.397,0.462,1
Bruceantin,COC(=O)[C@@]12OC[C@]34[C@H]([C@@H](O)[C@@H]1O)[C@@]1(C)CC(=O)C(O)=C(C)[C@@H]1C[C@H]3OC(=O)[C@H](OC(=O)/C=C(\C)C(C)C)[C@@H]24,0.287,0.443,0.44,0.13,0.41,0.481,1.0,1
Quercetin,O=c1c(O)c(-c2ccc(O)c(O)c2)oc2cc(O)cc(O)c12,0.98,0.23,0.233,0.153,0.123,0.13,0.721,1
Isobavachalcone,CC(C)=CCc1c(O)ccc(C(=O)/C=C/c2ccc(O)cc2)c1O,0.477,0.547,0.53,0.597,0.657,0.27,0.456,1
4-Hydroxy-3-methoxycinnamaldehyde,COc1cc(/C=C/C=O)ccc1O,0.317,0.556,0.443,0.407,0.301,0.67,0.561,1
"3,7-Di-O-methylquercetin",COc1cc(O)c2c(=O)c(OC)c(-c3ccc(O)c(O)c3)oc2c1,0.89,0.546,0.55,0.31,0.257,0.117,0.783,1
Naringenin chalcone,O=C(/C=C/c1ccc(O)cc1)c1c(O)cc(O)cc1O,0.46,0.567,0.397,0.543,0.697,0.157,0.442,1
Genistein,O=c1c(-c2ccc(O)cc2)coc2cc(O)cc(O)c12,0.843,0.487,0.387,0.357,0.393,0.45,0.543,1
8-Methoxycoumarin,COc1cccc2ccc(=O)oc12,0.727,0.576,0.593,0.487,0.119,0.423,0.45,1
2-Amino-7-methoxyphenoxazin-3-one,COc1ccc2nc3cc(N)c(=O)cc-3oc2c1,0.787,0.443,0.526,0.442,0.527,0.582,0.44,1
Calycosin,COc1ccc(-c2coc3cc(O)ccc3c2=O)cc1O,0.707,0.477,0.423,0.387,0.55,0.69,0.528,1
Luteolin,O=c1cc(-c2ccc(O)c(O)c2)oc2cc(O)cc(O)c12,0.993,0.567,0.45,0.323,0.31,0.087,1.0,1
Apigenin,O=c1cc(-c2ccc(O)cc2)oc2cc(O)cc(O)c12,0.987,0.683,0.48,0.35,0.41,0.143,1.0,1
Resorcinol,Oc1cccc(O)c1,0.763,0.68,0.807,0.593,0.533,0.137,0.478,1
"3-(2,4-Dihydroxyphenyl)-1-(4-hydroxyphenyl)prop-2-en-1-one",O=C(C=Cc1ccc(O)cc1O)c1ccc(O)cc1,0.35,0.473,0.41,0.507,0.863,0.237,0.575,1
Pendulin,COc1cc2oc(-c3ccc(O[C@@H]4OC(CO)[C@@H](O)C(O)C4O)cc3)c(OC)c(=O)c2c(O)c1OC,0.63,0.568,0.553,0.46,0.373,0.337,0.488,1
8-Hydroxyquercetagetin,O=c1c(O)c(-c2ccc(O)c(O)c2)oc2c(O)c(O)c(O)c(O)c12,0.807,0.361,0.383,0.234,0.35,0.277,0.44,1
Bruceantinol,COC(=O)[C@@]12OC[C@]34[C@H]([C@@H](O)[C@@H]1O)[C@@]1(C)CC(=O)C(O)=C(C)[C@@H]1C[C@H]3OC(=O)[C@H](OC(=O)/C=C(\C)C(C)(C)OC(C)=O)[C@@H]24,0.317,0.44,0.457,0.207,0.443,0.448,0.779,1
Lupinalbin A,O=c1c2c(O)cc(O)cc2oc2oc3cc(O)ccc3c12,0.83,0.477,0.567,0.383,0.41,0.28,0.468,1
Stigmast-5-en-3-yl acetate,CCC(CCC(C)C1CCC2C3CC=C4CC(OC(C)=O)CCC4(C)C3CCC12C)C(C)C,0.303,0.403,0.52,0.267,0.346,0.623,0.734,1
Prunetinoside,COc1cc(O[C@@H]2OC(CO)[C@@H](O)[C@H](O)C2O)c2c(=O)c(-c3ccc(O)cc3)coc2c1,0.57,0.514,0.451,0.449,0.37,0.487,0.453,1
Iriskumaonin,COc1ccc(-c2coc3cc4c(c(OC)c3c2=O)OCO4)cc1O,0.623,0.58,0.537,0.373,0.61,0.78,0.525,1
Piscidone,COc1cc(O)c(O)c(CC=C(C)C)c1-c1coc2cc(O)cc(O)c2c1=O,0.6,0.476,0.547,0.303,0.402,0.437,0.4,1
Butein,O=C(/C=C/c1ccc(O)c(O)c1)c1ccc(O)cc1O,0.493,0.46,0.467,0.548,0.627,0.337,0.408,1
Abrectorin,COc1ccc(-c2cc(=O)c3cc(OC)c(O)cc3o2)cc1O,0.847,0.537,0.496,0.46,0.553,0.537,0.52,1
(-)-Anaferine,O=C(C[C@H]1CCCCN1)C[C@H]1CCCCN1,0.217,0.207,0.237,0.363,0.387,0.422,0.484,1
Tricin 7-glucuronide,COc1cc(-c2cc(=O)c3c(O)cc(O[C@@H]4OC(C(=O)O)[C@@H](O)[C@H](O)C4O)cc3o2)cc(OC)c1O,0.63,0.5,0.483,0.393,0.353,0.307,0.413,1
"8-beta-D-Glucopyranosyl-4',7-dihydroxyflavone",O=c1cc(-c2ccc(O)cc2)oc2c([C@@H]3OC(CO)[C@@H](O)[C@H](O)C3O)c(O)ccc12,0.74,0.465,0.478,0.433,0.431,0.39,0.403,1
"7,3',4'-Trihydroxyflavone 7-glucoside",O=c1cc(-c2ccc(O)c(O)c2)oc2cc(O[C@@H]3OC(CO)[C@@H](O)[C@H](O)C3O)ccc12,0.683,0.437,0.49,0.5,0.388,0.397,0.4,1
Baicalein 7-rhamnoside,CC1O[C@@H](Oc2cc3oc(-c4ccccc4)cc(=O)c3c(O)c2O)C(O)[C@@H](O)[C@H]1O,0.72,0.518,0.493,0.3,0.442,0.333,0.528,1
Abrusin,COc1c(OC)c(O)c2c(=O)cc(-c3ccc(O)cc3)oc2c1[C@@H]1OC(CO)[C@H](O)[C@H](O)C1O,0.76,0.558,0.538,0.47,0.431,0.343,0.438,1
"Apigenin 7,4'-diglucoside",O=c1cc(-c2ccc(O[C@@H]3OC(CO)[C@@H](O)C(O)C3O)cc2)oc2cc(O[C@@H]3O[C@@H](CO)[C@@H](O)C(O)C3O)cc(O)c12,0.713,0.507,0.497,0.49,0.313,0.26,0.481,1
Apigenin 7-(2''-glucuronosyllactate),CC(OC1OC(C(=O)O)C(O)C(O)C1O)C(=O)Oc1cc(O)c2c(=O)cc(-c3ccc(O)cc3)oc2c1,0.587,0.547,0.443,0.377,0.49,0.323,0.459,1
"2-(3,4-dihydroxyphenyl)-7-hydroxy-5-[(2S,4S,5S)-3,4,5-trihydroxy-6-(hydroxymethyl)oxan-2-yl]oxychromen-4-one",O=c1cc(-c2ccc(O)c(O)c2)oc2cc(O)cc(O[C@@H]3OC(CO)[C@@H](O)[C@H](O)C3O)c12,0.727,0.453,0.503,0.567,0.35,0.313,0.545,1
Lepidoside,CC1O[C@@H](Oc2cc(O)c3c(=O)c(O[C@@H]4OC[C@@H](O)C(O)C4O)c(-c4ccc(O)cc4)oc3c2)C(O)[C@@H](O)[C@H]1O,0.583,0.49,0.507,0.17,0.152,0.244,0.606,1
2-Methoxyanthraquinone,COc1ccc2c(c1)C(=O)c1ccccc1C2=O,0.66,0.527,0.43,0.348,0.485,0.57,0.483,1
"Apigenin 7,4'-diglucuronide",O=C(O)C1O[C@@H](Oc2ccc(-c3cc(=O)c4c(O)cc(O[C@@H]5O[C@@H](C(=O)O)[C@@H](O)C(O)C5O)cc4o3)cc2)C(O)C(O)[C@@H]1O,0.68,0.55,0.467,0.39,0.367,0.187,0.481,1
"5,6,7-Trimethoxyflavone",COc1cc2oc(-c3ccccc3)cc(=O)c2c(OC)c1OC,0.947,0.683,0.659,0.457,0.57,0.623,0.8,1
Isorhamnetin 3-sophoroside,COc1cc(-c2oc3cc(O)cc(O)c3c(=O)c2O[C@@H]2OC(CO)[C@@H](O)C(O)C2O[C@@H]2OC(CO)[C@@H](O)C(O)[C@H]2O)ccc1O,0.567,0.527,0.507,0.523,0.19,0.427,0.697,1
Hyperforin,CC(C)=CCC[C@]1(C)[C@@H](CC=C(C)C)C[C@@]2(CC=C(C)C)C(=O)[C@]1(C(=O)C(C)C)C(=O)C(CC=C(C)C)=C2O,0.327,0.403,0.43,0.377,0.728,0.38,0.862,1
Liquiritin,O=C1C[C@@H](c2ccc(O[C@@H]3O[C@H](CO)[C@@H](O)[C@H](O)[C@H]3O)cc2)Oc2cc(O)ccc21,0.35,0.406,0.347,0.4,0.375,0.493,0.415,1
Vitexin 2''-O-p-coumarate,O=C(/C=C/c1ccc(O)cc1)OC1[C@@H](O)[C@H](O)C(CO)O[C@H]1c1c(O)cc(O)c2c(=O)cc(-c3ccc(O)cc3)oc12,0.637,0.49,0.514,0.433,0.538,0.443,0.404,1
Chrysin-7-O-glucuronide,O=C(O)[C@H]1O[C@@H](Oc2cc(O)c3c(=O)cc(-c4ccccc4)oc3c2)[C@H](O)[C@@H](O)[C@@H]1O,0.697,0.663,0.47,0.303,0.372,0.203,0.491,1
Scutellarein 6-xyloside,O=c1cc(-c2ccc(O)cc2)oc2cc(O)c(O[C@@H]3OC[C@@H](O)[C@H](O)C3O)c(O)c12,0.683,0.497,0.586,0.397,0.507,0.34,0.481,1
Scutellarein 6-glucoside,O=c1cc(-c2ccc(O)cc2)oc2cc(O)c(O[C@@H]3OC(CO)[C@@H](O)[C@H](O)C3O)c(O)c12,0.713,0.49,0.57,0.52,0.453,0.337,0.456,1
Scutellarein 7-neohesperidoside,CC1O[C@@H](OC2[C@H](Oc3cc4oc(-c5ccc(O)cc5)cc(=O)c4c(O)c3O)OC(CO)[C@@H](O)[C@@H]2O)C(O)[C@@H](O)[C@H]1O,0.62,0.477,0.508,0.373,0.427,0.337,0.405,1
6-Hydroxyluteolin 7-glucuronide,O=C(O)C1O[C@@H](Oc2cc3oc(-c4ccc(O)c(O)c4)cc(=O)c3c(O)c2O)C(O)[C@@H](O)[C@@H]1O,0.637,0.481,0.497,0.44,0.507,0.192,0.458,1
Tabularin,COc1cc(OC)c(-c2cc(=O)c3c(O)c(OC)c(O)cc3o2)cc1OC,0.783,0.503,0.553,0.407,0.52,0.55,0.451,1
"4'-Hydroxy-5,6,7,8,3',5'-hexamethoxyflavone",COc1cc(-c2cc(=O)c3c(OC)c(OC)c(OC)c(OC)c3o2)cc(OC)c1O,0.86,0.547,0.57,0.37,0.463,0.31,0.511,1
Baicalein 6-glucoside,O=c1cc(-c2ccccc2)oc2cc(O)c(O[C@@H]3OC(CO)[C@@H](O)[C@H](O)C3O)c(O)c12,0.717,0.525,0.547,0.433,0.487,0.393,0.527,1
Torosaflavone A,CC1O[C@@H](c2c(O)cc3oc(-c4ccc(O)cc4)cc(=O)c3c2O)C[C@@H](O)[C@H]1O,0.59,0.53,0.513,0.363,0.5,0.307,0.473,1
Luteolin 4'-sulfate,O=c1cc(-c2ccc(OS(=O)(=O)O)c(O)c2)oc2cc(O)cc(O)c12,0.883,0.557,0.54,0.422,0.479,0.303,0.667,1
Cajaisoflavone,COc1cc(O)c(CC=C(C)C)c(O)c1-c1coc2cc3c(c(O)c2c1=O)C=CC(C)(C)O3,0.52,0.539,0.567,0.37,0.57,0.523,0.408,1
Okanin,O=C(/C=C/c1ccc(O)c(O)c1)c1ccc(O)c(O)c1O,0.54,0.447,0.457,0.517,0.482,0.347,0.442,1
Kaempferol 3-sambubioside-7-glucoside,O=c1c(O[C@@H]2OC(CO)[C@@H](O)C(O)C2O[C@@H]2OC[C@@H](O)C(O)[C@H]2O)c(-c2ccc(O)cc2)oc2cc(O[C@@H]3OC(CO)[C@@H](O)[C@H](O)C3O)cc(O)c12,0.58,0.461,0.5,0.447,0.315,0.303,0.518,1
"Kaempferol 3,7,4'-triglucoside",O=c1c(O[C@@H]2OC(CO)[C@@H](O)C(O)C2O)c(-c2ccc(O[C@@H]3OC(CO)[C@@H](O)[C@H](O)C3O)cc2)oc2cc(O[C@@H]3OC(CO)[C@@H](O)[C@H](O)C3O)cc(O)c12,0.633,0.414,0.477,0.522,0.248,0.277,0.575,1
Artonin L,COc1cc(O)c2c(=O)c3c(oc2c1)-c1c(OC)cc(O)c2c1C(C3)C(C)(C)O2,0.513,0.495,0.56,0.332,0.433,0.382,0.433,1
"5,6,8,3',4',5'-Hexamethoxyflavone",COc1cc(-c2cc(=O)c3c(OC)c(OC)cc(OC)c3o2)cc(OC)c1OC,0.89,0.48,0.55,0.397,0.457,0.717,0.619,1
Molludistin,COc1cc(O)c2c(=O)cc(-c3ccc(O)cc3)oc2c1[C@@H]1OC[C@H](O)[C@H](O)C1O,0.67,0.547,0.51,0.38,0.438,0.393,0.5,1
Eugenone,COc1cc(OC)c(C(=O)CC(C)=O)c(OC)c1,0.437,0.3,0.377,0.278,0.323,0.517,0.417,1
Datiscanin,O=c1c(O[C@@H]2O[C@H](CO)[C@@H](O)C(O)C2O)c(-c2ccccc2O)oc2cc(O)cc(O)c12,0.62,0.503,0.52,0.457,0.227,0.477,0.562,1
Peruvianoside III,CC1O[C@@H](OCC2O[C@@H](Oc3c(-c4ccc(O)c(O)c4)oc4cc(O)cc(O)c4c3=O)C(O[C@@H]3OC(CO)[C@@H](O)[C@H](O)C3O)[C@@H](O)[C@H]2O)[C@@H](O)C(O)[C@H]1O,0.55,0.408,0.473,0.513,0.107,0.326,0.833,1
"Isorhamnetin 3,7-diglucoside",COc1cc(-c2oc3cc(O[C@@H]4OC(CO)[C@@H](O)[C@H](O)C4O)cc(O)c3c(=O)c2O[C@H]2OC(CO)[C@@H](O)C(O)C2O)ccc1O,0.627,0.523,0.51,0.521,0.235,0.327,0.699,1
Crosatoside A,COc1cc(-c2oc3cc(O)cc(O)c3c(=O)c2O)ccc1O[C@H]1OC(CO)[C@@H](O)C(O)C1O[C@@H]1OC(C)[C@@H](O)C(O)[C@@H]1O,0.59,0.471,0.421,0.42,0.3,0.558,0.602,1
Isorhamnetin 3-rhamnosyl-(1->2)-[glucosyl-(1->6)-glucoside],COc1cc(-c2oc3cc(O)cc(O)c3c(=O)c2O[C@@H]2OC(CO[C@@H]3OC(CO)[C@@H](O)[C@H](O)C3O)[C@@H](O)[C@H](O)C2O[C@@H]2OC(C)[C@H](O)C(O)[C@@H]2O)ccc1O,0.533,0.524,0.517,0.453,0.11,0.453,0.842,1
Tamarixin,COc1ccc(-c2oc3cc(O)cc(O)c3c(=O)c2O[C@@H]2O[C@H](CO)[C@@H](O)C(O)C2O)cc1O,0.673,0.424,0.447,0.6,0.237,0.407,0.685,1
Multiflorin A,CC(=O)OCC1O[C@@H](O[C@H]2C(C)O[C@H](Oc3c(-c4ccc(O)cc4)oc4cc(O)cc(O)c4c3=O)[C@@H](O)C2O)C(O)C(O)[C@@H]1O,0.53,0.492,0.45,0.257,0.287,0.37,0.685,1
Myricetin 3-rutinoside,CC1O[C@@H](OCC2O[C@@H](Oc3c(-c4cc(O)c(O)c(O)c4)oc4cc(O)cc(O)c4c3=O)C(O)C(O)[C@@H]2O)C(O)[C@@H](O)[C@H]1O,0.613,0.417,0.493,0.327,0.153,0.419,0.846,1
"3,5-Dihydroxy-7,3',4',5'-tetramethoxyflavone",COc1cc(O)c2c(=O)c(O)c(-c3cc(OC)c(OC)c(OC)c3)oc2c1,0.873,0.503,0.577,0.287,0.37,0.62,0.837,1
Sylpin,COc1c(-c2ccc(O)cc2)oc2c(C)cc(O)c(O)c2c1=O,0.81,0.587,0.607,0.427,0.408,0.267,0.604,1
Hirsutidin 3-O-(6-O-p-coumaroyl)glucoside,COc1cc(O)c2cc(O[C@@H]3OC(COC(=O)/C=C/c4ccc(O)cc4)[C@@H](O)[C@H](O)C3O)c(-c3cc(OC)c(O)c(OC)c3)[o+]c2c1,0.427,0.55,0.56,0.433,0.54,0.547,0.483,1
Myosmine,c1cncc(C2=NCCC2)c1,0.723,0.228,0.223,0.2,0.283,0.497,0.519,1
Swertiajaponin,COc1cc2oc(-c3ccc(O)c(O)c3)cc(=O)c2c(O)c1[C@@H]1O[C@H](CO)[C@@H](O)[C@H](O)[C@H]1O,0.703,0.585,0.551,0.503,0.467,0.397,0.435,1
Thymonin,COc1cc(-c2cc(=O)c3c(O)c(O)c(OC)c(OC)c3o2)ccc1O,0.88,0.627,0.626,0.457,0.557,0.373,0.455,1
Rhamnetin 3-galactoside,COc1cc(O)c2c(=O)c(O[C@H]3O[C@H](CO)[C@H](O)C(O)C3O)c(-c3ccc(O)c(O)c3)oc2c1,0.643,0.465,0.52,0.608,0.263,0.277,0.662,1
"7-Methoxy-9,10-dihydrophenanthrene-2,5-diol",COc1cc(O)c2c(c1)CCc1cc(O)ccc1-2,0.443,0.577,0.667,0.448,0.533,0.347,0.4,1
Halfordinol,Oc1ccc(-c2cnc(-c3cccnc3)o2)cc1,0.8,0.323,0.285,0.223,0.4,0.363,0.424,1
2-Hydroxychrysophanol,Cc1cc2c(c(O)c1O)C(=O)c1c(O)cccc1C2=O,0.617,0.61,0.579,0.389,0.48,0.433,0.487,1
"7,3',4'-Trihydroxy-3,8-dimethoxyflavone",COc1c(-c2ccc(O)c(O)c2)oc2c(OC)c(O)ccc2c1=O,0.833,0.469,0.55,0.393,0.328,0.313,0.519,1
Quercetin 5-glucoside,O=c1c(O)c(-c2ccc(O)c(O)c2)oc2cc(O)cc(O[C@@H]3OC(CO)[C@@H](O)[C@H](O)C3O)c12,0.67,0.34,0.378,0.483,0.217,0.307,0.562,1
Cassiamin C,Cc1cc2c(c(O)c1-c1c(C)cc3c(c1O)C(=O)c1c(O)cccc1C3=O)C(=O)c1c(O)cccc1C2=O,0.647,0.583,0.557,0.369,0.435,0.463,0.487,1
Sayanedine,COc1ccc2c(=O)c(-c3ccc(O)c(OC)c3)coc2c1,0.73,0.661,0.541,0.37,0.473,0.659,0.519,1
"2-(3,4-dihydroxyphenyl)-5,7-dihydroxy-3-[(2S,5S)-3,4,5-trihydroxy-6-[[(2R,4S,5S)-3,4,5-trihydroxy-6-(hydroxymethyl)oxan-2-yl]oxymethyl]oxan-2-yl]oxychromen-4-one",O=c1c(O[C@@H]2OC(CO[C@@H]3OC(CO)[C@@H](O)[C@H](O)C3O)[C@@H](O)C(O)C2O)c(-c2ccc(O)c(O)c2)oc2cc(O)cc(O)c12,0.633,0.408,0.463,0.68,0.163,0.3,0.846,1
Droserone,CC1=C(O)c2cccc(O)c2C(=O)C1=O,0.74,0.643,0.627,0.478,0.559,0.497,0.514,1
Homoferreirin,COc1ccc(C2COc3cc(O)cc(O)c3C2=O)c(OC)c1,0.408,0.48,0.453,0.33,0.48,0.523,0.448,1
Ferreirin,COc1ccc(C2COc3cc(O)cc(O)c3C2=O)c(O)c1,0.48,0.483,0.477,0.306,0.467,0.437,0.473,1
Lupinisoflavone C,CC(C)(O)C1Cc2cc(-c3coc4cc(O)cc(O)c4c3=O)ccc2O1,0.46,0.477,0.382,0.357,0.443,0.577,0.4,1
"(2S,3R,4S,5S,6R)-2-[3-hydroxy-5-[(E)-2-(4-methoxyphenyl)ethenyl]phenoxy]-6-(hydroxymethyl)oxane-3,4,5-triol",COc1ccc(C=Cc2cc(O)cc(OC3OC(CO)C(O)C(O)C3O)c2)cc1,0.517,0.56,0.653,0.473,0.36,0.375,0.429,1
Nepetin,COc1c(O)cc2oc(-c3ccc(O)c(O)c3)cc(=O)c2c1O,0.883,0.6,0.637,0.487,0.613,0.317,0.6,1
Eupatolitin,COc1cc2oc(-c3ccc(O)c(O)c3)c(O)c(=O)c2c(O)c1OC,0.88,0.539,0.517,0.373,0.363,0.45,0.62,1
Cinnamyl alcohol,OC/C=C/c1ccccc1,0.683,0.39,0.643,0.5,0.433,0.407,0.462,1
7-Dehydrositosterol,CC[C@@H](CC[C@@H](C)[C@H]1CC[C@H]2C3=CC=C4C[C@@H](O)CC[C@]4(C)[C@H]3CC[C@]12C)C(C)C,0.372,0.413,0.496,0.384,0.387,0.553,0.585,1
"24-Methylene,25-methylcholesta-5-en-3beta-ol",C=C(CC[C@@H](C)[C@H]1CC[C@H]2[C@@H]3CC=C4C[C@@H](O)CC[C@]4(C)[C@H]3CC[C@]12C)C(C)(C)C,0.317,0.44,0.519,0.283,0.315,0.667,0.71,1
"24-methylcholesta-5,23E-dien-3beta-ol",C/C(=C\C[C@@H](C)[C@H]1CC[C@H]2[C@@H]3CC=C4C[C@@H](O)CC[C@]4(C)[C@H]3CC[C@]12C)C(C)C,0.327,0.373,0.543,0.297,0.387,0.533,0.651,1
"[(2R,3S,4S,5R,6S)-6-[(2S,3R,4S,5S,6R)-4,5-dihydroxy-2-[5-hydroxy-2-(4-hydroxyphenyl)-7-methyl-4-oxochromen-6-yl]-6-(hydroxymethyl)oxan-3-yl]oxy-3,4,5-trihydroxyoxan-2-yl]methyl (E)-3-(4-hydroxy-3-meth",COc1cc(/C=C/C(=O)OC[C@H]2O[C@@H](O[C@@H]3[C@@H](O)[C@H](O)[C@@H](CO)O[C@H]3c3c(C)cc4oc(-c5ccc(O)cc5)cc(=O)c4c3O)[C@H](O)[C@@H](O)[C@@H]2O)ccc1O,0.607,0.59,0.565,0.417,0.523,0.513,0.451,1
Methyl hesperidin,COc1ccc([C@@H]2CC(=O)c3c(O)cc(O[C@@H]4O[C@H](CO[C@@H]5O[C@@H](C)[C@H](O)[C@@H](O)[C@H]5O)[C@@H](O)[C@H](O)[C@H]4O)cc3O2)cc1OC,0.265,0.414,0.39,0.291,0.403,0.482,0.456,1
[(Z)-3-(4-hydroxy-3-methoxyphenyl)prop-2-enyl] (Z)-3-phenylprop-2-enoate,COc1cc(C=CCOC(=O)C=Cc2ccccc2)ccc1O,0.49,0.527,0.47,0.434,0.477,0.65,0.571,1
"3(2H)-Furanone, 5-methyl-2-octyl-",CCCCCCCCC1OC(C)=CC1=O,0.293,0.313,0.357,0.303,0.32,0.626,0.41,1
"5,6,7-Trihydroxy-2-methylchromone",Cc1cc(=O)c2c(O)c(O)c(O)cc2o1,0.633,0.41,0.463,0.213,0.473,0.3,0.553,1
Cryptomerin A,COc1ccc(-c2cc(=O)c3c(O)c(Oc4ccc(-c5cc(=O)c6c(O)cc(O)cc6o5)cc4)c(O)cc3o2)cc1,0.857,0.693,0.62,0.367,0.467,0.387,0.592,1
"6-[4-(5,7-Dihydroxy-4-oxochromen-2-yl)phenoxy]-5-hydroxy-7-methoxy-2-(4-methoxyphenyl)chromen-4-one",COc1ccc(-c2cc(=O)c3c(O)c(Oc4ccc(-c5cc(=O)c6c(O)cc(O)cc6o5)cc4)c(OC)cc3o2)cc1,0.877,0.74,0.633,0.433,0.497,0.517,0.569,1
Centaureidin,COc1ccc(-c2oc3cc(O)c(OC)c(O)c3c(=O)c2OC)cc1O,0.84,0.54,0.54,0.423,0.413,0.317,0.627,1
Bisdemethoxycurcumin,O=C(/C=C/c1ccc(O)cc1)CC(=O)/C=C/c1ccc(O)cc1,0.347,0.553,0.413,0.507,0.58,0.423,0.629,1
Juglanin,O=c1c(O[C@@H]2O[C@@H](CO)[C@H](O)[C@H]2O)c(-c2ccc(O)cc2)oc2cc(O)cc(O)c12,0.69,0.431,0.473,0.51,0.237,0.34,0.687,1
Justicidin D,COc1c2c(c(-c3ccc4c(c3)OCO4)c3cc4c(cc13)OCO4)COC2=O,0.624,0.516,0.558,0.327,0.56,0.46,0.4,1
"1,3,8-Trihydroxy-5-methoxy-xanthen-9-one",COc1ccc(O)c2c(=O)c3c(O)cc(O)cc3oc12,0.877,0.571,0.537,0.316,0.323,0.473,0.583,1
"7,3',4'-Trihydroxyflavone",O=c1cc(-c2ccc(O)c(O)c2)oc2cc(O)ccc12,0.913,0.503,0.524,0.423,0.473,0.237,0.684,1
Herbacitrin,O=c1c(O)c(-c2ccc(O)cc2)oc2c(O)c(O[C@@H]3O[C@H](CO)[C@@H](O)[C@H](O)[C@H]3O)cc(O)c12,0.68,0.441,0.496,0.437,0.348,0.46,0.443,1
Hexacosyl (E)-ferulate,CCCCCCCCCCCCCCCCCCCCCCCCCCOC(=O)/C=C/c1ccc(O)c(OC)c1,0.303,0.537,0.467,0.423,0.354,0.77,0.551,1
Thunberginol A,O=c1oc(-c2ccc(O)c(O)c2)cc2cccc(O)c12,0.723,0.546,0.51,0.3,0.417,0.287,0.467,1
6''-O-Acetylgenistin,CC(=O)OC[C@H]1O[C@@H](Oc2cc(O)c3c(=O)c(-c4ccc(O)cc4)coc3c2)[C@H](O)[C@@H](O)[C@@H]1O,0.487,0.509,0.425,0.399,0.447,0.443,0.481,1
Uralenin,CC(C)=CCc1cc(-c2cc(=O)c3c(O)cc(O)cc3o2)cc(O)c1O,0.803,0.503,0.527,0.33,0.432,0.223,0.551,1
Uralenol,CC(C)=CCc1cc(-c2oc3cc(O)cc(O)c3c(=O)c2O)cc(O)c1O,0.743,0.38,0.503,0.247,0.287,0.263,0.547,1
Casticin,COc1ccc(-c2oc3cc(OC)c(OC)c(O)c3c(=O)c2OC)cc1O,0.857,0.623,0.573,0.463,0.433,0.313,0.627,1
4'-Hydroxywogonin,COc1c(O)cc(O)c2c(=O)cc(-c3ccc(O)cc3)oc12,0.913,0.583,0.583,0.457,0.551,0.237,0.551,1
Cimiracemate B,COc1cc(/C=C/C(=O)OCC(=O)Cc2ccc(O)c(O)c2)ccc1O,0.293,0.551,0.49,0.417,0.407,0.693,0.519,1
Bilobetin,COc1ccc(-c2cc(=O)c3c(O)cc(O)cc3o2)cc1-c1c(O)cc(O)c2c(=O)cc(-c3ccc(O)cc3)oc12,0.9,0.633,0.517,0.513,0.547,0.373,0.608,1
"3,5-Dimethoxystilbene",COc1cc(/C=C/c2ccccc2)cc(OC)c1,0.693,0.483,0.69,0.519,0.438,0.467,0.655,1
Edultin,C/C=C(/C)C(=O)O[C@@H]1c2c(ccc3ccc(=O)oc23)O[C@@H]1C(C)(C)OC(C)=O,0.447,0.477,0.488,0.37,0.462,0.383,0.593,1
Linarin,COc1ccc(-c2cc(=O)c3c(O)cc(O[C@@H]4O[C@H](CO[C@@H]5O[C@@H](C)[C@H](O)[C@@H](O)[C@H]5O)[C@@H](O)[C@H](O)[C@H]4O)cc3o2)cc1,0.687,0.537,0.54,0.43,0.343,0.365,0.582,1
Iristectorin B,COc1cc(-c2coc3cc(O[C@@H]4O[C@H](CO)[C@@H](O)[C@H](O)[C@H]4O)c(OC)c(O)c3c2=O)ccc1O,0.563,0.592,0.523,0.433,0.337,0.557,0.459,1
"Quercetin 3,3'-dimethyl ether",COc1cc(-c2oc3cc(O)cc(O)c3c(=O)c2OC)ccc1O,0.927,0.588,0.517,0.433,0.164,0.34,0.773,1
"6-[4-(5,7-Dihydroxy-4-oxochromen-2-yl)phenoxy]-5-hydroxy-2-(4-hydroxyphenyl)-7-methoxychromen-4-one",COc1cc2oc(-c3ccc(O)cc3)cc(=O)c2c(O)c1Oc1ccc(-c2cc(=O)c3c(O)cc(O)cc3o2)cc1,0.87,0.743,0.587,0.493,0.497,0.473,0.633,1
Dichotomitin,COc1cc(-c2coc3cc4c(c(O)c3c2=O)OCO4)cc(O)c1OC,0.63,0.54,0.587,0.367,0.598,0.76,0.452,1
"1-(3,5-Dimethoxy-4-hydroxyphenyl)-7-(3-methoxy-4-hydroxyphenyl)-3,5-diacetoxyheptane",COc1cc(CCC(CC(CCc2cc(OC)c(O)c(OC)c2)OC(C)=O)OC(C)=O)ccc1O,0.27,0.468,0.503,0.245,0.478,0.513,0.414,1
Lupiwighteone,CC(C)=CCc1c(O)cc(O)c2c(=O)c(-c3ccc(O)cc3)coc12,0.667,0.597,0.537,0.42,0.45,0.453,0.464,1
Andrographin,COc1ccccc1-c1cc(=O)c2c(O)cc(OC)c(OC)c2o1,0.91,0.658,0.573,0.438,0.413,0.527,0.426,1
"[6]-Gingerdiol 3,5-diacetate",CCCCCC(CC(CCc1ccc(O)c(OC)c1)OC(C)=O)OC(C)=O,0.25,0.411,0.467,0.242,0.431,0.58,0.518,1
1-(4-hydroxy-3-methoxyphenyl)-7-(4-hydroxyphenyl)-(4E)-4-hepten-3-one,COc1cc(CCC(=O)/C=C/CCc2ccc(O)cc2)ccc1O,0.51,0.67,0.33,0.217,0.606,0.683,0.723,1
Ethyl caffeate,CCOC(=O)/C=C/c1ccc(O)c(O)c1,0.423,0.413,0.513,0.383,0.222,0.46,0.5,1
Gancaonin P 3'methyl ether,COc1cc(-c2oc3cc(O)c(CC=C(C)C)c(O)c3c(=O)c2O)ccc1O,0.73,0.584,0.543,0.343,0.397,0.417,0.508,1
Ipobscurine B,COc1cc([C@@H](O)[C@H](CO)Oc2ccc3[nH]cc(CCNC(=O)/C=C/c4ccc(O)cc4)c3c2)ccc1O,0.45,0.563,0.54,0.497,0.551,0.643,0.405,1
Hibiscetin heptamethyl ether,COc1cc(-c2oc3c(OC)c(OC)cc(OC)c3c(=O)c2OC)cc(OC)c1OC,0.783,0.463,0.563,0.33,0.373,0.563,0.469,1
Isofraxidin,COc1cc2ccc(=O)oc2c(OC)c1O,0.78,0.637,0.62,0.42,0.402,0.37,0.575,1
5-Hydroxy-7-(4-hydroxy-3-methoxyphenyl)-1-phenyl-3-heptanone,COc1cc(CCC(O)CC(=O)CCc2ccccc2)ccc1O,0.157,0.398,0.421,0.29,0.38,0.673,0.448,1
5-Hydroxylapachol,CC(C)=CCC1=C(O)c2c(O)cccc2C(=O)C1=O,0.64,0.581,0.663,0.443,0.482,0.443,0.419,1
"[4]-Gingerdiol 3,5-diacetate",CCCC(CC(CCc1ccc(O)c(OC)c1)OC(C)=O)OC(C)=O,0.29,0.444,0.46,0.272,0.48,0.56,0.464,1
"5-Hydroxy-3,6,7-trimethoxy-2-(4-methoxyphenyl)chromen-4-one",COc1ccc(-c2oc3cc(OC)c(OC)c(O)c3c(=O)c2OC)cc1,0.853,0.657,0.667,0.34,0.39,0.31,0.608,1
4-Methoxycoumarin,COc1cc(=O)oc2ccccc12,0.787,0.503,0.46,0.362,0.453,0.753,0.439,1
Caffeic acid 3-glucoside,O=C(O)/C=C/c1ccc(O)c(O[C@@H]2O[C@H](CO)[C@@H](O)[C@H](O)[C@H]2O)c1,0.327,0.467,0.46,0.4,0.264,0.6,0.411,1
"1-(4-Hydroxy-3-methoxyphenyl)tetradecane-3,5-diol",CCCCCCCCCC(O)CC(O)CCc1ccc(O)c(OC)c1,0.327,0.607,0.663,0.279,0.429,0.587,0.509,1
Andrographidine C,COc1cc(O[C@@H]2O[C@H](CO)[C@@H](O)[C@H](O)[C@H]2O)c2c(=O)cc(-c3ccccc3)oc2c1OC,0.763,0.515,0.57,0.453,0.333,0.483,0.444,1
Isoginkgetin,COc1ccc(-c2cc(=O)c3c(O)cc(O)c(-c4cc(-c5cc(=O)c6c(O)cc(O)cc6o5)ccc4OC)c3o2)cc1,0.88,0.617,0.567,0.447,0.453,0.45,0.527,1
Isolicoflavonol,CC(C)=CCc1cc(-c2oc3cc(O)cc(O)c3c(=O)c2O)ccc1O,0.773,0.4,0.49,0.267,0.29,0.24,0.574,1
Isoliquiritin,O=C(/C=C/c1ccc(O[C@@H]2O[C@H](CO)[C@@H](O)[C@H](O)[C@H]2O)cc1)c1ccc(O)cc1O,0.457,0.432,0.51,0.517,0.501,0.395,0.43,1
Isoneobavachalcone,COc1cc(O)c(C=O)cc1C(=O)/C=C/c1ccc(O)cc1,0.553,0.433,0.451,0.613,0.656,0.463,0.51,1
"7-methoxy-3-[4-[(2S,3R,4S,5S,6R)-3,4,5-trihydroxy-6-(hydroxymethyl)oxan-2-yl]oxyphenyl]chromen-4-one",COc1ccc2c(=O)c(-c3ccc(O[C@@H]4O[C@H](CO)[C@@H](O)[C@H](O)[C@H]4O)cc3)coc2c1,0.563,0.521,0.437,0.449,0.385,0.546,0.406,1
Isorhapontigenin,COc1cc(/C=C/c2cc(O)cc(O)c2)ccc1O,0.437,0.693,0.66,0.42,0.337,0.467,0.6,1
Isosalipurposide,O=C(/C=C/c1ccc(O)cc1)c1c(O)cc(O)cc1O[C@@H]1O[C@H](CO)[C@@H](O)[C@H](O)[C@H]1O,0.457,0.488,0.457,0.49,0.463,0.34,0.493,1
"methyl (9R,10R)-12-ethyl-4-[(13S)-17-ethyl-17-hydroxy-13-methoxycarbonyl-1,11-diazatetracyclo[13.3.1.04,12.05,10]nonadeca-4(12),5,7,9-tetraen-13-yl]-10-hydroxy-5-methoxy-8,16-diazapentacyclo[10.6.1.01",CCC1(O)CC2CN(CCc3c([nH]c4ccccc34)[C@@](C(=O)OC)(c3cc4c(cc3OC)N[C@@H]3C45CCN4CC=CC(CC)(C[C@]3(O)C(=O)OC)C45)C2)C1,0.38,0.433,0.407,0.507,0.503,0.386,0.643,1
6-Demethoxycapillarisin,O=c1cc(Oc2ccc(O)cc2)oc2cc(O)cc(O)c12,0.79,0.563,0.464,0.35,0.48,0.314,0.585,1
2-Pentylpyridine,CCCCCc1ccccn1,0.703,0.437,0.769,0.743,0.466,0.577,0.419,1
(10)-Gingerol,CCCCCCCCC[C@H](O)CC(=O)CCc1ccc(O)c(OC)c1,0.037,0.89,0.913,0.02,0.423,0.627,0.574,1
Pluviatolide,COc1cc(C[C@H]2C(=O)OC[C@@H]2Cc2ccc3c(c2)OCO3)ccc1O,0.343,0.588,0.573,0.05,0.78,0.597,0.76,1
Nordihydrocapsaicin,COc1cc(CNC(=O)CCCCCC(C)C)ccc1O,0.49,0.497,0.493,0.31,0.496,0.673,0.407,1
"2-Methoxy-1,4-naphthoquinone",COC1=CC(=O)c2ccccc2C1=O,0.527,0.397,0.343,0.314,0.392,0.5,0.41,1
Kaempferol 3-rutinoside 7-glucoside,C[C@@H]1O[C@@H](OC[C@H]2O[C@@H](Oc3c(-c4ccc(O)cc4)oc4cc(O[C@@H]5O[C@H](CO)[C@@H](O)[C@H](O)[C@H]5O)cc(O)c4c3=O)[C@H](O)[C@@H](O)[C@@H]2O)[C@H](O)[C@H](O)[C@H]1O,0.587,0.481,0.46,0.362,0.2,0.316,0.736,1
Oxypeucedanin hydrate,CC(C)(O)[C@H](O)COc1c2ccoc2cc2oc(=O)ccc12,0.57,0.594,0.547,0.627,0.623,0.377,0.684,1
Dendrophenol,COc1cc(CCc2cc(OC)c(O)c(OC)c2)ccc1O,0.44,0.454,0.617,0.15,0.342,0.553,0.5,1
4-(2-Aminoethyl)-2-methoxyphenol,COc1cc(CCN)ccc1O,0.42,0.43,0.673,0.27,0.378,0.573,0.489,1
4-Hydroxy-3-methoxyphenylacetone,COc1cc(CC(C)=O)ccc1O,0.357,0.448,0.403,0.217,0.313,0.567,0.486,1
Kaempferol-3-O-(2'-O-beta-D-glucopyl)-beta-D-rutinoside,C[C@@H]1O[C@@H](OC[C@H]2O[C@@H](Oc3c(-c4ccc(O)cc4)oc4cc(O)cc(O)c4c3=O)[C@H](O[C@@H]3O[C@H](CO)[C@@H](O)[C@H](O)[C@H]3O)[C@@H](O)[C@@H]2O)[C@H](O)[C@H](O)[C@H]1O,0.56,0.468,0.467,0.383,0.16,0.386,0.733,1
Epigallocatechin 3-O-cinnamate,O=C(/C=C/c1ccccc1)O[C@@H]1Cc2c(O)cc(O)cc2O[C@@H]1c1cc(O)c(O)c(O)c1,0.46,0.447,0.423,0.444,0.433,0.733,0.507,1
Sikokianin A,COc1ccc([C@H]2Oc3cc(O)cc(O)c3C(=O)[C@H]2[C@@H]2C(=O)c3c(O)cc(O)cc3O[C@@H]2c2ccc(O)cc2)cc1,0.503,0.475,0.417,0.338,0.533,0.487,0.588,1
"7H-1,4-Dioxino[2,3-c]xanthen-7-one, 2,3-dihydro-3-(4-hydroxy-3-methoxyphenyl)-2-(hydroxymethyl)-5-methoxy-, trans-(+/-)-",COc1cc([C@@H]2Oc3c(OC)cc4c(=O)c5ccccc5oc4c3O[C@H]2CO)ccc1O,0.533,0.55,0.478,0.403,0.36,0.657,0.443,1
6-Chloroapigenin,O=c1cc(-c2ccc(O)cc2)oc2cc(O)c(Cl)c(O)c12,0.89,0.6,0.539,0.43,0.593,0.27,0.65,1
"2',4'-Dihydroxy-2,3',6'-trimethoxychalcone",COc1ccccc1/C=C/C(=O)c1c(OC)cc(O)c(OC)c1O,0.747,0.517,0.5,0.494,0.577,0.39,0.531,1
Cerasin,COc1ccc(/C=C/C(=O)c2c(O)cc(O)cc2OC)c(OC)c1,0.663,0.407,0.457,0.46,0.533,0.36,0.571,1
Anisofolin A,O=C(/C=C/c1ccc(O)cc1)OC[C@H]1O[C@@H](Oc2cc(O)c3c(=O)cc(-c4ccc(O)cc4)oc3c2)[C@H](O)[C@@H](OC(=O)/C=C/c2ccc(O)cc2)[C@@H]1O,0.623,0.547,0.515,0.467,0.58,0.373,0.6,1
Hydnowightin,COc1cc(/C=C(\CO)c2cc([C@H]3Oc4cc(-c5cc(=O)c6c(O)cc(O)cc6o5)ccc4O[C@@H]3CO)cc(OC)c2O)ccc1O,0.597,0.56,0.501,0.407,0.384,0.55,0.466,1
Vanillyl beta-D-glucopyranoside,COc1cc(CO[C@@H]2O[C@H](CO)[C@@H](O)[C@H](O)[C@H]2O)ccc1O,0.45,0.516,0.577,0.19,0.287,0.503,0.413,1
Colchiceinamid,COc1cc2c(c(OC)c1OC)-c1ccc(N)c(=O)cc1[C@@H](NC(C)=O)CC2,0.428,0.394,0.423,0.347,0.26,0.293,0.833,1
Leptinidine,C[C@H]1C[C@H](O)[C@@H]2[C@@H](C)[C@H]3[C@H](C[C@H]4[C@@H]5CC=C6C[C@@H](O)CC[C@]6(C)[C@H]5CC[C@]34C)N2C1,0.353,0.42,0.554,0.359,0.424,0.51,0.432,1
Govanine,COc1cc2c(cc1O)[C@@H]1Cc3cc(OC)c(OC)cc3CN1CC2,0.313,0.273,0.337,0.25,0.274,0.583,0.464,1
boesenbergin B,COc1cc2c(c(O)c1C(=O)/C=C/c1ccccc1)C=CC(C)(CCC=C(C)C)O2,0.517,0.477,0.513,0.482,0.647,0.373,0.554,1
"5,6,7,3',4',5'-Hexamethoxyflavone",COc1cc(-c2cc(=O)c3c(OC)c(OC)c(OC)cc3o2)cc(OC)c1OC,0.897,0.563,0.663,0.403,0.572,0.947,0.763,1
10-Demethylcephaeline,CC[C@H]1CN2CCc3cc(OC)c(O)cc3[C@@H]2C[C@@H]1C[C@H]1NCCc2cc(O)c(OC)cc21,0.357,0.297,0.297,0.243,0.418,0.302,0.471,1
6-Hydroxyluteolin 7-glucoside,O=c1cc(-c2ccc(O)c(O)c2)oc2cc(O[C@@H]3O[C@H](CO)[C@@H](O)[C@H](O)[C@H]3O)c(O)c(O)c12,0.683,0.46,0.547,0.527,0.437,0.272,0.466,1
1-Demethylcolchicine,COc1cc2c(c(O)c1OC)-c1ccc(OC)c(=O)cc1[C@@H](NC(C)=O)CC2,0.503,0.411,0.45,0.412,0.34,0.303,0.849,1
Kuwanon L,CC1=C[C@H](c2c(O)ccc([C@@H]3CC(=O)c4c(O)cc(O)cc4O3)c2O)[C@@H](C(=O)c2ccc(O)cc2O)[C@H](c2ccc(O)cc2O)C1,0.357,0.453,0.407,0.342,0.458,0.502,0.42,1
Siderin,COc1cc(C)c2c(OC)cc(=O)oc2c1,0.603,0.367,0.53,0.293,0.42,0.533,0.477,1
Khellol,COc1c2ccoc2cc2oc(CO)cc(=O)c12,0.833,0.603,0.647,0.587,0.6,0.383,0.451,1
Salvadourea,COc1cccc(CNC(=O)NCc2cccc(OC)c2)c1,0.44,0.587,0.463,0.492,0.665,0.553,0.591,1
"4',5,7-Trihydroxy-3,6-dimethoxyflavone",COc1c(O)cc2oc(-c3ccc(O)cc3)c(OC)c(=O)c2c1O,0.83,0.583,0.597,0.56,0.29,0.233,0.744,1
Mesuaxanthone A,COc1cc(O)c2c(=O)c3cccc(O)c3oc2c1,0.838,0.585,0.603,0.327,0.348,0.303,0.491,1
Cirsimaritin,COc1cc2oc(-c3ccc(O)cc3)cc(=O)c2c(O)c1OC,0.937,0.79,0.706,0.645,0.667,0.447,0.583,1
Palmatine,COc1cc2c(cc1OC)-c1cc3ccc(OC)c(OC)c3c[n+]1CC2,0.48,0.547,0.54,0.56,0.853,0.663,0.826,1
"5-Hydroxy-7,8-dimethoxyflavone",COc1cc(O)c2c(=O)cc(-c3ccccc3)oc2c1OC,0.95,0.652,0.616,0.457,0.43,0.393,0.583,1
Diarctigenin,COc1ccc(C[C@H]2COC(=O)[C@@H]2Cc2cc(OC)c(O)c(-c3cc(C[C@H]4C(=O)OC[C@@H]4Cc4ccc(OC)c(OC)c4)cc(OC)c3O)c2)cc1OC,0.307,0.433,0.453,0.098,0.637,0.69,0.755,1
(1R)-2-(methylamino)-1-phenylpropan-1-ol;hydrochloride,CNC(C)[C@H](O)c1ccccc1.Cl,0.39,0.237,0.403,0.76,0.209,0.453,0.472,1
Cirsilineol,COc1cc(-c2cc(=O)c3c(O)c(OC)c(OC)cc3o2)ccc1O,0.927,0.813,0.726,0.63,0.693,0.577,0.551,1
Irisflorentin,COc1cc(-c2coc3cc4c(c(OC)c3c2=O)OCO4)cc(OC)c1OC,0.61,0.553,0.58,0.29,0.613,0.863,0.424,1
Hymenoxin,COc1ccc(-c2cc(=O)c3c(O)c(OC)c(O)c(OC)c3o2)cc1OC,0.88,0.63,0.627,0.47,0.587,0.527,0.491,1
Gingerdione,CCCCCC(=O)CC(=O)CCc1ccc(O)c(OC)c1,0.213,0.287,0.6,0.127,0.215,0.627,0.646,1
Irisolone,COc1c2c(cc3occ(-c4ccc(O)cc4)c(=O)c13)OCO2,0.63,0.61,0.563,0.38,0.61,0.643,0.474,1
Corydalmine,COc1cc2c(cc1OC)[C@@H]1Cc3ccc(O)c(OC)c3CN1CC2,0.343,0.353,0.403,0.279,0.357,0.58,0.443,1
Ternatin A1,O=C(O)CC(=O)OC[C@H]1O[C@@H](Oc2cc3c(O)cc(O)cc3[o+]c2-c2cc(O[C@@H]3O[C@H](COC(=O)/C=C/c4ccc(O[C@@H]5O[C@H](COC(=O)/C=C/c6ccc(O[C@@H]7O[C@H](CO)[C@@H](O)[C@H](O)[C@@H]7O)cc6)[C@@H](O)[C@H](O)[C@H]5O)cc4)[C@@H](O)[C@H](O)[C@@H]3O)c(O)c(O[C@@H]3O[C@H](COC(=O)/C=C/c4ccc(O[C@@H]5O[C@H](COC(=O)/C=C/c6ccc(O[C@@H]7O[C@H](CO)[C@@H](O)[C@H](O)[C@H]7O)cc6)[C@@H](O)[C@@H](O)[C@H]5O)cc4)[C@@H](O)[C@H](O)[C@H]3O)c2)[C@H](O)[C@@H](O)[C@@H]1O,0.43,0.46,0.49,0.477,0.523,0.503,0.443,1
Bellidifolin,COc1cc(O)c2c(=O)c3c(O)ccc(O)c3oc2c1,0.817,0.642,0.637,0.294,0.303,0.267,0.52,1
4-(2-(Dimethylamino)ethyl)-2-methoxyphenol,COc1cc(CCN(C)C)ccc1O,0.433,0.46,0.577,0.347,0.604,0.61,0.458,1
Podophyllotoxin acetate,COc1cc([C@@H]2c3cc4c(cc3[C@H](OC(C)=O)[C@H]3COC(=O)[C@H]23)OCO4)cc(OC)c1OC,0.48,0.593,0.593,0.273,0.617,0.587,0.412,1
"9,10-Anthracenedione, 1-hydroxy-3-methyl-",Cc1cc(O)c2c(c1)C(=O)c1ccccc1C2=O,0.67,0.523,0.493,0.314,0.394,0.493,0.4,1
Deoxytubulosine,CC[C@H]1CN2CCc3cc(OC)c(OC)cc3[C@@H]2C[C@@H]1C[C@H]1NCCc2c1[nH]c1ccccc21,0.417,0.377,0.39,0.389,0.553,0.438,0.446,1
Hydroxysitosterol,CC[C@@H](CC[C@@H](C)[C@H]1CC[C@H]2[C@@H]3[C@H](O)C=C4C[C@@H](O)CC[C@]4(C)[C@H]3CC[C@]12C)C(C)C,0.352,0.43,0.512,0.303,0.294,0.52,0.705,1
Bergapten,COc1c2ccoc2cc2oc(=O)ccc12,0.93,0.873,0.837,0.857,0.78,0.394,0.476,1
"3,7,4'-Trihydroxyflavone",O=c1c(O)c(-c2ccc(O)cc2)oc2cc(O)ccc12,0.84,0.509,0.493,0.406,0.453,0.357,0.48,1
Diosmetin,COc1ccc(-c2cc(=O)c3c(O)cc(O)cc3o2)cc1O,0.987,0.595,0.463,0.42,0.41,0.417,0.714,1
Diosmin,COc1ccc(-c2cc(=O)c3c(O)cc(O[C@@H]4O[C@H](CO[C@@H]5O[C@@H](C)[C@H](O)[C@@H](O)[C@H]5O)[C@@H](O)[C@H](O)[C@H]4O)cc3o2)cc1O,0.677,0.507,0.507,0.43,0.333,0.395,0.6,1
Fisetin,O=c1c(O)c(-c2ccc(O)c(O)c2)oc2cc(O)ccc12,0.823,0.457,0.453,0.4,0.403,0.34,0.48,1
Galangin,O=c1c(O)c(-c2ccccc2)oc2cc(O)cc(O)c12,0.963,0.512,0.44,0.287,0.255,0.337,0.622,1
Genkwanin,COc1cc(O)c2c(=O)cc(-c3ccc(O)cc3)oc2c1,0.937,0.7,0.596,0.43,0.5,0.26,0.737,1
Geraldone,COc1cc(-c2cc(=O)c3ccc(O)cc3o2)ccc1O,0.893,0.618,0.584,0.51,0.55,0.55,0.591,1
Gossypin,O=c1c(O)c(-c2ccc(O)c(O)c2)oc2c(O[C@@H]3O[C@H](CO)[C@@H](O)[C@H](O)[C@H]3O)c(O)cc(O)c12,0.66,0.441,0.451,0.457,0.305,0.467,0.5,1
Dihydromyricetin,O=C1c2c(O)cc(O)cc2O[C@H](c2cc(O)c(O)c(O)c2)[C@H]1O,0.367,0.431,0.327,0.21,0.393,0.48,0.492,1
Hispidulin,COc1c(O)cc2oc(-c3ccc(O)cc3)cc(=O)c2c1O,0.887,0.67,0.666,0.533,0.633,0.317,0.605,1
6-Hydroxyluteolin,O=c1cc(-c2ccc(O)c(O)c2)oc2cc(O)c(O)c(O)c12,0.853,0.527,0.502,0.373,0.677,0.157,0.711,1
Hypolaetin,O=c1cc(-c2ccc(O)c(O)c2)oc2c(O)c(O)cc(O)c12,0.873,0.464,0.453,0.36,0.447,0.173,0.61,1
Hinokiflavone,O=c1cc(-c2ccc(Oc3c(O)cc4oc(-c5ccc(O)cc5)cc(=O)c4c3O)cc2)oc2cc(O)cc(O)c12,0.843,0.653,0.547,0.41,0.49,0.287,0.705,1
"1,8-Dihydroxy-2,6-dimethoxy-9H-xanthen-9-one",COc1cc(O)c2c(=O)c3c(O)c(OC)ccc3oc2c1,0.76,0.587,0.62,0.303,0.447,0.397,0.625,1
Orientin,O=c1cc(-c2ccc(O)c(O)c2)oc2c([C@@H]3O[C@H](CO)[C@@H](O)[C@H](O)[C@H]3O)c(O)cc(O)c12,0.66,0.483,0.458,0.397,0.418,0.36,0.446,1
Cupressuflavone,O=c1cc(-c2ccc(O)cc2)oc2c(-c3c(O)cc(O)c4c(=O)cc(-c5ccc(O)cc5)oc34)c(O)cc(O)c12,0.893,0.536,0.482,0.403,0.66,0.167,0.615,1
Norswertianin,O=c1c2c(O)cc(O)cc2oc2ccc(O)c(O)c12,0.837,0.537,0.6,0.208,0.267,0.337,0.476,1
Swerchirin,COc1cc(O)c2c(=O)c3c(O)ccc(OC)c3oc2c1,0.83,0.642,0.593,0.317,0.413,0.37,0.58,1
Swertianin,COc1cc(O)c2c(=O)c3c(O)c(O)ccc3oc2c1,0.77,0.58,0.663,0.268,0.333,0.337,0.551,1
Isoscutellarein,O=c1cc(-c2ccc(O)cc2)oc2c(O)c(O)cc(O)c12,0.873,0.529,0.482,0.35,0.55,0.143,0.615,1
Kaempferide,COc1ccc(-c2oc3cc(O)cc(O)c3c(=O)c2O)cc1,0.983,0.423,0.48,0.19,0.173,0.387,0.733,1
Morin,O=c1c(O)c(-c2ccc(O)cc2O)oc2cc(O)cc(O)c12,0.873,0.387,0.487,0.29,0.3,0.303,0.578,1
Norathyriol,O=c1c2cc(O)c(O)cc2oc2cc(O)cc(O)c12,0.8,0.407,0.48,0.253,0.295,0.363,0.452,1
Euxanthone,O=c1c2cc(O)ccc2oc2cccc(O)c12,0.817,0.633,0.563,0.407,0.502,0.453,0.429,1
Myricetin,O=c1c(O)c(-c2cc(O)c(O)c(O)c2)oc2cc(O)cc(O)c12,0.86,0.316,0.41,0.183,0.167,0.233,0.667,1
Robinetin,O=c1c(O)c(-c2cc(O)c(O)c(O)c2)oc2cc(O)ccc12,0.773,0.476,0.487,0.433,0.407,0.347,0.44,1
Robinin,C[C@@H]1O[C@@H](OC[C@H]2O[C@@H](Oc3c(-c4ccc(O)cc4)oc4cc(O[C@@H]5O[C@@H](C)[C@H](O)[C@@H](O)[C@H]5O)cc(O)c4c3=O)[C@H](O)[C@@H](O)[C@H]2O)[C@H](O)[C@H](O)[C@H]1O,0.597,0.497,0.49,0.27,0.203,0.303,0.779,1
Robustaflavone,O=c1cc(-c2ccc(O)c(-c3c(O)cc4oc(-c5ccc(O)cc5)cc(=O)c4c3O)c2)oc2cc(O)cc(O)c12,0.91,0.659,0.53,0.423,0.51,0.19,0.705,1
Sciadopitysin,COc1ccc(-c2cc(=O)c3c(O)cc(O)c(-c4cc(-c5cc(=O)c6c(O)cc(OC)cc6o5)ccc4OC)c3o2)cc1,0.85,0.643,0.589,0.457,0.493,0.443,0.464,1
Tamarixetin,COc1ccc(-c2oc3cc(O)cc(O)c3c(=O)c2O)cc1O,0.987,0.352,0.363,0.283,0.283,0.44,1.0,1
Chrysosplenetin,COc1cc(-c2oc3cc(OC)c(OC)c(O)c3c(=O)c2OC)ccc1O,0.84,0.713,0.607,0.477,0.361,0.343,0.627,1
Pachypodol,COc1cc(O)c2c(=O)c(OC)c(-c3ccc(O)c(OC)c3)oc2c1,0.887,0.64,0.617,0.36,0.293,0.183,0.867,1
"5,8-Dihydroxy-7-methoxyflavone",COc1cc(O)c2c(=O)cc(-c3ccccc3)oc2c1O,0.91,0.585,0.529,0.4,0.42,0.277,0.531,1
"2,4,5-Trimethoxybenzaldehyde",COc1cc(OC)c(OC)cc1C=O,0.437,0.197,0.282,0.183,0.123,0.633,0.577,1
Dtxsid20939464,CCC1(O)CC2CN(CCc3c([nH]c4ccccc34)C(C(=O)OC)(c3cc4c(cc3OC)NC3C(O)(C(=O)OC)C(OC(C)=O)C5(CC)C=CCN6CCC43C65)C2)C1,0.403,0.46,0.378,0.524,0.373,0.286,0.811,1
Norwogonin,O=c1cc(-c2ccccc2)oc2c(O)c(O)cc(O)c12,0.907,0.583,0.496,0.317,0.5,0.173,0.641,1
(S)-4-(1-Hydroxyallyl)phenyl acetate,C=C[C@H](O)c1ccc(OC(C)=O)cc1,0.29,0.393,0.267,0.38,0.277,0.407,0.452,1
Bruceine I,CCOC(=O)[C@@]12OC[C@]34[C@H]([C@@H](O)[C@@H]1O)[C@@]1(C)CC(=O)C(O)=C(C)[C@@H]1C[C@H]3OC(=O)C[C@@H]24,0.363,0.407,0.463,0.289,0.447,0.477,0.537,1
Chrysin,O=c1cc(-c2ccccc2)oc2cc(O)cc(O)c12,1.0,0.853,0.493,0.157,0.195,0.16,0.8,1
Wogonin,COc1c(O)cc(O)c2c(=O)cc(-c3ccccc3)oc12,0.94,0.633,0.616,0.443,0.488,0.263,0.542,1
Rhamnetin,COc1cc(O)c2c(=O)c(O)c(-c3ccc(O)c(O)c3)oc2c1,0.923,0.396,0.457,0.25,0.26,0.183,0.681,1
Quercetagetin,O=c1c(O)c(-c2ccc(O)c(O)c2)oc2cc(O)c(O)c(O)c12,0.813,0.32,0.367,0.21,0.373,0.23,0.521,1
7-Hydroxyflavone,O=c1cc(-c2ccccc2)oc2cc(O)ccc12,0.98,0.647,0.547,0.337,0.499,0.243,1.0,1
Lonicerin,C[C@@H]1O[C@@H](O[C@H]2[C@H](Oc3cc(O)c4c(=O)cc(-c5ccc(O)c(O)c5)oc4c3)O[C@H](CO)[C@@H](O)[C@@H]2O)[C@H](O)[C@H](O)[C@H]1O,0.613,0.44,0.48,0.427,0.307,0.252,0.494,1
Laricitrin,COc1cc(-c2oc3cc(O)cc(O)c3c(=O)c2O)cc(O)c1O,0.867,0.362,0.447,0.24,0.21,0.53,0.833,1
Quosp,O=c1c(O[C@@H]2O[C@H](CO)[C@@H](O)[C@H](O)[C@H]2O[C@@H]2O[C@H](CO)[C@@H](O)[C@H](O)[C@H]2O)c(-c2ccc(O)c(O)c2)oc2cc(O)cc(O)c12,0.583,0.418,0.437,0.647,0.2,0.27,0.667,1
Diferulic acid,COc1cc(/C=C/C(=O)O)cc(-c2cc(/C=C/C(=O)O)cc(OC)c2O)c1O,0.323,0.277,0.38,0.25,0.283,0.483,0.413,1
2-Decenoic acid,CCCCCCC/C=C/C(=O)O,0.417,0.233,0.289,0.193,0.353,0.467,0.4,1
2-Dodecenoic acid,CCCCCCCCC/C=C/C(=O)O,0.417,0.233,0.289,0.193,0.353,0.467,0.4,1
Hexadecenoic acid,CCCCCCCCCCCCC/C=C/C(=O)O,0.417,0.233,0.289,0.193,0.353,0.467,0.4,1
Daphnoretin,COc1cc2cc(Oc3ccc4ccc(=O)oc4c3)c(=O)oc2cc1O,0.74,0.557,0.577,0.397,0.383,0.403,0.458,1
Quercetin 3-sophorotrioside,O=c1c(O[C@@H]2O[C@H](CO)[C@@H](O)[C@H](O)[C@H]2O[C@@H]2O[C@H](CO)[C@@H](O)[C@H](O)[C@H]2O[C@@H]2O[C@H](CO)[C@@H](O)[C@H](O)[C@H]2O)c(-c2ccc(O)c(O)c2)oc2cc(O)cc(O)c12,0.577,0.421,0.44,0.643,0.203,0.277,0.658,1
4-Hydroxychalcone,O=C(/C=C/c1ccc(O)cc1)c1ccccc1,0.543,0.503,0.437,0.607,0.99,0.297,0.553,1
"5,7-Dihydroxychromone",O=c1ccoc2cc(O)cc(O)c12,0.8,0.513,0.51,0.293,0.36,0.227,0.5,1
2'-Hydroxygenistein,O=c1c(-c2ccc(O)cc2O)coc2cc(O)cc(O)c12,0.79,0.573,0.493,0.35,0.495,0.513,0.429,1
Archangelicin,CC=C(C)C(=O)OC(C)(C)[C@H]1Oc2ccc3ccc(=O)oc3c2[C@H]1OC(=O)/C(C)=C\C,0.433,0.503,0.523,0.363,0.452,0.37,0.593,1
Umbelliferone,O=c1ccc2ccc(O)cc2o1,0.73,0.547,0.51,0.366,0.419,0.252,0.486,1
Brassicasterol,CC(C)[C@@H](C)/C=C/[C@@H](C)[C@H]1CC[C@H]2[C@@H]3CC=C4C[C@@H](O)CC[C@]4(C)[C@H]3CC[C@]12C,0.307,0.43,0.536,0.406,0.368,0.602,0.629,1
Agathisflavone,O=c1cc(-c2ccc(O)cc2)oc2cc(O)c(-c3c(O)cc(O)c4c(=O)cc(-c5ccc(O)cc5)oc34)c(O)c12,0.89,0.647,0.536,0.473,0.683,0.18,0.614,1
Axillarin,COc1c(O)cc2oc(-c3ccc(O)c(O)c3)c(OC)c(=O)c2c1O,0.827,0.536,0.527,0.4,0.29,0.263,0.583,1
Amentoflavone,O=c1cc(-c2ccc(O)c(-c3c(O)cc(O)c4c(=O)cc(-c5ccc(O)cc5)oc34)c2)oc2cc(O)cc(O)c12,0.917,0.64,0.487,0.43,0.557,0.18,0.689,1
Tectochrysin,COc1cc(O)c2c(=O)cc(-c3ccccc3)oc2c1,0.98,0.765,0.593,0.277,0.422,0.217,0.65,1
Tricin,COc1cc(-c2cc(=O)c3c(O)cc(O)cc3o2)cc(OC)c1O,0.903,0.575,0.527,0.357,0.357,0.47,0.619,1
Tricetin,O=c1cc(-c2cc(O)c(O)c(O)c2)oc2cc(O)cc(O)c12,0.897,0.527,0.467,0.277,0.31,0.183,0.73,1
Tambulin,COc1ccc(-c2oc3c(OC)c(OC)cc(O)c3c(=O)c2O)cc1,0.857,0.57,0.623,0.33,0.393,0.57,0.538,1
Baicalein,O=c1cc(-c2ccccc2)oc2cc(O)c(O)c(O)c12,0.877,0.677,0.522,0.273,0.775,0.14,1.0,1
Syringetin,COc1cc(-c2oc3cc(O)cc(O)c3c(=O)c2O)cc(OC)c1O,0.863,0.362,0.458,0.243,0.193,0.57,0.854,1
"1,3,5,8-Tetrahydroxyxanthone",O=c1c2c(O)cc(O)cc2oc2c(O)ccc(O)c12,0.87,0.587,0.533,0.223,0.25,0.237,0.476,1
Junipercomnoside A,COc1cc([C@H]2Oc3c(O)cc(CCCO)cc3[C@@H]2CO)ccc1O[C@@H]1OC[C@@H](O)[C@H](O)[C@H]1O,0.363,0.519,0.532,0.388,0.347,0.66,0.408,1
Junipercomnoside B,COc1cc([C@H]2Oc3c(OC)cc(CCCO[C@@H]4O[C@H](CO)[C@@H](O)[C@H](O)[C@H]4O)cc3[C@@H]2CO[C@@H]2O[C@@H](C)[C@H](O)[C@@H](O)[C@H]2O)ccc1O,0.343,0.501,0.5,0.34,0.312,0.605,0.412,1
Vincathicine,CCC1(O)CN2CCC34C(=Nc5ccccc53)C(C(=O)OC)(c3cc5c(cc3OC)N(C)C3C(O)(C(=O)OC)C(OC(C)=O)C6(CC)C=CCN7CCC53C76)CC(C2)C14,0.453,0.497,0.6,0.45,0.477,0.44,0.595,1
Patuletin,COc1c(O)cc2oc(-c3ccc(O)c(O)c3)c(O)c(=O)c2c1O,0.85,0.459,0.473,0.313,0.323,0.353,0.58,1
Bruceine B,COC(=O)[C@@]12OC[C@]34[C@H]([C@@H](O)[C@@H]1O)[C@@]1(C)CC(=O)C(O)=C(C)[C@@H]1C[C@H]3OC(=O)[C@H](OC(C)=O)[C@@H]24,0.277,0.463,0.44,0.207,0.415,0.428,0.8,1
Syringetin-3-glucoside,COc1cc(-c2oc3cc(O)cc(O)c3c(=O)c2OC2O[C@H](CO)[C@@H](O)[C@H](O)[C@H]2O)cc(OC)c1O,0.667,0.399,0.487,0.45,0.163,0.493,0.667,1
Berberine,COc1ccc2cc3[n+](cc2c1OC)CCc1cc2c(cc1-3)OCO2,0.58,0.563,0.596,0.743,0.683,0.628,0.698,1
Neoisoliquiritin,O=C(/C=C/c1ccc(O)cc1)c1ccc(O[C@@H]2O[C@H](CO)[C@@H](O)[C@@H](O)[C@H]2O)cc1O,0.457,0.453,0.48,0.533,0.521,0.401,0.436,1
Colchiceine,COc1cc2c(c(OC)c1OC)-c1ccc(O)c(=O)cc1[C@@H](NC(C)=O)CC2,0.432,0.427,0.44,0.345,0.267,0.343,0.849,1
N-Methylsolasodine,C[C@@H]1CC[C@]2(O[C@H]3C[C@H]4[C@@H]5CC=C6C[C@@H](O)CC[C@]6(C)[C@H]5CC[C@]4(C)[C@H]3[C@@H]2C)N(C)C1,0.36,0.423,0.526,0.377,0.421,0.487,0.416,1
Vitedoin A,COc1cc([C@H]2c3c(ccc(O)c3OC)C=C(C=O)[C@@H]2CO)ccc1O,0.427,0.505,0.467,0.32,0.453,0.565,0.413,1
Dehydro-10-gingerdione,CCCCCCCCCC(=O)/C=C(O)/C=C/c1ccc(O)c(OC)c1,0.323,0.613,0.53,0.403,0.392,0.74,0.56,1
Amsacrine,COc1cc(NS(C)(=O)=O)ccc1Nc1c2ccccc2nc2ccccc12,0.653,0.593,0.597,0.18,0.59,0.764,0.421,1
"3-[6-[[3,5-Dihydroxy-6-methyl-4-(3,4,5-trihydroxy-6-methyloxan-2-yl)oxyoxan-2-yl]oxymethyl]-3,4,5-trihydroxyoxan-2-yl]oxy-2-(3,4-dihydroxyphenyl)-5-hydroxy-7-methoxychromen-4-one",COc1cc(O)c2c(=O)c(OC3OC(COC4OC(C)C(O)C(OC5OC(C)C(O)C(O)C5O)C4O)C(O)C(O)C3O)c(-c3ccc(O)c(O)c3)oc2c1,0.547,0.452,0.537,0.437,0.247,0.296,0.784,1
Eupalitin,COc1cc2oc(-c3ccc(O)cc3)c(O)c(=O)c2c(O)c1OC,0.873,0.577,0.603,0.452,0.457,0.4,0.625,1
Herbacin,O=c1c(O)c(-c2ccc(O)cc2)oc2c(O[C@H]3O[C@@H](CO)[C@H](O)[C@@H](O)[C@@H]3O)c(O)cc(O)c12,0.68,0.457,0.511,0.41,0.362,0.483,0.474,1
beta-Mangostin,COc1cc2oc3cc(O)c(OC)c(CC=C(C)C)c3c(=O)c2c(O)c1CC=C(C)C,0.607,0.52,0.604,0.313,0.447,0.37,0.415,1
7alpha-Hydroxystigmasterol,CC[C@@H](/C=C/[C@@H](C)[C@H]1CC[C@H]2[C@@H]3[C@H](O)C=C4C[C@@H](O)CC[C@]4(C)[C@H]3CC[C@]12C)C(C)C,0.343,0.403,0.566,0.43,0.434,0.525,0.458,1
Demecolcine,CN[C@H]1CCc2cc(OC)c(OC)c(OC)c2-c2ccc(OC)c(=O)cc21,0.482,0.444,0.493,0.4,0.363,0.4,0.769,1
Acetovanillone,COc1cc(C(C)=O)ccc1O,0.343,0.4,0.303,0.297,0.317,0.51,0.429,1
Bersaldegenin 3-acetate,CC(=O)O[C@H]1C[C@@H](O)[C@]2(C=O)[C@H]3CC[C@]4(C)[C@@H](c5ccc(=O)oc5)CC[C@]4(O)[C@@H]3CC[C@]2(O)C1,0.408,0.527,0.647,0.4,0.617,0.44,0.527,1
Chelidonine,CN1Cc2c(ccc3c2OCO3)[C@@H]2[C@H]1c1cc3c(cc1C[C@@H]2O)OCO3,0.47,0.46,0.521,0.47,0.383,0.617,0.412,1
Albanin D,CC(C)=CCCC(C)=CCc1c(O)cc2oc(-c3ccc(O)cc3)cc(=O)c2c1O,0.733,0.623,0.593,0.463,0.597,0.28,0.473,1
1-(4-Hydroxy-3-methoxyphenyl)dodecan-3-one,CCCCCCCCCC(=O)CCc1ccc(O)c(OC)c1,0.153,0.263,0.837,0.07,0.201,0.627,0.66,1
Theophylline,Cn1c(=O)c2[nH]cnc2n(C)c1=O,0.513,0.4,0.493,0.298,0.53,0.483,0.514,1
Isounonal,Cc1c(O)c(C=O)c2oc(-c3ccccc3)cc(=O)c2c1O,0.853,0.61,0.467,0.379,0.52,0.267,0.479,1
5-O-Methylgenistein,COc1cc(O)cc2occ(-c3ccc(O)cc3)c(=O)c12,0.81,0.477,0.417,0.383,0.437,0.57,0.56,1
Dihydrocubebin,OC[C@H](Cc1ccc2c(c1)OCO2)[C@H](CO)Cc1ccc2c(c1)OCO2,0.495,0.439,0.513,0.083,0.913,0.332,0.7,1
"2-(3,4-dihydroxyphenyl)-5-hydroxy-7-[(2S,3R)-4-hydroxy-4-(hydroxymethyl)-3-[(2S,3R,4R,5S,6R)-3,4,5-trihydroxy-6-(hydroxymethyl)oxan-2-yl]oxyoxolan-2-yl]oxychromen-4-one",O=c1cc(-c2ccc(O)c(O)c2)oc2cc(O[C@@H]3OCC(O)(CO)[C@H]3O[C@@H]3O[C@H](CO)[C@@H](O)[C@@H](O)[C@H]3O)cc(O)c12,0.597,0.49,0.45,0.557,0.4,0.323,0.429,1
"1,3-Dihydroxy-6,7-dimethoxyxanthone",COc1cc2oc3cc(O)cc(O)c3c(=O)c2cc1OC,0.813,0.428,0.5,0.31,0.26,0.58,0.565,1
Stigmast-7-en-3-one,CC[C@H](CC[C@@H](C)[C@H]1CC[C@H]2C3=CCC4CC(=O)CC[C@]4(C)[C@H]3CC[C@]12C)C(C)C,0.42,0.44,0.478,0.412,0.483,0.53,0.444,1
Swietenocoumarin E,CC(C)(O)C(O)Cc1c2occc2cc2ccc(=O)oc12,0.527,0.508,0.64,0.46,0.408,0.313,0.479,1
Dihydro-5-(2-octenyl)-2(3H)-furanone,CCCCC/C=C/CC1CCC(=O)O1,0.113,0.273,0.343,0.345,0.328,0.58,0.595,1
Floribundoside,O=C1CC(c2ccc(O)cc2)Oc2cc(O)cc(O[C@@H]3O[C@H](CO)[C@@H](O)[C@@H](O)[C@H]3O)c21,0.237,0.351,0.313,0.351,0.375,0.39,0.468,1
24-Methyldesmosterol,CC(C)=C(C)CC[C@@H](C)[C@H]1CC[C@H]2[C@@H]3CC=C4C[C@@H](O)CC[C@]4(C)[C@H]3CC[C@]12C,0.363,0.39,0.509,0.23,0.397,0.66,0.717,1
9-Hydroxycalabaxanthone,COc1c(O)cc2oc3cc4c(c(O)c3c(=O)c2c1CC=C(C)C)C=CC(C)(C)O4,0.597,0.64,0.66,0.457,0.65,0.427,0.535,1
Myricetin-3-O-rhamnoside,C[C@@H]1O[C@@H](Oc2cc(-c3oc4cc(O)cc(O)c4c(=O)c3O)cc(O)c2O)[C@H](O)[C@H](O)[C@H]1O,0.663,0.378,0.417,0.26,0.217,0.442,0.563,1
"3-Hydroxy-8,9-dimethoxycoumestan",COc1cc2oc3c4ccc(O)cc4oc(=O)c3c2cc1OC,0.77,0.49,0.517,0.366,0.477,0.56,0.434,1
Lucernol,O=c1oc2cc(O)c(O)cc2c2oc3cc(O)ccc3c12,0.74,0.49,0.507,0.297,0.49,0.32,0.432,1
Cinnamyl benzoate,O=C(OC/C=C/c1ccccc1)c1ccccc1,0.61,0.377,0.433,0.43,0.58,0.517,0.424,1
Jaceosidin,COc1cc(-c2cc(=O)c3c(O)c(OC)c(O)cc3o2)ccc1O,0.897,0.707,0.682,0.547,0.653,0.517,0.52,1
Neohydnocarpin,COc1cc([C@H]2c3cc(O)c(O)cc3-c3oc4cc(O)cc(O)c4c(=O)c3[C@H]2CO)ccc1O,0.62,0.655,0.593,0.393,0.383,0.492,0.433,1
Sequoiaflavone,COc1cc(O)c2c(=O)cc(-c3ccc(O)c(-c4c(O)cc(O)c5c(=O)cc(-c6ccc(O)cc6)oc45)c3)oc2c1,0.897,0.69,0.569,0.477,0.58,0.26,0.538,1
Glisoflavone,COc1cc(O)cc2occ(-c3cc(O)c(O)c(CC=C(C)C)c3)c(=O)c12,0.633,0.473,0.503,0.32,0.4,0.483,0.422,1
Palustroside,COc1ccc(-c2cc(=O)c3c(O)cc(OC4O[C@H](COC5OC[C@H](O)[C@H](O)[C@H]5O)[C@@H](O)[C@H](O)[C@H]4O)cc3o2)cc1O,0.667,0.513,0.517,0.497,0.433,0.39,0.477,1
"4-[(1E)-3,3-dimethylpenta-1,4-dienyl]phenol",C=CC(C)(C)/C=C/c1ccc(O)cc1,0.453,0.597,0.613,0.49,0.653,0.233,0.4,1
Thunberginol B,O=c1oc(-c2ccc(O)c(O)c2)cc2cc(O)cc(O)c12,0.74,0.437,0.48,0.3,0.377,0.167,0.61,1
Buchanaxanthone,COc1c(O)ccc2c(=O)c3c(O)cccc3oc12,0.827,0.598,0.643,0.404,0.404,0.417,0.412,1
Norartocarpetin,O=c1cc(-c2ccc(O)cc2O)oc2cc(O)cc(O)c12,0.92,0.613,0.547,0.357,0.41,0.253,0.722,1
"3,3',4',5,7-Pentahydroxyflavone 3-beta-D-glucofuranoside",O=c1c(O[C@@H]2O[C@H]([C@H](O)CO)[C@H](O)[C@H]2O)c(-c2ccc(O)c(O)c2)oc2cc(O)cc(O)c12,0.523,0.36,0.417,0.444,0.263,0.273,0.625,1
"Coumarine, 6-(7-hydroxycoumarin-8-yl)-7-methoxy-",COc1cc2oc(=O)ccc2cc1-c1c(O)ccc2ccc(=O)oc12,0.683,0.657,0.547,0.413,0.35,0.42,0.408,1
Lanceolarin,COc1ccc(-c2coc3cc(O[C@@H]4O[C@H](CO[C@@H]5OC[C@](O)(CO)[C@H]5O)[C@@H](O)[C@H](O)[C@H]4O)cc(O)c3c2=O)cc1,0.493,0.54,0.54,0.427,0.413,0.54,0.446,1
Ochnaflavone,O=c1cc(-c2ccc(Oc3cc(-c4cc(=O)c5c(O)cc(O)cc5o4)ccc3O)cc2)oc2cc(O)cc(O)c12,0.93,0.654,0.543,0.387,0.41,0.343,0.682,1
Kaempferol 3-O-arabinoside,O=c1c(O[C@@H]2OC[C@H](O)[C@H](O)[C@H]2O)c(-c2ccc(O)cc2)oc2cc(O)cc(O)c12,0.65,0.453,0.467,0.273,0.217,0.287,0.604,1
Albanin A,CC(C)=CCc1c(-c2ccc(O)cc2O)oc2cc(O)cc(O)c2c1=O,0.69,0.493,0.547,0.327,0.39,0.257,0.463,1
Licoflavonol,CC(C)=CCc1c(O)cc2oc(-c3ccc(O)cc3)c(O)c(=O)c2c1O,0.71,0.497,0.527,0.34,0.437,0.257,0.431,1
Sotetsuflavone,COc1cc(O)c2c(=O)cc(-c3ccc(O)cc3)oc2c1-c1cc(-c2cc(=O)c3c(O)cc(O)cc3o2)ccc1O,0.933,0.659,0.497,0.493,0.527,0.327,0.608,1
8-Hydroxygenistein,O=c1c(-c2ccc(O)cc2)coc2c(O)c(O)cc(O)c12,0.78,0.593,0.457,0.377,0.487,0.477,0.532,1
kaempferol 3-O-beta-D-galactopyranosyl-7-O-alpha-L-rhamnopyranoside,C[C@@H]1O[C@@H](Oc2cc(O)c3c(=O)c(O[C@@H]4O[C@H](CO)[C@H](O)[C@H](O)[C@H]4O)c(-c4ccc(O)cc4)oc3c2)[C@H](O)[C@H](O)[C@H]1O,0.607,0.464,0.457,0.346,0.178,0.286,0.653,1
Tanakine,CC(C)(O)C(O)Cc1c[nH]c2ccccc12,0.51,0.52,0.547,0.649,0.673,0.613,0.453,1
6-Methoxykaempferol,COc1c(O)cc2oc(-c3ccc(O)cc3)c(O)c(=O)c2c1O,0.85,0.487,0.58,0.41,0.39,0.343,0.63,1
"3,5-Dihydroxy-6,7,8-trimethoxyflavone",COc1c(OC)c(O)c2c(=O)c(O)c(-c3ccccc3)oc2c1OC,0.85,0.538,0.6,0.424,0.453,0.373,0.451,1
"5,7-Dihydroxy-3,6,8-trimethoxyflavone",COc1c(O)c(OC)c2oc(-c3ccccc3)c(OC)c(=O)c2c1O,0.867,0.653,0.693,0.517,0.524,0.42,0.51,1
"5,7-Dihydroxy-3',4',5'-trimethoxyflavone",COc1cc(-c2cc(=O)c3c(O)cc(O)cc3o2)cc(OC)c1OC,0.94,0.628,0.6,0.41,0.44,0.723,0.659,1
Decussatin,COc1cc(O)c2c(=O)c3c(OC)c(OC)ccc3oc2c1,0.8,0.55,0.567,0.3,0.47,0.41,0.681,1
Piperic acid,O=C(O)/C=C/C=C/c1ccc2c(c1)OCO2,0.593,0.419,0.383,0.33,0.623,0.327,0.545,1
7-Hydroxy-2-methyl-3-phenyl-4H-chromen-4-one,Cc1oc2cc(O)ccc2c(=O)c1-c1ccccc1,0.81,0.511,0.487,0.36,0.467,0.44,0.548,1
Hydroxywighteone,C/C(=C\Cc1c(O)cc2occ(-c3ccc(O)cc3)c(=O)c2c1O)CO,0.6,0.557,0.527,0.407,0.47,0.47,0.441,1
"1-Hydroxy-3,5,8-trimethoxyxanthen-9-one",COc1cc(O)c2c(=O)c3c(OC)ccc(OC)c3oc2c1,0.863,0.587,0.56,0.282,0.377,0.373,0.592,1
Cannabiscitrin,O=c1c(O)c(-c2cc(O)c(O)c(O[C@@H]3O[C@H](CO)[C@@H](O)[C@H](O)[C@H]3O)c2)oc2cc(O)cc(O)c12,0.67,0.342,0.445,0.41,0.22,0.437,0.525,1
Methyl octadecenoate,CCCCCCCCCCCCCCC/C=C/C(=O)OC,0.453,0.302,0.373,0.232,0.356,0.503,0.404,1
"5,7-Dihydroxyisoflavone",O=c1c(-c2ccccc2)coc2cc(O)cc(O)c12,0.843,0.597,0.443,0.313,0.292,0.547,0.5,1
Flemichapparin,COc1cc(C(=O)/C=C/c2ccccc2)c(O)cc1O,0.787,0.336,0.497,0.63,0.392,0.53,0.659,1
3'-(1''-(3-Methylbutanoyl))-angeloyl vaginidiol,C/C=C(/C)C(=O)OC1c2c(ccc3ccc(=O)oc23)OC1C(C)(C)OC(=O)CC(C)C,0.393,0.47,0.44,0.357,0.469,0.387,0.522,1
Hyperin 6''-[glucosyl-(1->3)-rhamnoside],C[C@@H]1O[C@@H](OC[C@H]2O[C@@H](Oc3c(-c4ccc(O)c(O)c4)oc4cc(O)cc(O)c4c3=O)[C@H](O)[C@@H](O)[C@H]2O)[C@H](O)[C@H](O[C@@H]2O[C@H](CO)[C@@H](O)[C@H](O)[C@H]2O)[C@H]1O,0.567,0.398,0.47,0.53,0.123,0.323,0.833,1
p-Coumaroyltyramine,O=C(/C=C/c1ccc(O)cc1)NCCc1ccc(O)cc1,0.323,0.557,0.41,0.52,0.597,0.403,0.404,1
Campestan-3-one,CC(C)[C@H](C)CC[C@@H](C)[C@H]1CC[C@H]2[C@@H]3CCC4CC(=O)CC[C@]4(C)[C@H]3CC[C@]12C,0.367,0.419,0.587,0.357,0.546,0.619,0.4,1
Zerumbone,C/C1=C/CC(C)(C)/C=C\C(=O)/C(C)=C\CC1,0.303,0.303,0.477,0.069,0.07,0.443,0.561,1
Noreugenin,Cc1cc(=O)c2c(O)cc(O)cc2o1,0.78,0.447,0.49,0.2,0.29,0.297,0.568,1
"Benzene, bromoethenyl-",BrC=Cc1ccccc1,0.65,0.35,0.693,0.51,0.437,0.397,0.478,1
beta-Hydroxypropiovanillone,COc1cc(C(=O)CCO)ccc1O,0.253,0.38,0.37,0.213,0.383,0.55,0.413,1
2-Hydroxyxanthone,O=c1c2ccccc2oc2ccc(O)cc12,0.773,0.551,0.487,0.353,0.477,0.56,0.415,1
Naringenin-7-rhamnoglucoside,O=C1CC(c2ccc(O)cc2)Oc2cc(O[C@@H]3O[C@H](CO)[C@@H](O)[C@H](O)[C@H]3O[C@@H]3O[C@@H](CO)[C@H](O)[C@@H](O)[C@H]3O)cc(O)c21,0.285,0.372,0.377,0.361,0.398,0.32,0.463,1
Kaempferitrin,C[C@@H]1O[C@@H](Oc2cc(O)c3c(=O)c(O[C@@H]4O[C@@H](C)[C@H](O)[C@@H](O)[C@H]4O)c(-c4ccc(O)cc4)oc3c2)[C@H](O)[C@H](O)[C@H]1O,0.64,0.497,0.473,0.127,0.125,0.226,0.683,1
4-Methoxybenzyl alcohol,COc1ccc(CO)cc1,0.607,0.27,0.613,0.397,0.487,0.42,0.4,1
"3,4,5-Trimethoxybenzyl alcohol",COc1cc(CO)cc(OC)c1OC,0.633,0.337,0.587,0.19,0.393,0.753,0.419,1
Phenyl isothiocyanate,S=C=Nc1ccccc1,0.59,0.317,0.561,0.543,0.358,0.407,0.429,1
"1,2,4-Trimethylbenzene",Cc1ccc(C)c(C)c1,0.533,0.363,0.756,0.424,0.397,0.467,0.5,1
Bruceoside B,COC(=O)C12OC[C@]34[C@H]([C@@H](O)[C@@H]1O)[C@@]1(C)CC(=O)C(O[C@@H]5O[C@H](CO)[C@@H](O)[C@H](O)[C@H]5O)=C(C)[C@@H]1C[C@H]3OC(=O)[C@H](OC(=O)C=C(C)C)[C@@H]24,0.393,0.443,0.443,0.3,0.433,0.485,0.636,1
Yadanzioside A,COC(=O)[C@]12OC[C@]34[C@H]([C@@H](O)[C@@H]1O)[C@@]1(C)C=C(O[C@@H]5O[C@H](CO)[C@@H](O)[C@H](O)[C@H]5O)C(=O)[C@@H](C)[C@@H]1C[C@H]3OC(=O)[C@H](OC(=O)CC(C)C)[C@@H]24,0.377,0.447,0.431,0.384,0.458,0.509,0.4,1
"2,5-Dimethylphenol",Cc1ccc(C)c(O)c1,0.537,0.357,0.645,0.397,0.37,0.303,0.429,1
Berberrubine chloride,COc1ccc2cc3[n+](cc2c1O)CCc1cc2c(cc1-3)OCO2.[Cl-],0.56,0.553,0.582,0.647,0.623,0.52,0.586,1
(-)-alpha-Conidendrin,COc1cc([C@@H]2c3cc(O)c(OC)cc3C[C@H]3C(=O)OC[C@@H]23)ccc1O,0.36,0.452,0.493,0.12,0.78,0.492,1.0,1
"2-Amino-1,4-naphthoquinone",NC1=CC(=O)c2ccccc2C1=O,0.65,0.447,0.453,0.373,0.44,0.471,0.405,1
Xanthomicrol,COc1c(OC)c(O)c2c(=O)cc(-c3ccc(O)cc3)oc2c1OC,0.893,0.59,0.569,0.441,0.524,0.16,0.551,1
2-Methyl-5-phenylpyridine,Cc1ccc(-c2ccccc2)cn1,0.66,0.279,0.453,0.365,0.307,0.48,0.414,1
Benzyl isovalerate,CC(C)CC(=O)OCc1ccccc1,0.267,0.293,0.28,0.273,0.477,0.527,0.478,1
"1,3-Dibenzylurea",O=C(NCc1ccccc1)NCc1ccccc1,0.39,0.417,0.42,0.437,0.513,0.473,0.405,1
Swertiapuniside,COc1cc(O)c2c(=O)c3c(O[C@@H]4O[C@H](CO[C@@H]5O[C@H](CO)[C@@H](O)[C@H](O)[C@H]5O)[C@@H](O)[C@H](O)[C@H]4O)ccc(O)c3oc2c1,0.58,0.521,0.494,0.421,0.29,0.433,0.531,1
Pinobanksin,O=C1c2c(O)cc(O)cc2O[C@H](c2ccccc2)[C@H]1O,0.493,0.442,0.35,0.307,0.422,0.47,0.517,1
Sigmoidin A,CC(C)=CCc1cc([C@@H]2CC(=O)c3c(O)cc(O)cc3O2)c(CC=C(C)C)c(O)c1O,0.32,0.317,0.427,0.247,0.388,0.383,0.466,1
Araneosol,COc1ccc(-c2oc3c(OC)c(O)c(OC)c(O)c3c(=O)c2OC)cc1,0.797,0.597,0.69,0.267,0.43,0.39,0.48,1
Nirphyllin,COC[C@H](Cc1cc(OC)c(O)c(OC)c1)[C@H](COC)Cc1cc(OC)c2c(c1)OCO2,0.39,0.398,0.507,0.233,0.658,0.47,0.545,1
Aureol,O=c1oc2cc(O)cc(O)c2c2oc3cc(O)ccc3c12,0.76,0.53,0.483,0.303,0.403,0.277,0.455,1
Coniferyl benzoate,COc1cc(/C=C/COC(=O)c2ccccc2)ccc1O,0.443,0.517,0.44,0.398,0.54,0.617,0.5,1
Camellianin A,CC(=O)OC[C@H]1O[C@@H](Oc2cc(O)cc3oc(-c4ccc(O)cc4)cc(=O)c23)[C@H](O)[C@@H](O)[C@@H]1O[C@@H]1O[C@@H](C)[C@H](O)[C@@H](O)[C@H]1O,0.623,0.493,0.461,0.353,0.43,0.37,0.452,1
Trifoliol,COc1cc(O)c2c(c1)oc1c3ccc(O)cc3oc(=O)c12,0.803,0.563,0.597,0.393,0.423,0.333,0.421,1
Persicarin,COc1cc(-c2oc3cc(O)cc(O)c3c(=O)c2OS(=O)(=O)O)ccc1O,0.86,0.546,0.527,0.393,0.273,0.427,0.615,1
7-O-Methyltectorigenin,COc1cc2occ(-c3ccc(O)cc3)c(=O)c2c(O)c1OC,0.77,0.643,0.537,0.442,0.513,0.593,0.528,1
Dillenetin,COc1ccc(-c2oc3cc(O)cc(O)c3c(=O)c2O)cc1OC,0.933,0.396,0.41,0.277,0.267,0.627,0.86,1
"Xanthen-9-one, 6,8-dihydroxy-1,2-dimethoxy-",COc1ccc2oc3cc(O)cc(O)c3c(=O)c2c1OC,0.823,0.505,0.51,0.347,0.353,0.583,0.596,1
Limocitrin,COc1cc(-c2oc3c(OC)c(O)cc(O)c3c(=O)c2O)ccc1O,0.873,0.583,0.54,0.357,0.394,0.527,0.538,1
Apigenin 4'-glucoside,O=c1cc(-c2ccc(O[C@@H]3O[C@H](CO)[C@@H](O)[C@H](O)[C@H]3O)cc2)oc2cc(O)cc(O)c12,0.747,0.513,0.483,0.497,0.28,0.297,0.547,1
Kakkalide,COc1ccc(-c2coc3cc(O[C@@H]4O[C@H](CO[C@@H]5OC[C@@H](O)[C@H](O)[C@H]5O)[C@@H](O)[C@H](O)[C@H]4O)c(OC)c(O)c3c2=O)cc1,0.543,0.55,0.563,0.45,0.477,0.52,0.419,1
"[(2S,3R,4S,5S,6R)-2-[2-(3,4-dihydroxyphenyl)-5,7-dihydroxy-4-oxo-chromen-3-yl]oxy-4,5-dihydroxy-6-(hydroxymethyl)tetrahydropyran-3-yl] 3,4,5-trihydroxybenzoate",O=C(O[C@H]1[C@H](Oc2c(-c3ccc(O)c(O)c3)oc3cc(O)cc(O)c3c2=O)O[C@H](CO)[C@@H](O)[C@@H]1O)c1cc(O)c(O)c(O)c1,0.56,0.443,0.432,0.503,0.273,0.413,0.575,1
"1,5-Dihydroxyxanthone",O=c1c2cccc(O)c2oc2cccc(O)c12,0.807,0.49,0.49,0.3,0.288,0.397,0.425,1
Cryptopine,COc1cc2c(cc1OC)C(=O)Cc1ccc3c(c1CN(C)CC2)OCO3,0.397,0.447,0.487,0.413,0.503,0.813,0.545,1
Alpinumisoflavone,CC1(C)C=Cc2c(cc3occ(-c4ccc(O)cc4)c(=O)c3c2O)O1,0.64,0.51,0.485,0.367,0.563,0.527,0.4,1
"(8S,9S,10R,13R,14S)-17-[(2R,5R)-5-ethyl-6-methylheptan-2-yl]-10,13-dimethyl-1,2,4,7,8,9,11,12,14,15,16,17-dodecahydrocyclopenta[a]phenanthren-3-one",CC[C@H](CC[C@@H](C)C1CC[C@H]2[C@@H]3CC=C4CC(=O)CC[C@]4(C)[C@H]3CC[C@]12C)C(C)C,0.347,0.473,0.577,0.327,0.409,0.59,0.71,1
"Luteolin-7,3'-di-O-gflucoside",O=c1cc(-c2ccc(O)c(O[C@@H]3O[C@H](CO)[C@@H](O)[C@H](O)[C@H]3O)c2)oc2cc(O[C@@H]3O[C@H](CO)[C@@H](O)[C@H](O)[C@H]3O)cc(O)c12,0.69,0.529,0.523,0.48,0.343,0.35,0.466,1
Hibifolin,O=C(O)[C@H]1O[C@@H](Oc2c(O)cc(O)c3c(=O)c(O)c(-c4ccc(O)c(O)c4)oc23)[C@H](O)[C@@H](O)[C@@H]1O,0.633,0.463,0.42,0.35,0.367,0.393,0.425,1
Demethylwedelolactone,O=c1oc2cc(O)cc(O)c2c2oc3cc(O)c(O)cc3c12,0.693,0.487,0.5,0.213,0.403,0.253,0.413,1
"4H-1-Benzopyran-4-one, 3-((4-O-beta-D-galactopyranosyl-beta-D-glucopyranosyl)oxy)-5,7-dihydroxy-2-(4-hydroxy-3-methoxyphenyl)-",COc1cc(-c2oc3cc(O)cc(O)c3c(=O)c2O[C@@H]2O[C@H](CO)[C@@H](O[C@@H]3O[C@H](CO)[C@H](O)[C@H](O)[C@H]3O)[C@H](O)[C@H]2O)ccc1O,0.57,0.534,0.51,0.547,0.183,0.437,0.711,1
"1,4,5-Trihydroxyanthraquinone",O=C1c2cccc(O)c2C(=O)c2c(O)ccc(O)c21,0.72,0.671,0.647,0.428,0.511,0.407,0.531,1
Anisole,COc1ccccc1,0.633,0.317,0.618,0.623,0.348,0.497,0.5,1
"4H-1-Benzopyran-4-one, 3-(3,5-dihydroxy-4-methoxyphenyl)-5,7-dihydroxy-",COc1c(O)cc(-c2coc3cc(O)cc(O)c3c2=O)cc1O,0.773,0.46,0.527,0.333,0.335,0.58,0.52,1
Myricetin 3-O-glucuronide,O=C(O)[C@H]1O[C@@H](Oc2c(-c3cc(O)c(O)c(O)c3)oc3cc(O)cc(O)c3c2=O)[C@H](O)[C@@H](O)[C@@H]1O,0.587,0.387,0.447,0.29,0.282,0.307,0.541,1
4-Hydroxyacetophenone,CC(=O)c1ccc(O)cc1,0.35,0.287,0.217,0.293,0.563,0.243,0.48,1
4'-Methoxyacetophenone,COc1ccc(C(C)=O)cc1,0.377,0.187,0.2,0.157,0.286,0.457,0.41,1
4-(Dimethylamino)benzaldehyde,CN(C)c1ccc(C=O)cc1,0.517,0.33,0.486,0.397,0.572,0.48,0.469,1
"1,3-Diphenylurea",O=C(Nc1ccccc1)Nc1ccccc1,0.603,0.617,0.403,0.537,0.493,0.457,0.4,1
Methylparaben,COC(=O)c1ccc(O)cc1,0.293,0.323,0.313,0.377,0.577,0.31,0.429,1
Hydnocarpin,COc1cc(C2Oc3ccc(-c4cc(=O)c5c(O)cc(O)cc5o4)cc3OC2CO)ccc1O,0.647,0.6,0.49,0.373,0.351,0.563,0.6,1
Typhaneoside,COc1cc(-c2oc3cc(O)cc(O)c3c(=O)c2OC2O[C@H](CO[C@@H]3O[C@@H](C)[C@H](O)[C@@H](O)[C@H]3O)[C@@H](O)[C@H](O)[C@H]2O[C@@H]2O[C@@H](C)[C@H](O)[C@@H](O)[C@H]2O)ccc1O,0.523,0.536,0.527,0.383,0.11,0.446,0.889,1
Crotalarin,CC1(C)CCc2c(cc(O)c3c(=O)c(-c4ccc(O)cc4)coc23)O1,0.623,0.563,0.457,0.443,0.483,0.597,0.441,1
"4H-1-Benzopyran-4-one, 3-((6-deoxy-alpha-L-mannopyranosyl)oxy)-5,7-dihydroxy-",C[C@@H]1O[C@@H](Oc2coc3cc(O)cc(O)c3c2=O)[C@H](O)[C@H](O)[C@H]1O,0.567,0.428,0.483,0.25,0.23,0.478,0.486,1
Bavachalcone,CC(C)=CCc1cc(C(=O)/C=C/c2ccc(O)cc2)c(O)cc1O,0.473,0.46,0.48,0.547,0.57,0.3,0.407,1
Wairol,COc1cc(OC)c2c(c1)oc1c3ccc(O)cc3oc(=O)c12,0.823,0.527,0.571,0.397,0.493,0.427,0.429,1
Bryophyllin A,C[C@@]12O[C@H]3C[C@@H](O1)[C@]1(C=O)[C@H]4[C@H](O)C[C@]5(C)[C@@H](c6ccc(=O)oc6)CC[C@]5(O)[C@@H]4CC[C@@]1(C3)O2,0.437,0.521,0.62,0.477,0.624,0.467,0.444,1
Methyl phenylacetate,COC(=O)Cc1ccccc1,0.413,0.267,0.293,0.28,0.407,0.487,0.4,1
4-Methoxysalicylic acid,COc1ccc(C(=O)O)c(O)c1,0.373,0.337,0.273,0.193,0.29,0.333,0.409,1
Echinacin,O=C(/C=C/c1ccc(O)cc1)OC[C@H]1O[C@@H](Oc2cc(O)c3c(=O)cc(-c4ccc(O)cc4)oc3c2)[C@H](O)[C@@H](O)[C@@H]1O,0.663,0.557,0.521,0.47,0.64,0.343,0.676,1
Dehydropipernonaline,O=C(/C=C/C=C/CC/C=C/c1ccc2c(c1)OCO2)N1CCCCC1,0.447,0.51,0.37,0.54,0.572,0.288,0.421,1
Hexadecyl ferulate,CCCCCCCCCCCCCCCCOC(=O)/C=C/c1ccc(O)c(OC)c1,0.303,0.537,0.467,0.423,0.354,0.77,0.551,1
Tetracosenoic acid,CCCCCCCCCCCCCCCCCCCCC/C=C/C(=O)O,0.417,0.233,0.289,0.193,0.353,0.467,0.4,1
Virolin,C/C=C/c1ccc(O[C@@H](C)[C@@H](O)c2ccc(OC)c(OC)c2)c(OC)c1,0.265,0.417,0.389,0.49,0.387,0.681,0.422,1
Camellianin B,C[C@@H]1O[C@@H](O[C@H]2[C@H](O)[C@@H](O)[C@H](Oc3cc(O)cc4oc(-c5ccc(O)cc5)cc(=O)c34)O[C@@H]2CO)[C@H](O)[C@H](O)[C@H]1O,0.653,0.487,0.455,0.4,0.373,0.375,0.44,1
"4H-1-Benzopyran-4-one, 2-(5-((2E)-3,7-dimethyl-2,6-octadienyl)-2,4-dihydroxyphenyl)-2,3-dihydro-5,7-dihydroxy-, (2S)-",CC(C)=CCCC(C)=CCc1cc([C@@H]2CC(=O)c3c(O)cc(O)cc3O2)c(O)cc1O,0.333,0.37,0.46,0.291,0.472,0.417,0.435,1
Swertiamacroside,C[C@@H]1O[C@@H](OC[C@H]2O[C@@H](OC(=O)/C=C/c3ccc(O)c(O)c3)[C@H](O)[C@@H](O)[C@@H]2O)[C@H](O)[C@H](O)[C@H]1O,0.387,0.45,0.523,0.405,0.343,0.55,0.474,1
Ostruthol,C/C=C(/C)C(=O)O[C@H](COc1c2ccoc2cc2oc(=O)ccc12)C(C)(C)O,0.513,0.574,0.513,0.59,0.63,0.365,0.567,1
N-Methyltryptamine,CNCCc1c[nH]c2ccccc12,0.757,0.517,0.65,0.88,0.691,0.593,0.512,1
Glabrachromene II,CC1(C)C=Cc2c(ccc(C(=O)/C=C/c3ccc4c(c3)OCO4)c2O)O1,0.571,0.51,0.55,0.529,0.614,0.39,0.5,1
Methoxyipomine,COc1cc(/C=C/C(=O)OCC2OC(Oc3ccc(C4=C(C)CC5CCCN5C4)cc3)C(O)C(O)C2O)ccc1O,0.33,0.477,0.487,0.455,0.54,0.603,0.423,1
Desmethylxanthohumol,CC(C)=CCc1c(O)cc(O)c(C(=O)/C=C/c2ccc(O)cc2)c1O,0.403,0.537,0.523,0.472,0.603,0.21,0.556,1
Echinatin,COc1cc(O)ccc1/C=C/C(=O)c1ccc(O)cc1,0.42,0.47,0.35,0.473,0.897,0.303,0.619,1
Cimicifugic acid F,COc1ccc(/C=C/C(=O)O[C@H](C(=O)O)[C@](O)(Cc2ccc(O)cc2)C(=O)O)cc1O,0.387,0.467,0.4,0.447,0.53,0.583,0.426,1
Marmin,CC(=CCOc1ccc2ccc(=O)oc2c1)CC[C@@H](O)C(C)(C)O,0.55,0.535,0.537,0.484,0.447,0.395,0.629,1
Cimicifugic acid A,COc1cc(/C=C/C(=O)O[C@H](C(=O)O)[C@](O)(Cc2ccc(O)c(O)c2)C(=O)O)ccc1O,0.353,0.52,0.453,0.403,0.467,0.577,0.45,1
Dactylin,COc1cc(-c2oc3cc(O)cc(O)c3c(=O)c2OC2OC(CO)C(O)C(O)C2O)ccc1OC1OC(CO)C(O)C(O)C1O,0.677,0.471,0.47,0.58,0.223,0.463,0.708,1
Lanceolatin A,COc1ccc2c(=O)cc(-c3ccccc3)oc2c1/C=C/C(C)(C)O,0.777,0.566,0.487,0.453,0.583,0.52,0.453,1
2-Hydroxy-6-methoxybenzoic acid,COc1cccc(O)c1C(=O)O,0.483,0.427,0.353,0.223,0.283,0.493,0.42,1
Dehydrobrusatol,COC(=O)[C@@]12OC[C@@]34[C@@H](CC5=C(C)C(=O)C(O)=C[C@]5(C)[C@H]3[C@@H](O)[C@@H]1O)OC(=O)[C@H](OC(=O)C=C(C)C)[C@@H]24,0.377,0.45,0.479,0.315,0.489,0.494,0.523,1
"methyl (1R,9R,10S,11R,12R,19R)-12-ethyl-4-[(13S,17S)-17-ethyl-17-hydroxy-13-methoxycarbonyl-1,11-diazatetracyclo[13.3.1.04,12.05,10]nonadeca-4(12),5,7,9-tetraen-13-yl]-8-formyl-10,11-dihydroxy-5-metho",CC[C@]1(O)CC2CN(CCc3c([nH]c4ccccc34)[C@@](C(=O)OC)(c3cc4c(cc3OC)N(C=O)[C@H]3[C@@](O)(C(=O)OC)[C@H](O)[C@]5(CC)C=CCN6CC[C@]43[C@@H]65)C2)C1,0.405,0.443,0.467,0.51,0.366,0.258,0.778,1
Chavibetol,C=CCc1ccc(OC)c(O)c1,0.513,0.4,0.683,0.268,0.427,0.54,0.425,1
Vincristine,CC[C@]1(O)C[C@H]2CN(CCc3c([nH]c4ccccc34)[C@@](C(=O)OC)(c3cc4c(cc3OC)N(C=O)[C@H]3[C@@](O)(C(=O)OC)[C@H](OC(C)=O)[C@]5(CC)C=CCN6CC[C@]43[C@@H]65)C2)C1,0.363,0.45,0.453,0.507,0.268,0.225,0.883,1
Progesterone,CC(=O)[C@H]1CC[C@H]2[C@@H]3CCC4=CC(=O)CC[C@]4(C)[C@H]3CC[C@]12C,0.283,0.44,0.7,0.32,0.631,0.183,0.482,1
Cholesterol,CC(C)CCC[C@@H](C)[C@H]1CC[C@H]2[C@@H]3CC=C4C[C@@H](O)CC[C@]4(C)[C@H]3CC[C@]12C,0.344,0.343,0.496,0.26,0.303,0.81,0.741,1
Moschamine,COc1cc(/C=C/C(=O)NCCc2c[nH]c3ccc(O)cc23)ccc1O,0.42,0.54,0.513,0.423,0.603,0.703,0.517,1
"N,N-Dimethyltryptamine",CN(C)CCc1c[nH]c2ccccc12,0.693,0.503,0.607,0.801,0.717,0.59,0.411,1
5-Methoxy-2-phenylchromen-7-one,COc1cc(=O)cc2oc(-c3ccccc3)ccc1-2,0.613,0.41,0.443,0.313,0.301,0.517,0.429,1
Isosafrole,C/C=C/c1ccc2c(c1)OCO2,0.637,0.426,0.516,0.448,0.583,0.307,0.488,1
"7-Methoxy-2H-1,3-benzodioxole-5-carboxylic acid",COc1cc(C(=O)O)cc2c1OCO2,0.39,0.273,0.31,0.3,0.57,0.69,0.456,1
Butylphthalide,CCCCC1OC(=O)c2ccccc21,0.393,0.45,0.393,0.37,0.293,0.587,0.403,1
Piperlongumine,COc1cc(/C=C/C(=O)N2CCC=CC2=O)cc(OC)c1OC,0.383,0.427,0.463,0.303,0.357,0.763,0.404,1
Colchicine,COc1cc2c(c(OC)c1OC)-c1ccc(OC)c(=O)cc1[C@@H](NC(C)=O)CC2,0.448,0.401,0.413,0.368,0.163,0.217,1.0,1
Psoralen,O=c1ccc2cc3ccoc3cc2o1,0.713,0.613,0.553,0.507,0.393,0.255,0.474,1
"3,6-Dimethoxy-4-phenanthrenol",COc1ccc2ccc3ccc(OC)c(O)c3c2c1,0.747,0.517,0.645,0.446,0.601,0.459,0.412,1
Diosmetin 7-glucuronide,COc1ccc(-c2cc(=O)c3c(O)cc(O[C@@H]4O[C@H](C(=O)O)[C@@H](O)[C@H](O)[C@H]4O)cc3o2)cc1O,0.673,0.55,0.423,0.43,0.413,0.297,0.435,1
Cardamonin,COc1cc(O)cc(O)c1C(=O)/C=C/c1ccccc1,0.68,0.403,0.443,0.498,0.494,0.32,0.6,1
Jaceidin,COc1cc(-c2oc3cc(O)c(OC)c(O)c3c(=O)c2OC)ccc1O,0.827,0.647,0.587,0.437,0.341,0.357,0.627,1
Dicumarol,O=c1oc2ccccc2c(O)c1Cc1c(O)c2ccccc2oc1=O,0.71,0.827,0.497,0.36,0.437,0.457,0.525,1
Morelloflavone,O=C1c2c(O)cc(O)cc2O[C@H](c2ccc(O)cc2)[C@H]1c1c(O)cc(O)c2c(=O)cc(-c3ccc(O)c(O)c3)oc12,0.643,0.497,0.367,0.447,0.472,0.367,0.467,1
Bisnoryangonin,O=c1cc(O)cc(/C=C/c2ccc(O)cc2)o1,0.537,0.617,0.517,0.45,0.623,0.153,0.405,1
3-Acetyl-4-hydroxy-6-phenyl-2h-pyran-2-one,CC(=O)c1c(O)cc(-c2ccccc2)oc1=O,0.663,0.443,0.453,0.24,0.42,0.29,0.452,1
"Kaempferol 3,7,4'-trimethyl ether",COc1ccc(-c2oc3cc(OC)cc(O)c3c(=O)c2OC)cc1,0.897,0.633,0.653,0.197,0.22,0.193,0.778,1
"4,6,7-Trimethoxy-5-methylcoumarin",COc1cc2oc(=O)cc(OC)c2c(C)c1OC,0.64,0.423,0.537,0.307,0.49,0.637,0.457,1
2-Hydroxychalcone,O=C(/C=C/c1ccccc1O)c1ccccc1,0.7,0.483,0.563,0.503,0.877,0.297,0.475,1
Desmethoxycentaureidin,COc1ccc(-c2cc(=O)c3c(O)c(OC)c(O)cc3o2)cc1O,0.903,0.633,0.626,0.547,0.683,0.47,0.5,1
"(3,4-Dihydroxyphenyl)acetate",O=C([O-])Cc1ccc(O)c(O)c1,0.427,0.37,0.43,0.253,0.473,0.29,0.4,1
Psychotrine,CC[C@H]1CN2CCc3cc(OC)c(OC)cc3[C@@H]2C[C@@H]1CC1=C2C=C(OC)C(=O)C=C2CCN1,0.297,0.27,0.367,0.283,0.423,0.412,0.452,1
Irigenin,COc1cc(-c2coc3cc(O)c(OC)c(O)c3c2=O)cc(O)c1OC,0.703,0.503,0.543,0.347,0.461,0.717,0.558,1
"7,3',4',5'-Tetrahydroxyflavone",O=c1cc(-c2cc(O)c(O)c(O)c2)oc2cc(O)ccc12,0.87,0.567,0.541,0.443,0.487,0.267,0.703,1
4-Methoxycinnamaldehyde,COc1ccc(/C=C/C=O)cc1,0.392,0.373,0.513,0.336,0.353,0.613,0.516,1
"4,4'-Dimethoxystilbene",COc1ccc(/C=C/c2ccc(OC)cc2)cc1,0.577,0.387,0.725,0.397,0.391,0.62,0.708,1
p-Coumaraldehyde,O=C/C=C/c1ccc(O)cc1,0.44,0.635,0.47,0.46,0.61,0.237,0.406,1
Columbianadin,C/C=C(/C)C(=O)OC(C)(C)[C@@H]1Cc2c(ccc3ccc(=O)oc23)O1,0.422,0.55,0.463,0.367,0.444,0.537,0.46,1
"24-Ethyllophenol acetate, 24-alpha",CC[C@@H](CCC(C)C1CCC2C3=CC[C@H]4[C@H](C)C(OC(C)=O)CCC4(C)C3CCC21C)C(C)C,0.407,0.43,0.493,0.404,0.39,0.523,0.429,1
Sarmentogenin,C[C@]12CC[C@H](O)C[C@H]1CC[C@@H]1[C@@H]2[C@H](O)C[C@]2(C)[C@@H](C3=CC(=O)OC3)CC[C@]12O,0.313,0.41,0.423,0.31,0.397,0.533,0.465,1
trans-Stilbene,C(=C\c1ccccc1)/c1ccccc1,0.66,0.273,0.676,0.53,0.36,0.38,0.55,1
Isoliquiritigenin,O=C(/C=C/c1ccc(O)cc1)c1ccc(O)cc1O,0.493,0.53,0.433,0.582,0.733,0.267,0.432,1
Coumestan,O=c1oc2ccccc2c2oc3ccccc3c12,0.837,0.53,0.417,0.267,0.408,0.487,0.415,1
"5,6,7,8,3',4',5'-Heptamethoxyflavone",COc1cc(-c2cc(=O)c3c(OC)c(OC)c(OC)c(OC)c3o2)cc(OC)c1OC,0.877,0.53,0.603,0.407,0.51,0.53,0.619,1
(-)-Coniine,CCC[C@@H]1CCCCN1,0.297,0.227,0.523,0.534,0.408,0.49,0.452,1
Dihydrokaempferide,COc1ccc(C2Oc3cc(O)cc(O)c3C(=O)C2O)cc1,0.503,0.454,0.427,0.278,0.437,0.493,0.6,1
Nb-p-Coumaroyltryptamine,O=C(/C=C/c1ccc(O)cc1)NCCc1c[nH]c2ccccc12,0.46,0.477,0.54,0.471,0.657,0.537,0.541,1
Docosenoic acid,CCCCCCCCCCCCCCCCCCC/C=C/C(=O)O,0.417,0.233,0.289,0.193,0.353,0.467,0.4,1
N-Coumaroyl serotonin,O=C(/C=C/c1ccc(O)cc1)NCCc1c[nH]c2ccc(O)cc12,0.453,0.523,0.513,0.487,0.64,0.467,0.424,1
Ternatin,COc1cc(-c2oc3c(OC)c(OC)cc(O)c3c(=O)c2OC)ccc1O,0.823,0.643,0.597,0.427,0.357,0.46,0.577,1
Betuletol,COc1ccc(-c2oc3cc(O)c(OC)c(O)c3c(=O)c2O)cc1,0.847,0.5,0.613,0.277,0.383,0.417,0.529,1
"3,4-Methylenedioxycinnamic acid",O=C(O)/C=C/c1ccc2c(c1)OCO2,0.617,0.432,0.4,0.363,0.552,0.32,0.625,1
Ferujol,C/C(=C\COc1c(O)ccc2ccc(=O)oc12)CCCC(C)C,0.49,0.547,0.513,0.504,0.56,0.287,0.414,1
Indole-3-carboxylic acid,O=C(O)c1c[nH]c2ccccc12,0.563,0.55,0.6,0.507,0.6,0.617,0.447,1
Cyclocurcumin,COc1cc(/C=C/C2=CC(=O)CC(c3ccc(O)c(OC)c3)O2)ccc1O,0.263,0.575,0.48,0.36,0.415,0.584,0.426,1
Isoscopoletin,COc1cc2oc(=O)ccc2cc1O,0.737,0.5,0.503,0.357,0.173,0.378,0.45,1
Dracorhodin,COc1c2ccc(-c3ccccc3)oc-2cc(=O)c1C,0.797,0.52,0.63,0.393,0.422,0.363,0.532,1
"4-Hepten-3-one, 7-(4-hydroxyphenyl)-1-phenyl-, (E)-",O=C(C=CCCc1ccc(O)cc1)CCc1ccccc1,0.437,0.463,0.33,0.413,0.583,0.55,0.431,1
Ethyl benzoate,CCOC(=O)c1ccccc1,0.477,0.317,0.387,0.343,0.425,0.598,0.4,1
2-Methoxy-9H-xanthen-9-one,COc1ccc2oc3ccccc3c(=O)c2c1,0.757,0.577,0.527,0.353,0.487,0.74,0.561,1
"3,4,5-Trimethoxyphenol",COc1cc(O)cc(OC)c1OC,0.7,0.3,0.61,0.25,0.323,0.59,0.469,1
"2,6-Dimethylhydroquinone",Cc1cc(O)cc(C)c1O,0.507,0.203,0.613,0.35,0.317,0.183,0.423,1
Tephrone,COc1cc(O)c(C(=O)/C=C/c2ccc3c(c2)OCO3)c(OC)c1,0.613,0.56,0.483,0.503,0.61,0.303,0.586,1
2-Hydroxy-4-methoxybenzaldehyde,COc1ccc(C=O)c(O)c1,0.463,0.33,0.453,0.317,0.353,0.348,0.405,1
Vladinol D,COc1cc(C(=O)[C@H]2CO[C@H](c3ccc(O)c(OC)c3)[C@H]2CO)ccc1O,0.295,0.481,0.413,0.26,0.238,0.553,0.433,1
Campesterol glucoside,CC(C)[C@H](C)CC[C@@H](C)[C@H]1CC[C@H]2[C@@H]3CC=C4C[C@@H](O[C@@H]5OC(CO)[C@@H](O)C(O)C5O)CC[C@]4(C)[C@H]3CC[C@]12C,0.327,0.397,0.432,0.32,0.346,0.625,0.539,1
"1,4-Diacetoxybenzene",CC(=O)Oc1ccc(OC(C)=O)cc1,0.467,0.206,0.217,0.16,0.185,0.407,0.485,1
2-Methylquinoline,Cc1ccc2ccccc2n1,0.283,0.27,0.564,0.569,0.537,0.381,1.0,1
"1-(2,4,5-Trimethoxyphenyl)propan-1-one",CCC(=O)c1cc(OC)c(OC)cc1OC,0.53,0.19,0.357,0.133,0.25,0.72,0.455,1
Ethyl nicotinate,CCOC(=O)c1cccnc1,0.73,0.24,0.407,0.36,0.503,0.66,0.462,1
Taxifolin 4'-glucoside,O=C1c2c(O)cc(O)cc2O[C@H](c2ccc(O[C@@H]3O[C@H](CO)[C@@H](O)[C@H](O)[C@H]3O)c(O)c2)[C@H]1O,0.377,0.461,0.393,0.359,0.373,0.61,0.574,1
Nobiletin,COc1ccc(-c2cc(=O)c3c(OC)c(OC)c(OC)c(OC)c3o2)cc1OC,0.893,0.563,0.59,0.448,0.56,0.227,0.479,1
Multiflorine,O=C1C=CN2C[C@@H]3C[C@@H](CN4CCCC[C@@H]34)[C@H]2C1,0.32,0.303,0.43,0.259,0.424,0.488,0.571,1
Pluviatilol,COc1cc([C@H]2OC[C@@H]3[C@H]2CO[C@H]3c2ccc3c(c2)OCO3)ccc1O,0.447,0.564,0.584,0.303,0.382,0.473,0.433,1
Blumeatin,COc1cc(O)c2c(c1)O[C@H](c1cc(O)cc(O)c1)CC2=O,0.418,0.311,0.333,0.207,0.407,0.32,0.733,1
Unii-67V8EQ6Y2Q,CC1(C)[C@H](O)CC[C@]2(C)[C@@H](COc3ccc4ccc(=O)oc4c3)[C@](C)(O)CC[C@@H]12,0.469,0.51,0.478,0.402,0.446,0.517,0.439,1
Isohydnocarpin,COc1cc(C2Oc3c(O)cc(-c4cc(=O)c5c(O)cc(O)cc5o4)cc3C2CO)ccc1O,0.677,0.619,0.5,0.393,0.357,0.51,0.468,1
Swietenocoumarin C,CC1(C)OC1Cc1c2occc2cc2ccc(=O)oc12,0.663,0.597,0.657,0.523,0.478,0.423,0.523,1
2-Methoxy-4-methylphenol,COc1cc(C)ccc1O,0.44,0.504,0.66,0.33,0.254,0.473,0.432,1
"9-(3-Methylbut-2-enyl)furo[3,2-g]chromen-7-one",CC(C)=CCc1c2occc2cc2ccc(=O)oc12,0.677,0.597,0.613,0.467,0.458,0.153,0.511,1
Tepirindole,CCCN1CC=C(c2c[nH]c3ccc(Cl)cc23)CC1,0.483,0.46,0.39,0.602,0.54,0.615,0.406,1
Xanthyletin,CC1(C)C=Cc2cc3ccc(=O)oc3cc2O1,0.687,0.55,0.593,0.454,0.484,0.305,0.4,1
2-Hydroxy-3-phenylprop-2-enal,O=CC(O)=Cc1ccccc1,0.58,0.303,0.433,0.36,0.297,0.383,0.407,1
Methyl caffeate,COC(=O)/C=C/c1ccc(O)c(O)c1,0.343,0.42,0.453,0.42,0.29,0.47,0.5,1
"1,7-Dihydroxy-3,6-dimethoxy-9H-xanthen-9-one",COc1cc(O)c2c(=O)c3cc(O)c(OC)cc3oc2c1,0.813,0.517,0.577,0.38,0.357,0.43,0.56,1
petunidin-3-O-(6-O-cis-p-coumaryl-beta-D-glucoside),COc1cc(-c2[o+]c3cc(O)cc(O)c3cc2O[C@@H]2O[C@H](COC(=O)C=Cc3ccc(O)cc3)[C@@H](O)[C@H](O)[C@H]2O)cc(O)c1O,0.403,0.517,0.533,0.453,0.57,0.547,0.511,1
Columbamine,COc1cc2c(cc1O)-c1cc3ccc(OC)c(OC)c3c[n+]1CC2,0.463,0.551,0.543,0.56,0.34,0.574,1.0,1
Coptisine,c1c2c(cc3c1OCO3)-c1cc3ccc4c(c3c[n+]1CC2)OCO4,0.61,0.537,0.552,0.583,0.65,0.41,0.424,1
"3,4-Dimethoxybenzoic acid",COc1ccc(C(=O)O)cc1OC,0.223,0.153,0.127,0.158,0.295,0.76,0.487,1
Malvidin-3-O-(6-p-coumaroyl)glucoside,COc1cc(-c2[o+]c3cc(O)cc(O)c3cc2O[C@H]2O[C@@H](COC(=O)/C=C/c3ccc(O)cc3)[C@H](O)[C@@H](O)[C@@H]2O)cc(OC)c1O,0.397,0.533,0.54,0.453,0.57,0.56,0.517,1
"methyl (1R,9R,10S,11S,12R,19R)-11-acetyloxy-12-ethyl-4-[(13S,15R,17S)-17-ethyl-13-(trideuteriomethoxycarbonyl)-1,11-diazatetracyclo[13.3.1.04,12.05,10]nonadeca-4(12),5,7,9-tetraen-13-yl]-10-hydroxy-5-",[2H]C([2H])([2H])OC(=O)[C@]1(c2cc3c(cc2OC)N(C)[C@H]2[C@@](O)(C(=O)OC)[C@@H](OC(C)=O)[C@]4(CC)C=CCN5CC[C@]32[C@@H]54)C[C@H]2C[C@H](CC)CN(CCc3c1[nH]c1ccccc31)C2,0.387,0.49,0.51,0.487,0.427,0.322,0.809,1
"2-(3,4-dihydroxyphenyl)-5-hydroxy-7-methoxy-8-[(2S,3R,4R,5S,6R)-3,4,5-trihydroxy-6-(hydroxymethyl)oxan-2-yl]chromen-4-one",COc1cc(O)c2c(=O)cc(-c3ccc(O)c(O)c3)oc2c1[C@@H]1O[C@H](CO)[C@@H](O)[C@H](O)[C@H]1O,0.7,0.491,0.518,0.457,0.385,0.423,0.403,1
Hesperetin,COc1ccc([C@@H]2CC(=O)c3c(O)cc(O)cc3O2)cc1O,0.1,0.288,0.23,0.18,0.457,0.527,0.745,1
"7-[[(1R,2R,4S,4aS,5S,8aS)-4-hydroxy-1,2,4a,5-tetramethyl-6-oxo-3,4,5,7,8,8a-hexahydro-2H-naphthalen-1-yl]methoxy]chromen-2-one",C[C@@H]1C[C@H](O)[C@]2(C)[C@H](C)C(=O)CC[C@H]2[C@]1(C)COc1ccc2ccc(=O)oc2c1,0.432,0.387,0.47,0.476,0.46,0.43,0.424,1
"3',4',5',7-Tetrahydroxy-3-[6-O-(4-hydroxy-cis-cinnamoyl)-beta-D-glucopyranosyloxy]-5-[6-O-(3-hydroxy-1,3-dioxopropyl)-beta-D-glucopyranosyloxy]flavylium",O=C(O)CC(=O)OC[C@H]1O[C@@H](Oc2cc(O)cc3[o+]c(-c4cc(O)c(O)c(O)c4)c(O[C@@H]4O[C@H](COC(=O)C=Cc5ccc(O)cc5)[C@@H](O)[C@H](O)[C@H]4O)cc23)[C@H](O)[C@@H](O)[C@@H]1O,0.42,0.507,0.51,0.493,0.54,0.42,0.478,1
Unii-830GM1N73B,Oc1cc(O)c2c(c1)O[C@H](c1ccc(O)c(O)c1)C[C@H]2O,0.333,0.37,0.477,0.333,0.382,0.347,0.543,1
"1,2-Dimethoxybenzene",COc1ccccc1OC,0.657,0.217,0.589,0.527,0.297,0.61,0.429,1
"1,2,3,4-Tetrahydroisoquinoline",c1ccc2c(c1)CCNC2,0.227,0.247,0.532,0.674,0.385,0.463,0.455,1
Quinoline,c1ccc2ncccc2c1,0.59,0.247,0.447,0.535,0.445,0.532,0.444,1
N-Acetyltryptamine,CC(=O)NCCc1c[nH]c2ccccc12,0.53,0.46,0.547,0.517,0.62,0.56,0.4,1
2-Methylnaphthalene,Cc1ccc2ccccc2c1,0.027,0.352,0.688,0.73,0.412,0.38,0.765,1
"3'-Hydroxy-5,6,7,4'-tetramethoxyflavone",COc1ccc(-c2cc(=O)c3c(OC)c(OC)c(OC)cc3o2)cc1O,0.943,0.657,0.636,0.513,0.63,0.613,0.551,1
"7-[(4S,5S,6R)-4,5-dihydroxy-6-(hydroxymethyl)-3-[(2S,3R,4R,5R,6S)-3,4,5-trihydroxy-6-methyloxan-2-yl]oxyoxan-2-yl]oxy-5-hydroxy-2-(3-hydroxy-4-methoxyphenyl)chromen-4-one",COc1ccc(-c2cc(=O)c3c(O)cc(OC4O[C@H](CO)[C@@H](O)[C@H](O)C4O[C@@H]4O[C@@H](C)[C@H](O)[C@@H](O)[C@H]4O)cc3o2)cc1O,0.627,0.487,0.45,0.419,0.348,0.375,0.451,1
"Nornicotine, N-formyl",O=CN1CCCC1c1cccnc1,0.227,0.382,0.47,0.451,0.304,0.591,0.462,1
Nb-methyltetrahydroharman,CC1c2[nH]c3ccccc3c2CCN1C,0.425,0.46,0.44,0.5,0.39,0.663,0.421,1
Ononin,COc1ccc(-c2coc3cc(O[C@@H]4O[C@H](CO)[C@@H](O)[C@H](O)[C@H]4O)ccc3c2=O)cc1,0.557,0.481,0.45,0.406,0.383,0.562,0.429,1
"24-Methylcholesta-5,24-dienol",CC(CO)=C(C)CC[C@@H](C)[C@H]1CC[C@H]2[C@@H]3CC=C4CCCC[C@]4(C)[C@H]3CC[C@]12C,0.363,0.493,0.54,0.333,0.456,0.557,0.522,1
Lasioerin,O=c1ccc2cc3c(cc2o1)oc1cc2oc(=O)ccc2cc13,0.775,0.5,0.473,0.467,0.314,0.418,0.444,1
Apigravin,COc1c(O)c(CC=C(C)C)cc2ccc(=O)oc12,0.69,0.603,0.59,0.41,0.503,0.28,0.479,1
Phenylacetonitrile,N#CCc1ccccc1,0.617,0.407,0.608,0.683,0.425,0.453,0.48,1
m-Xylene,Cc1cccc(C)c1,0.557,0.357,0.637,0.53,0.376,0.387,0.471,1
Hydroquinone,Oc1ccc(O)cc1,0.61,0.427,0.57,0.413,0.613,0.143,0.4,1
1-(3-Aminopropyl)imidazole,NCCCn1ccnc1,0.833,0.493,0.73,0.64,0.943,0.683,1.0,1
"4',5,7-Trimethoxyflavone",COc1ccc(-c2cc(=O)c3c(OC)cc(OC)cc3o2)cc1,0.89,0.6,0.573,0.48,0.543,0.757,0.725,1
"3,4,5-Trimethoxycinnamic acid",COc1cc(/C=C/C(=O)O)cc(OC)c1OC,0.507,0.383,0.43,0.283,0.3,0.78,0.55,1
(E)-7-hydroxy-8-methoxy-3-(4-methoxybenzylidene)chroman-4-one,COc1ccc(/C=C2\COc3c(ccc(O)c3OC)C2=O)cc1,0.407,0.61,0.586,0.357,0.46,0.51,0.412,1
"2(3H)-Furanone, 4-((3,4-dimethoxyphenyl)methyl)dihydro-3-((4-hydroxy-3-(2-hydroxy-2-(4-hydroxy-3-methoxyphenyl)-1-(hydroxymethyl)ethyl)-5-methoxyphenyl)methyl)-",COc1cc(C(O)C(CO)c2cc(C[C@H]3C(=O)OC[C@@H]3Cc3ccc(OC)c(OC)c3)cc(OC)c2O)ccc1O,0.303,0.481,0.463,0.223,0.591,0.609,0.661,1
Coronaridine,CC[C@H]1C[C@@H]2CN3CCc4c([nH]c5ccccc45)[C@](C(=O)OC)(C2)[C@H]13,0.408,0.474,0.41,0.523,0.535,0.601,0.41,1
(+)-13alpha-Hydroxylupanine,O=C1CCC[C@@H]2[C@H]3C[C@H](CN12)[C@@H]1C[C@@H](O)CCN1C3,0.207,0.207,0.323,0.24,0.35,0.577,0.41,1
Lappaol F,COc1cc([C@H]2Oc3c(OC)cc(C[C@H]4COC(=O)[C@@H]4Cc4cc(OC)c5c(c4)[C@H](CO)[C@@H](c4ccc(O)c(OC)c4)O5)cc3[C@@H]2CO)ccc1O,0.303,0.516,0.517,0.143,0.483,0.59,0.655,1
"Methyl 3,4,5-trimethoxycinnamate",COC(=O)/C=C/c1cc(OC)c(OC)c(OC)c1,0.527,0.44,0.51,0.287,0.32,0.82,0.523,1
(E)-oct-2-enoic acid,CCCCCC=CC(=O)O,0.43,0.223,0.292,0.2,0.34,0.423,0.409,1
Homoeriodictyol,COc1cc([C@@H]2CC(=O)c3c(O)cc(O)cc3O2)ccc1O,0.1,0.377,0.283,0.197,0.4,0.463,0.745,1
Isoferulic acid,COc1ccc(/C=C/C(=O)O)cc1O,0.34,0.38,0.417,0.403,0.34,0.683,0.595,1
"3,4,5-Trimethoxybenzoic acid",COc1cc(C(=O)O)cc(OC)c1OC,0.447,0.207,0.21,0.14,0.25,0.68,0.583,1
Veratraldehyde,COc1ccc(C=O)cc1OC,0.383,0.283,0.339,0.32,0.29,0.82,0.548,1
Piperonal,O=Cc1ccc2c(c1)OCO2,0.617,0.432,0.422,0.36,0.595,0.337,0.475,1
Swietenone,CC(C)(C)C(=O)c1c2occc2cc2ccc(=O)oc12,0.583,0.58,0.55,0.467,0.513,0.343,0.535,1
2-Methoxybenzaldehyde,COc1ccccc1C=O,0.61,0.42,0.482,0.327,0.417,0.58,0.425,1
3-Hydroxy-4-methoxybenzyl alcohol,COc1ccc(CO)cc1O,0.48,0.323,0.593,0.265,0.377,0.613,0.432,1
Cotinine,CN1C(=O)CC[C@H]1c1cccnc1,0.15,0.317,0.403,0.331,0.347,0.678,0.436,1
Vanillic acid,COc1cc(C(=O)O)ccc1O,0.27,0.34,0.277,0.25,0.223,0.467,0.463,1
O-Methylpsychotrine,CC[C@H]1CN2CCc3cc(OC)c(OC)cc3[C@@H]2C[C@@H]1CC1=NCCc2cc(OC)c(OC)cc21,0.32,0.217,0.337,0.241,0.366,0.468,0.516,1
Piceatannol,Oc1cc(O)cc(/C=C/c2ccc(O)c(O)c2)c1,0.53,0.65,0.71,0.393,0.481,0.193,0.457,1
Bruceantinoside B,COC(=O)C12OC[C@]34[C@H]([C@@H](O)[C@@H]1O)[C@@]1(C)CC(=O)C(O[C@@H]5O[C@H](CO)[C@@H](O)[C@H](O)[C@H]5O)=C(C)[C@@H]1C[C@H]3OC(=O)[C@H](OC(=O)/C=C(\C)C(C)C)[C@@H]24,0.383,0.44,0.477,0.267,0.402,0.501,0.733,1
"(1E,4E)-1,5-bis(4-hydroxy-3-methoxyphenyl)penta-1,4-dien-3-one",COc1cc(/C=C/C(=O)/C=C/c2ccc(O)c(OC)c2)ccc1O,0.077,0.581,0.413,0.737,0.182,0.693,0.684,1
Sophoraflavanone A,CC(C)=CCCC(C)=CCc1c(O)cc(O)c2c1O[C@H](c1ccc(O)cc1)CC2=O,0.277,0.468,0.471,0.321,0.463,0.383,0.4,1
Methyl rosmarinate,COC(=O)[C@@H](Cc1ccc(O)c(O)c1)OC(=O)/C=C/c1ccc(O)c(O)c1,0.297,0.517,0.49,0.383,0.527,0.493,0.4,1
"5,7,8-Trimethoxycoumarin",COc1cc(OC)c2ccc(=O)oc2c1OC,0.823,0.63,0.68,0.477,0.5,0.573,0.463,1
Arctigenin,COc1cc(C[C@H]2C(=O)OC[C@@H]2Cc2ccc(OC)c(OC)c2)ccc1O,0.27,0.523,0.47,0.083,0.567,0.66,0.844,1
"3alpha-(3,4,5-Trimethoxybenzoyloxy)tropane",COc1cc(C(=O)OC2C[C@H]3CC[C@@H](C2)N3C)cc(OC)c1OC,0.243,0.307,0.327,0.267,0.451,0.868,0.482,1
Deoxyvasicinone,O=c1c2ccccc2nc2n1CCC2,0.613,0.263,0.345,0.417,0.423,0.677,0.423,1
Suberosin,COc1cc2oc(=O)ccc2cc1CC=C(C)C,0.62,0.523,0.54,0.403,0.4,0.315,0.404,1
Solanidine,C[C@H]1CC[C@@H]2[C@@H](C)[C@H]3[C@H](C[C@H]4[C@@H]5CC=C6C[C@@H](O)CC[C@]6(C)[C@H]5CC[C@]34C)N2C1,0.387,0.42,0.541,0.372,0.432,0.417,0.444,1
Xanthotoxol,O=c1ccc2cc3ccoc3c(O)c2o1,0.763,0.623,0.587,0.48,0.451,0.237,0.595,1
Perivine,C/C=C1/CN[C@H]2Cc3c([nH]c4ccccc34)C(=O)C[C@@H]1[C@@H]2C(=O)OC,0.472,0.447,0.417,0.461,0.515,0.49,0.486,1
"2,2':5',2''-Terthiophene",c1csc(-c2ccc(-c3cccs3)s2)c1,0.667,0.27,0.408,0.576,0.263,0.31,0.429,1
Jatrorrhizine,COc1cc2c(cc1O)CC[n+]1cc3c(OC)c(OC)ccc3cc1-2,0.463,0.538,0.563,0.563,0.79,0.558,1.0,1
Pinocembrin,O=C1C[C@@H](c2ccccc2)Oc2cc(O)cc(O)c21,0.653,0.371,0.277,0.38,0.426,0.34,0.732,1
Isopimpinellin,COc1c2ccoc2c(OC)c2oc(=O)ccc12,0.957,0.9,0.907,0.86,0.883,0.312,0.605,1
Isoimperatorin,CC(C)=CCOc1c2ccoc2cc2oc(=O)ccc12,0.77,0.71,0.697,0.713,0.783,0.19,0.661,1
Tangeretin,COc1ccc(-c2cc(=O)c3c(OC)c(OC)c(OC)c(OC)c3o2)cc1,0.91,0.59,0.599,0.447,0.541,0.123,0.478,1
"3,4,5-Trimethoxybenzaldehyde",COc1cc(C=O)cc(OC)c1OC,0.577,0.327,0.44,0.247,0.273,0.823,0.471,1
Visnagin,COc1c2ccoc2cc2oc(C)cc(=O)c12,0.867,0.69,0.69,0.549,0.667,0.467,0.628,1
Nicotelline,c1cncc(-c2ccnc(-c3cccnc3)c2)c1,0.867,0.123,0.17,0.143,0.25,0.503,0.6,1
"1,4-Dihydroxyanthraquinone",O=C1c2ccccc2C(=O)c2c(O)ccc(O)c21,0.653,0.564,0.53,0.349,0.436,0.44,0.438,1
Chalcone,O=C(/C=C/c1ccccc1)c1ccccc1,0.717,0.323,0.41,0.523,0.953,0.43,0.64,1
Trichostachine,O=C(/C=C/C=C/c1ccc2c(c1)OCO2)N1CCCC1,0.443,0.457,0.327,0.414,0.591,0.218,0.48,1
"(3R,4R)-3-((7-Methoxybenzo[d][1,3]dioxol-5-yl)methyl)-4-(3,4,5-trimethoxybenzyl)dihydrofuran-2(3H)-one",COc1cc(C[C@H]2COC(=O)[C@@H]2Cc2cc(OC)c3c(c2)OCO3)cc(OC)c1OC,0.443,0.537,0.567,0.037,0.807,0.853,0.816,1
Noroxyhydrastinine,O=C1NCCc2cc3c(cc21)OCO3,0.477,0.303,0.343,0.194,0.382,0.467,0.422,1
Pleuchiol,CC[C@@H](CC[C@@H](C)[C@H]1CC[C@H]2[C@@H]3CC=C4C[C@@H](O)CC[C@]4(C)[C@H]3C=C[C@]12C)C(C)C,0.337,0.463,0.502,0.267,0.379,0.498,0.672,1
Methyl piperate,COC(=O)/C=C/C=C/c1ccc2c(c1)OCO2,0.543,0.457,0.403,0.377,0.617,0.403,0.5,1
Pregnenolone,CC(=O)[C@H]1CC[C@H]2[C@@H]3CC=C4C[C@@H](O)CC[C@]4(C)[C@H]3CC[C@]12C,0.31,0.357,0.627,0.342,0.415,0.46,0.541,1
Nicotine,CN1CCC[C@H]1c1cccnc1,0.15,0.345,0.49,0.414,0.093,0.681,0.5,1
Lupanine,O=C1CCC[C@@H]2[C@H]3C[C@@H](CN12)[C@@H]1CCCCN1C3,0.19,0.18,0.277,0.207,0.337,0.62,0.645,1
Rubraxanthone,COc1c(O)cc2oc3cc(O)cc(O)c3c(=O)c2c1C/C=C(\C)CCC=C(C)C,0.63,0.552,0.59,0.393,0.473,0.403,0.426,1
6-Methylapigenin,Cc1c(O)cc2oc(-c3ccc(O)cc3)cc(=O)c2c1O,0.853,0.633,0.55,0.403,0.583,0.237,0.65,1
Phellopterin,COc1c2ccoc2c(OCC=C(C)C)c2oc(=O)ccc12,0.883,0.9,0.887,0.84,0.88,0.103,0.431,1
"5-[(1E)-dodec-1-en-1-yl]-2H-1,3-benzodioxole",CCCCCCCCCC/C=C/c1ccc2c(c1)OCO2,0.583,0.45,0.523,0.532,0.614,0.533,0.4,1
Bruceolide,COC(=O)[C@@]12OC[C@]34[C@H]([C@@H](O)[C@@H]1O)[C@@]1(C)CC(=O)C(O)=C(C)[C@@H]1C[C@H]3OC(=O)[C@H](O)[C@@H]24,0.29,0.407,0.453,0.213,0.417,0.495,0.757,1
Unii-E09X2254A7,C[C@H]1CC[C@@H]2[C@@H](C)[C@H]3[C@H](C[C@H]4[C@@H]5CC=C6C[C@@H](O)CC[C@]6(C)[C@H]5CC[C@]34CO)N2C1,0.38,0.381,0.51,0.407,0.486,0.397,0.403,1
Fluoranthene,c1ccc2c(c1)-c1cccc3cccc-2c13,0.713,0.54,0.719,0.647,0.457,0.397,0.529,1
Santal,COc1cc(O)c2c(=O)c(-c3ccc(O)c(O)c3)coc2c1,0.787,0.526,0.474,0.307,0.375,0.463,0.625,1
"1,4-Dihydroxy-2-methylanthraquinone",Cc1cc(O)c2c(c1O)C(=O)c1ccccc1C2=O,0.59,0.49,0.492,0.283,0.381,0.463,0.436,1
Podorhizol,COc1cc([C@@H](O)[C@H]2C(=O)OC[C@@H]2Cc2ccc3c(c2)OCO3)cc(OC)c1OC,0.37,0.476,0.57,0.247,0.769,0.696,0.548,1
Tambuletin,COc1ccc(-c2oc3c(O[C@@H]4O[C@H](CO)[C@@H](O)[C@H](O)[C@H]4O)c(OC)cc(O)c3c(=O)c2O)cc1O,0.687,0.457,0.481,0.447,0.397,0.643,0.485,1
Nicotinate,O=C([O-])c1cccnc1,0.74,0.26,0.293,0.267,0.315,0.533,0.5,1
Nicotinic acid,O=C(O)c1cccnc1,0.593,0.137,0.183,0.24,0.32,0.617,0.515,1
Skimmin,O=c1ccc2ccc(O[C@@H]3O[C@H](CO)[C@@H](O)[C@H](O)[C@H]3O)cc2o1,0.55,0.491,0.5,0.443,0.236,0.403,0.458,1
Paradol,CCCCCCCC(=O)CCc1ccc(O)c(OC)c1,0.153,0.263,0.837,0.07,0.201,0.627,0.66,1
Nicotinamide,NC(=O)c1cccnc1,0.723,0.253,0.28,0.267,0.448,0.53,0.5,1
Euphoscopin B,CC(=O)O[C@@H]1[C@H](C)/C=C\C(C)(C)C(=O)C[C@@H](OC(C)=O)/C(C)=C\[C@H]2[C@@H](OC(=O)c3ccccc3)[C@H](C)C[C@]12OC(C)=O,0.358,0.463,0.437,0.375,0.455,0.394,0.53,1
Mesuaferrone B,O=C1C[C@@H](c2ccc(O)cc2)Oc2c1c(O)cc(O)c2-c1c(O)cc(O)c2c(=O)cc(-c3ccc(O)cc3)oc12,0.643,0.455,0.402,0.352,0.515,0.283,0.444,1
Malkangunin,CC(=O)OC1C2CC3(OC2(C)C)C(C)CCC(O)C3(CO)C1OC(=O)c1ccccc1,0.407,0.413,0.477,0.407,0.447,0.683,0.486,1
"2,4,6-Trimethoxyphenol",COc1cc(OC)c(O)c(OC)c1,0.527,0.283,0.547,0.257,0.253,0.227,0.406,1
"1,3-Dimethoxybenzene",COc1cccc(OC)c1,0.713,0.513,0.656,0.611,0.394,0.427,0.545,1
Colchicoside,COc1c(O[C@@H]2O[C@H](CO)[C@@H](O)[C@H](O)[C@H]2O)cc2c(c1OC)-c1ccc(OC)c(=O)cc1[C@@H](NC(C)=O)CC2,0.497,0.401,0.433,0.375,0.245,0.24,0.712,1
Butin,O=C1C[C@@H](c2ccc(O)c(O)c2)Oc2cc(O)ccc21,0.167,0.357,0.25,0.217,0.465,0.467,0.674,1
"1,4-Dimethoxybenzene",COc1ccc(OC)cc1,0.663,0.203,0.635,0.423,0.284,0.433,0.5,1
3-O-Feruloylquinic acid,COc1cc(/C=C/C(=O)O[C@@H]2C[C@](O)(C(=O)O)C[C@@H](O)[C@H]2O)ccc1O,0.21,0.567,0.48,0.493,0.457,0.66,0.441,1
Phenyl 3-phenylprop-2-enoate,O=C(C=Cc1ccccc1)Oc1ccccc1,0.7,0.223,0.313,0.317,0.371,0.563,0.593,1
Cherylline,COc1cc2c(cc1O)CN(C)C[C@H]2c1ccc(O)cc1,0.41,0.403,0.511,0.533,0.493,0.46,0.451,1
16-Dehydropregnenolone,CC(=O)C1=CC[C@H]2[C@@H]3CC=C4C[C@@H](O)CC[C@]4(C)[C@H]3CC[C@]12C,0.35,0.37,0.6,0.332,0.434,0.497,0.484,1
Pelletierine,CC(=O)CC1CCCCN1,0.257,0.217,0.273,0.337,0.373,0.422,0.455,1
Isotaxiresinol,COc1cc2c(cc1O)[C@H](c1ccc(O)c(O)c1)[C@@H](CO)[C@H](CO)C2,0.313,0.442,0.534,0.152,0.173,0.512,0.889,1
Linderoflavone B,COc1c(OC)c(OC)c2c(=O)cc(-c3ccc4c(c3)OCO4)oc2c1OC,0.87,0.556,0.596,0.4,0.56,0.273,0.424,1
Quercetin pentamethyl ether,COc1cc(OC)c2c(=O)c(OC)c(-c3ccc(OC)c(OC)c3)oc2c1,0.813,0.59,0.617,0.371,0.5,0.133,0.8,1
Licochalcone C,COc1c(/C=C/C(=O)c2ccc(O)cc2)ccc(O)c1CC=C(C)C,0.47,0.53,0.47,0.535,0.767,0.279,0.66,1
3-Hydroxy-4'-methoxyflavone,COc1ccc(-c2oc3ccccc3c(=O)c2O)cc1,0.86,0.583,0.597,0.35,0.45,0.56,0.549,1
Betuletrin,COc1cc2oc(-c3ccc(O)cc3)c(O[C@@H]3O[C@H](CO)[C@H](O)[C@H](O)[C@H]3O)c(=O)c2c(O)c1OC,0.653,0.548,0.57,0.503,0.343,0.323,0.544,1
"methyl (1R,9R,10S,11R,12R,19R)-11-acetyloxy-12-ethyl-4-[(13S,15R,17S)-17-ethyl-13-methoxycarbonyl-1,11-diazatetracyclo[13.3.1.04,12.05,10]nonadeca-4(12),5,7,9-tetraen-13-yl]-8-formyl-10-hydroxy-5-meth",CC[C@H]1C[C@H]2CN(CCc3c([nH]c4ccccc34)[C@@](C(=O)OC)(c3cc4c(cc3OC)N(C=O)[C@H]3[C@@](O)(C(=O)OC)[C@H](OC(C)=O)[C@]5(CC)C=CCN6CC[C@]43[C@@H]65)C2)C1,0.377,0.48,0.513,0.48,0.414,0.337,0.75,1
Dihydrobaicalein,O=C1CC(c2ccccc2)Oc2cc(O)c(O)c(O)c21,0.547,0.392,0.3,0.39,0.43,0.317,0.511,1
Sitoindoside I,CCCCCCCCCCCCCCCC(=O)OC[C@H]1O[C@@H](O[C@H]2CC[C@@]3(C)C(=CC[C@H]4[C@@H]5CC[C@H]([C@H](C)CC[C@@H](CC)C(C)C)[C@@]5(C)CC[C@@H]43)C2)[C@H](O)[C@@H](O)[C@@H]1O,0.38,0.433,0.507,0.362,0.416,0.658,0.558,1
Lanceotoxin A,CC(=O)O[C@]12CC[C@@H]3[C@H](CC[C@]4(C)[C@@H](c5ccc(=O)oc5)CC[C@]34O)[C@@]1(C=O)CC[C@H](OC(=O)[C@H](O)[C@H](O)[C@@H](O)[C@H](C)O)C2,0.416,0.574,0.567,0.447,0.569,0.597,0.43,1
Licochalcone B,COc1c(/C=C/C(=O)c2ccc(O)cc2)ccc(O)c1O,0.5,0.507,0.463,0.523,0.88,0.352,1.0,1
Oleandrigenin,CC(=O)O[C@H]1C[C@]2(O)[C@@H]3CC[C@@H]4C[C@@H](O)CC[C@]4(C)[C@H]3CC[C@]2(C)[C@H]1C1=CC(=O)OC1,0.387,0.427,0.577,0.307,0.458,0.493,0.447,1
Lanceotoxin B,CC(=O)O[C@]12CC[C@@H]3[C@H](CC[C@]4(C)[C@@H](c5ccc(=O)oc5)CC[C@]34O)[C@@]1(C=O)CC[C@H](O[C@@H]1O[C@@H](C)[C@H](O)[C@@H](O)[C@H]1O)C2,0.429,0.57,0.627,0.44,0.553,0.483,0.442,1
"5-[(3S,3aR,6R,6aR)-6-(3,4,5-trimethoxyphenyl)-1,3,3a,4,6,6a-hexahydrofuro[3,4-c]furan-3-yl]-1,3-benzodioxole",COc1cc([C@@H]2OC[C@H]3[C@@H]2CO[C@@H]3c2ccc3c(c2)OCO3)cc(OC)c1OC,0.587,0.555,0.626,0.377,0.498,0.685,0.466,1
"5,7-Dimethoxyflavone",COc1cc(OC)c2c(=O)cc(-c3ccccc3)oc2c1,0.917,0.623,0.542,0.423,0.52,0.59,0.707,1
Leptosidin,COc1c(O)ccc2c1OC(=Cc1ccc(O)c(O)c1)C2=O,0.52,0.59,0.533,0.311,0.357,0.527,0.42,1
N-[(E)-2-(4-methoxyphenyl)ethenyl]benzamide,COc1ccc(/C=C/NC(=O)c2ccccc2)cc1,0.39,0.407,0.42,0.293,0.417,0.582,0.447,1
Acenaphthene,c1cc2c3c(cccc3c1)CC2,0.473,0.427,0.695,0.513,0.353,0.443,0.5,1
(+)-Neoolivil,COc1cc([C@@H]2O[C@@H](c3ccc(O)c(OC)c3)[C@H](CO)[C@H]2CO)ccc1O,0.423,0.474,0.629,0.166,0.137,0.587,0.51,1
Alatanin 2,COc1cc(-c2[o+]c3cc(O)cc(O)c3cc2O[C@@H]2OC(CO[C@@H]3OC(CO)[C@@H](O)C(O)C3O)[C@@H](OC(=O)/C=C/c3cc(OC)c(O)c(OC)c3)C(O)C2O)ccc1O,0.413,0.53,0.497,0.403,0.396,0.583,0.412,1
Plantainoside D,O=C(/C=C/c1ccc(O)c(O)c1)OC[C@H]1O[C@@H](OCCc2ccc(O)c(O)c2)[C@H](O)[C@@H](O[C@@H]2O[C@H](CO)[C@@H](O)[C@H](O)[C@H]2O)[C@@H]1O,0.42,0.513,0.553,0.439,0.46,0.553,0.416,1
"8-[5-(5,7-Dihydroxy-4-oxochromen-2-yl)-2-methoxyphenyl]-5-hydroxy-7-methoxy-2-(4-methoxyphenyl)chromen-4-one",COc1ccc(-c2cc(=O)c3c(O)cc(OC)c(-c4cc(-c5cc(=O)c6c(O)cc(O)cc6o5)ccc4OC)c3o2)cc1,0.89,0.615,0.54,0.433,0.44,0.453,0.527,1
Pipernonaline,O=C(/C=C/CCCC/C=C/c1ccc2c(c1)OCO2)N1CCCCC1,0.453,0.53,0.357,0.517,0.571,0.44,0.429,1
Longistyline A,COc1cc(/C=C/c2ccccc2)cc(O)c1CC=C(C)C,0.583,0.473,0.633,0.49,0.447,0.38,0.588,1
"Butyl 3-(3,4-dihydroxyphenyl)acrylate",CCCCOC(=O)/C=C/c1ccc(O)c(O)c1,0.403,0.39,0.48,0.38,0.328,0.587,0.4,1
Ophiopogonanone A,Cc1c(O)cc2c(c1O)C(=O)C(Cc1ccc3c(c1)OCO3)CO2,0.503,0.545,0.513,0.273,0.597,0.49,0.404,1
Curcumin,COc1cc(/C=C/C(=O)CC(=O)/C=C/c2ccc(O)c(OC)c2)ccc1O,0.137,0.77,0.47,0.22,0.1,0.917,0.886,1
"4',5,6,7-Tetramethoxyflavone",COc1ccc(-c2cc(=O)c3c(OC)c(OC)c(OC)cc3o2)cc1,0.937,0.68,0.679,0.487,0.577,0.747,0.651,1
Hydrobenzoin,OC(c1ccccc1)C(O)c1ccccc1,0.487,0.227,0.545,0.752,0.144,0.4,0.419,1
Amurensine,COc1cc2c(cc1O)[C@H]1CN(C)[C@@H](C2)c2cc3c(cc21)OCO3,0.488,0.43,0.527,0.356,0.44,0.587,0.449,1
"3'-Angeloyloxy-4',6'-dihydroxy-2',5'-dimethoxychalcone",C/C=C(/C)C(=O)Oc1c(O)c(OC)c(O)c(C(=O)/C=C/c2ccccc2)c1OC,0.697,0.47,0.527,0.437,0.584,0.337,0.45,1
"(2R,3R)-alpinone",COc1cc(O)c2c(c1)O[C@H](c1ccccc1)[C@@H](O)C2=O,0.457,0.508,0.467,0.343,0.482,0.49,0.5,1
Attenuol,C[C@@H]1[C@@H](c2ccc(O)cc2)c2cc3c(cc2C[C@H]1C)OCO3,0.48,0.423,0.533,0.443,0.44,0.43,0.422,1
Allopatuletin,COc1c(O)c(O)cc2oc(-c3ccc(O)c(O)c3)c(O)c(=O)c12,0.833,0.477,0.43,0.28,0.343,0.32,0.58,1
Asebogenin,COc1cc(O)c(C(=O)CCc2ccc(O)cc2)c(O)c1,0.423,0.517,0.42,0.327,0.585,0.38,0.452,1
Asplenetin,CC(C)CCc1c(-c2cc(O)c(O)c(O)c2)oc2cc(O)cc(O)c2c1=O,0.583,0.38,0.467,0.26,0.327,0.36,0.473,1
Alflabene,COc1cc(OC)c(OC)cc1/C=C/[C@H]1CCC=C[C@@H]1c1cc(OC)c(OC)cc1OC,0.37,0.377,0.476,0.291,0.287,0.593,0.405,1
Bisnorargemonine,COc1cc2c(cc1O)[C@@H]1Cc3cc(O)c(OC)cc3[C@H](C2)N1C,0.36,0.273,0.413,0.329,0.248,0.53,0.439,1
"(4,7,7-trimethyl-3-bicyclo[2.2.1]heptanyl) (E)-3-(4-hydroxy-3-methoxyphenyl)prop-2-enoate",COc1cc(/C=C/C(=O)OC2CC3CCC2(C)C3(C)C)ccc1O,0.21,0.457,0.467,0.508,0.382,0.645,0.456,1
Aviculin,COc1cc([C@H]2c3cc(O)c(OC)cc3C[C@@H](CO)[C@@H]2CO[C@@H]2O[C@@H](C)[C@H](O)[C@@H](O)[C@H]2O)ccc1O,0.37,0.45,0.52,0.227,0.262,0.478,0.667,1
Brachyamide A,O=C(/C=C/C=C/CCCCCC/C=C/c1ccc2c(c1)OCO2)N1CCCC1,0.457,0.5,0.353,0.515,0.547,0.473,0.407,1
"1-[(2E,8E)-9-(3,4-methylenedioxyphenyl)-2,8-nonadienoyl]pyrrolidine",O=C(/C=C/CCCC/C=C/c1ccc2c(c1)OCO2)N1CCCC1,0.457,0.53,0.347,0.477,0.577,0.42,0.436,1
Aurentiacin A,COc1c(C)c(O)cc(O)c1C(=O)/C=C/c1ccccc1,0.66,0.443,0.473,0.438,0.512,0.297,0.473,1
Aurmillone,COc1c(O)cc(O)c2c(=O)c(-c3ccc(OCC=C(C)C)cc3)coc12,0.713,0.567,0.603,0.41,0.506,0.64,0.544,1
Corniculatusin,COc1c(O)cc(O)c2c(=O)c(O)c(-c3ccc(O)c(O)c3)oc12,0.873,0.512,0.467,0.317,0.364,0.373,0.519,1
Candicanin,CC(=CCOc1c2occc2cc2ccc(=O)oc12)COC(C)(C)C(O)COc1c2occc2cc2ccc(=O)oc12,0.618,0.528,0.543,0.58,0.609,0.193,0.466,1
4-(4-Methoxyphenyl)-2-butanone,COc1ccc(CCC(C)=O)cc1,0.533,0.32,0.373,0.267,0.463,0.51,0.719,1
Carlifornidine,C[N+]1(C)[C@H]2Cc3cc4c(cc3[C@@H]1Cc1cc3c(cc12)COC3)OCO4,0.51,0.45,0.492,0.453,0.17,0.483,0.452,1
Californine,CN1C2Cc3cc4c(cc3C1Cc1cc3c(cc12)OCO3)OCO4,0.358,0.277,0.438,0.47,0.147,0.583,1.0,1
Calomelanol F,O=C1CC(c2ccccc2)c2c(cc(O)c3c(=O)cc(-c4ccc(O)cc4)oc23)O1,0.74,0.613,0.526,0.496,0.547,0.377,0.429,1
Calomelanol G,COc1ccc(C2CC(=O)c3c(cc4c(c3O)C(c3ccc(O)cc3)CC(=O)O4)O2)cc1,0.515,0.467,0.43,0.335,0.53,0.417,0.596,1
Calomelanol H,O=C1CC(c2ccccc2)c2c(cc3c(c2O)C(=O)CC(c2ccc(O)cc2)O3)O1,0.508,0.435,0.42,0.446,0.569,0.41,0.431,1
Calomelanol J,O=C1CC(c2ccccc2)c2c(cc3c(c2O)C(=O)CC(c2ccccc2)O3)O1,0.528,0.436,0.403,0.45,0.506,0.423,0.411,1
Caffeylmalonylcyanin,O=C(O)CC(=O)OC[C@H]1O[C@@H](Oc2cc(O)cc3[o+]c(-c4ccc(O)c(O)c4)c(O[C@@H]4O[C@H](COC(=O)C=Cc5ccc(O)c(O)c5)[C@@H](O)[C@H](O)[C@H]4O)cc23)[C@H](O)[C@@H](O)[C@@H]1O,0.433,0.513,0.487,0.5,0.49,0.437,0.452,1
Carpachromene,CC1(C)C=Cc2c(cc3oc(-c4ccc(O)cc4)cc(=O)c3c2O)O1,0.81,0.583,0.564,0.437,0.553,0.35,0.5,1
Centaurein,COc1ccc(-c2oc3cc(O[C@@H]4O[C@H](CO)[C@@H](O)[C@H](O)[C@H]4O)c(OC)c(O)c3c(=O)c2OC)cc1O,0.65,0.565,0.513,0.533,0.387,0.333,0.519,1
Caryachine,COc1cc2c(cc1O)[C@@H]1Cc3cc4c(cc3[C@H](C2)N1C)OCO4,0.368,0.343,0.434,0.397,0.33,0.6,0.692,1
Caryatin,COc1c(-c2ccc(O)c(O)c2)oc2cc(O)cc(OC)c2c1=O,0.91,0.504,0.45,0.367,0.237,0.23,0.66,1
Caviunin,COc1cc(OC)c(-c2coc3cc(O)c(OC)c(O)c3c2=O)cc1OC,0.663,0.453,0.503,0.284,0.404,0.7,0.509,1
Carthamidin,O=C1C[C@@H](c2ccc(O)cc2)Oc2cc(O)c(O)c(O)c21,0.253,0.303,0.273,0.224,0.498,0.32,0.578,1
4-Methoxyphenylacetone,COc1ccc(CC(C)=O)cc1,0.49,0.293,0.363,0.253,0.496,0.463,0.514,1
Cannabin,COc1cc(O)c2c(=O)c(O[C@@H]3OC(CO[C@@H]4OC(C)[C@H](O)[C@H](O)C4O)[C@@H](O)C(O)C3O)c(-c3ccccc3)oc2c1,0.637,0.532,0.543,0.38,0.247,0.396,0.73,1
Candidol,COc1cc2oc(-c3ccc(O)cc3)c(O)c(=O)c2c(OC)c1OC,0.867,0.563,0.583,0.378,0.443,0.447,0.625,1
Cerberalignan L,COc1cc([C@@]2(O)CO[C@H](c3cc(OC)c(O)c(-c4cc([C@H]5c6cc(O)c(OC)cc6C[C@@H](CO)[C@@H]5CO)cc(OC)c4O)c3)[C@H]2CO)ccc1O,0.43,0.506,0.498,0.303,0.43,0.613,0.588,1
Chitanone,CCC[C@H]1[C@@H](O)c2cccc(O)c2C(=O)[C@@]1(C)c1ccc(O)c2c1C(=O)C(C)=CC2=O,0.504,0.644,0.657,0.518,0.629,0.483,0.426,1
Anthracene,c1ccc2cc3ccccc3cc2c1,0.483,0.282,0.595,0.723,0.299,0.34,0.45,1
Cerberalignan K,COc1cc(C2OC[C@](O)(c3cc(OC)c(O)c(-c4cc([C@H]5c6cc(O)c(OC)cc6C[C@@H](CO)[C@@H]5CO)cc(OC)c4O)c3)[C@@H]2CO)ccc1O,0.44,0.483,0.514,0.277,0.433,0.613,0.603,1
Myricetin 3-alpha-L-arabinofuranoside,O=c1c(O[C@@H]2O[C@@H](CO)[C@H](O)[C@H]2O)c(-c2cc(O)c(O)c(O)c2)oc2cc(O)cc(O)c12,0.667,0.378,0.487,0.447,0.217,0.363,0.609,1
Datin,COc1cc(O)c2c(=O)c(O)c(-c3ccccc3O)oc2c1,0.863,0.578,0.593,0.337,0.302,0.35,0.538,1
Nikethamide,CCN(CC)C(=O)c1cccnc1,0.58,0.217,0.34,0.373,0.55,0.445,0.462,1
Cinnamamide,NC(=O)/C=C/c1ccccc1,0.69,0.173,0.24,0.25,0.458,0.463,0.667,1
Quinazoline,c1ccc2ncncc2c1,0.59,0.417,0.564,0.523,0.668,0.505,0.448,1
beta-Peltatin,COc1cc([C@@H]2c3cc4c(c(O)c3C[C@H]3COC(=O)[C@@H]32)OCO4)cc(OC)c1OC,0.465,0.655,0.617,0.313,0.65,0.633,0.426,1
alpha-Peltatin,COc1cc([C@@H]2c3cc4c(c(O)c3C[C@H]3COC(=O)[C@@H]32)OCO4)cc(OC)c1O,0.392,0.584,0.54,0.293,0.563,0.523,0.484,1
Alatanin C,COc1cc(/C=C/C(=O)OCC2O[C@@H](OCC3O[C@@H](Oc4cc5c(O)cc(O)cc5[o+]c4-c4ccc(O)c(O)c4)C(O)C(O)[C@@H]3O)C(O)C(O)[C@@H]2O)cc(OC)c1O,0.407,0.53,0.517,0.413,0.479,0.52,0.438,1
Azulene,c1ccc2cccc-2cc1,0.313,0.477,0.689,0.607,0.402,0.34,0.562,1
Cyclocommunol,CC(C)=CC1Oc2cc(O)ccc2-c2oc3cc(O)cc(O)c3c(=O)c21,0.57,0.513,0.537,0.4,0.43,0.463,0.424,1
Cynarotrioside,CC1OC(OCC2OC(Oc3cc(O)c4c(=O)cc(-c5ccc(OC6OC(CO)C(O)C(O)C6O)c(O)c5)oc4c3)C(O)C(O)C2O)C(O)C(O)C1O,0.653,0.48,0.483,0.447,0.31,0.365,0.562,1
Dalpalatin,COc1cc2c(cc1-c1coc3cc(O)c(OC)c(O)c3c1=O)OCO2,0.649,0.503,0.56,0.321,0.512,0.673,0.433,1
Dalspinin,COc1c(O)cc2occ(-c3ccc4c(c3)OCO4)c(=O)c2c1O,0.657,0.58,0.587,0.353,0.573,0.617,0.5,1
Dalspinosin,COc1ccc(-c2coc3cc(O)c(OC)c(O)c3c2=O)cc1OC,0.707,0.58,0.537,0.383,0.503,0.78,0.729,1
Gomphrenol,O=c1c(O)c(-c2ccc(O)cc2)oc2cc3c(c(O)c12)OCO3,0.75,0.496,0.533,0.32,0.585,0.377,0.431,1
Edgeworthin,O=c1ccc2ccc(Oc3cc4cc(O)c(O)cc4oc3=O)cc2o1,0.7,0.543,0.523,0.427,0.408,0.337,0.467,1
Edulitine,COc1cc(=O)[nH]c2c(OC)cccc12,0.667,0.467,0.43,0.332,0.423,0.798,0.438,1
"(S)-5,7-Dihydroxy-6,8-dimethylflavanone",Cc1c(O)c(C)c2c(c1O)C(=O)CC(c1ccccc1)O2,0.467,0.568,0.427,0.437,0.45,0.357,0.412,1
Derrusnin,COc1cc(OC)c2c(OC)c(-c3ccc4c(c3)OCO4)c(=O)oc2c1,0.747,0.53,0.573,0.417,0.576,0.567,0.459,1
Derrugenin,COc1cc(O)c2c(=O)c(-c3cc(OC)c(O)cc3OC)coc2c1,0.693,0.545,0.521,0.31,0.378,0.587,0.5,1
Derrone,CC1(C)C=Cc2c(cc(O)c3c(=O)c(-c4ccc(O)cc4)coc23)O1,0.643,0.54,0.497,0.378,0.52,0.545,0.448,1
Dianthalexin,O=c1oc(-c2ccccc2)nc2cc(O)ccc12,0.753,0.524,0.45,0.31,0.517,0.423,0.455,1
Didymocarpin A,COc1c(O)c2c(c(O)c1OC)C(=O)CC(c1ccccc1)O2,0.547,0.492,0.433,0.393,0.409,0.417,0.48,1
"2,5-Dihydroxy-4-methoxy-9H-fluoren-9-one",COc1cc(O)cc2c1-c1c(O)cccc1C2=O,0.653,0.627,0.58,0.46,0.479,0.48,0.429,1
Demethyleneberberine,COc1ccc2cc3[n+](cc2c1OC)CCc1cc(O)c(O)cc1-3,0.443,0.523,0.567,0.56,0.54,0.534,0.891,1
Ellipticol,COc1cc(O)c2c(=O)c3c(OC)cc(OC)cc3oc2c1,0.72,0.433,0.58,0.26,0.327,0.367,0.609,1
Demethylcalabaxanthone,CC(C)=CCc1c(O)ccc2oc3cc4c(c(O)c3c(=O)c12)C=CC(C)(C)O4,0.557,0.572,0.633,0.36,0.55,0.46,0.488,1
Muramine,COc1cc2c(cc1OC)C(=O)Cc1ccc(OC)c(OC)c1CN(C)CC2,0.417,0.497,0.453,0.37,0.513,0.793,0.436,1
Cowlteropine,COc1c2c(cc3c1C(=O)Cc1ccc4c(c1CN(C)CC3)OCO4)OCO2,0.483,0.48,0.517,0.427,0.53,0.74,0.458,1
Ellipticoside,COc1cc(OC)c2c(=O)c3c(O[C@@H]4O[C@H](CO[C@@H]5OC[C@@H](O)[C@H](O)[C@H]5O)[C@@H](O)[C@H](O)[C@H]4O)cc(OC)cc3oc2c1,0.46,0.423,0.531,0.409,0.338,0.417,0.429,1
Dryopterin,O=C1C[C@H]2c3c(cc(O)cc3O[C@H](c3ccc(O)c(O)c3)[C@@H]2O)O1,0.337,0.484,0.504,0.311,0.4,0.48,0.444,1
Chitranone,CC1=CC(=O)c2c(ccc(C3=C(C)C(=O)c4cccc(O)c4C3=O)c2O)C1=O,0.747,0.643,0.707,0.703,0.668,0.44,0.667,1
Licoriphenone,COc1cc(O)c(CC(=O)c2ccc(O)cc2O)c(OC)c1CC=C(C)C,0.49,0.443,0.547,0.43,0.52,0.39,0.429,1
Hortensin,COc1cc2oc(-c3ccc(O)cc3)c(O)c(=O)c2cc1OC,0.827,0.559,0.5,0.423,0.5,0.637,0.529,1
Homoflemingin,COc1cc(C(=O)/C=C/c2cc(O)ccc2O)c(O)c(C/C=C(\C)CCC=C(C)C)c1O,0.567,0.504,0.493,0.446,0.573,0.353,0.423,1
Homotectoridin,COc1cc(-c2coc3c(OC)c(O[C@@H]4OC(CO)[C@@H](O)[C@H](O)C4O)cc(O)c3c2=O)ccc1O,0.607,0.585,0.56,0.487,0.343,0.6,0.478,1
Isochavibetol,C/C=C/c1ccc(OC)c(O)c1,0.41,0.4,0.573,0.32,0.34,0.653,0.667,1
2-Ethoxy-1-methoxy-4-(1-propenyl)benzene,CC=Cc1ccc(OC)c(OCC)c1,0.443,0.423,0.5,0.383,0.425,0.69,0.486,1
Homovanillyl alcohol,COc1cc(CCO)ccc1O,0.427,0.441,0.597,0.17,0.296,0.603,0.489,1
2-Methoxy-3-(2-methylbut-3-en-2-yl)-6-phenylpyran-4-one,C=CC(C)(C)c1c(OC)oc(-c2ccccc2)cc1=O,0.69,0.535,0.541,0.423,0.407,0.413,0.44,1
Hyperenone B,C=CC(C)(C)c1c(O)cc(-c2ccccc2)oc1=O,0.62,0.507,0.517,0.347,0.504,0.387,0.404,1
Holafebrine,C[C@H](N)[C@H]1CC[C@H]2[C@@H]3CC=C4C[C@@H](O)CC[C@]4(C)[C@H]3CC[C@]12C,0.277,0.363,0.497,0.297,0.32,0.587,0.667,1
Isobergapten,COc1cc2occc2c2oc(=O)ccc12,0.873,0.673,0.617,0.617,0.577,0.546,0.455,1
hexacosyl (E)-3-(4-hydroxyphenyl)prop-2-enoate,CCCCCCCCCCCCCCCCCCCCCCCCCCOC(=O)/C=C/c1ccc(O)cc1,0.4,0.457,0.433,0.477,0.555,0.537,0.408,1
Izalpinin,COc1cc(O)c2c(=O)c(O)c(-c3ccccc3)oc2c1,0.933,0.558,0.567,0.34,0.339,0.317,0.592,1
Isoaffinetin,O=c1cc(-c2cc(O)c(O)c(O)c2)oc2cc(O)c([C@@H]3OC(CO)[C@@H](O)[C@H](O)C3O)c(O)c12,0.597,0.478,0.481,0.343,0.487,0.38,0.463,1
"5,7-Dihydroxy-6-methoxy-4'-prenyloxyisoflavone",COc1c(O)cc2occ(-c3ccc(OCC=C(C)C)cc3)c(=O)c2c1O,0.66,0.543,0.61,0.38,0.48,0.613,0.534,1
Eryvariestyrene,CC(C)=CCc1cc(C/C=C/c2ccccc2)c(O)cc1O,0.617,0.437,0.53,0.507,0.482,0.29,0.4,1
Flavosorbin,COc1cc2oc(-c3ccc(O)cc3)cc(=O)c2c(O)c1O[C@@H]1O[C@@H](C)[C@H](O[C@@H]2O[C@H](CO)[C@@H](O)[C@H](O)[C@H]2O)[C@@H](O)[C@H]1O,0.657,0.553,0.567,0.45,0.42,0.475,0.444,1
Geniculatin,COc1c(O)cc2oc(-c3ccc(O)cc3)c(O[C@@H]3O[C@H](COC(=O)C4C(c5ccc(O)cc5)C(C(=O)OC[C@H]5O[C@@H](Oc6c(-c7ccc(O)cc7)oc7cc(O)c(OC)c(O)c7c6=O)[C@H](O)[C@@H](O)[C@@H]5O)C4c4ccc(O)cc4)[C@@H](O)[C@H](O)[C@H]3O)c(=O)c2c1O,0.567,0.515,0.553,0.443,0.457,0.398,0.566,1
Gentiacaulein,COc1cc(O)c2c(=O)c3c(OC)c(O)ccc3oc2c1,0.817,0.583,0.644,0.273,0.397,0.373,0.604,1
Geraldol,COc1cc(-c2oc3cc(O)ccc3c(=O)c2O)ccc1O,0.83,0.626,0.557,0.457,0.464,0.667,0.569,1
Glabratephrin,CC(=O)O[C@@H]1C(C)(C)OC(=O)[C@]12COc1ccc3c(=O)cc(-c4ccccc4)oc3c12,0.743,0.503,0.483,0.503,0.503,0.463,0.4,1
Anhydropisatin,COc1ccc2c(c1)OCc1c-2oc2cc3c(cc12)OCO3,0.6,0.5,0.558,0.605,0.623,0.582,0.448,1
euphornin B,CC(=O)O[C@@H]1C[C@@H](O)C(C)(C)/C=C\[C@H](C)[C@H](OC(C)=O)[C@@]2(O)C[C@H](C)[C@H](OC(=O)c3ccccc3)[C@@H]2/C=C\1C,0.332,0.423,0.431,0.39,0.5,0.47,0.412,1
Fisetinidol,Oc1ccc2c(c1)O[C@H](c1ccc(O)c(O)c1)[C@@H](O)C2,0.407,0.478,0.546,0.427,0.483,0.443,0.42,1
Flaccidine,C/C=C(/C)C(=O)Oc1c(-c2ccc(OC)c(OC)c2)oc2c(OC)c(O)cc(O)c2c1=O,0.737,0.55,0.5,0.34,0.502,0.48,0.525,1
Euryanoside,CC(=O)OC[C@H]1O[C@@H](Oc2cc(O)cc3oc(-c4ccc(O)cc4)cc(=O)c23)[C@H](O[C@@H]2O[C@@H](C)[C@H](O)[C@@H](O)[C@H]2O)[C@@H](O)[C@@H]1O,0.633,0.49,0.468,0.327,0.44,0.39,0.464,1
Erianin,COc1ccc(CCc2cc(OC)c(OC)c(OC)c2)cc1O,0.567,0.407,0.607,0.232,0.458,0.83,0.526,1
Euphornin A,CC(=O)O[C@@H]1C[C@@H](O)/C(C)=C\[C@H]2[C@@H](OC(=O)c3ccccc3)[C@@H](C)C[C@]2(O)[C@@H](OC(C)=O)[C@@H](C)/C=C\C1(C)C,0.338,0.385,0.391,0.393,0.49,0.523,0.407,1
Euphoscopin E,CC(=O)O[C@]12C[C@@H](C)[C@H](OC(=O)c3ccccc3)[C@@H]1/C=C(/C)[C@H](O)CC(=O)C(C)(C)/C=C\[C@@H](C)C2=O,0.402,0.46,0.487,0.363,0.488,0.338,0.623,1
Euphoscopin D,CC(=O)O[C@@H]1[C@H](C)/C=C\C(C)(C)C(=O)CC(=O)/C(C)=C\[C@H]2[C@@H](OC(=O)c3ccccc3)[C@H](C)C[C@]12OC(C)=O,0.355,0.47,0.441,0.415,0.485,0.535,0.448,1
"8H-Cyclopentacyclododecen-8-one, 13,13a-bis(acetyloxy)-3-(benzoyloxy)-1,2,3,3a,6,7,9,12,13,13a-decahydro-6-hydroxy-2,5,9,9,12-pentamethyl-, (2R,3S,3aS,4E,6R,10E,12R,13R,13aR)-",CC(=O)O[C@@H]1[C@H](C)/C=C\C(C)(C)C(=O)C[C@@H](O)/C(C)=C\[C@H]2[C@@H](OC(=O)c3ccccc3)[C@H](C)C[C@]12OC(C)=O,0.362,0.437,0.417,0.342,0.452,0.465,0.477,1
Flemichapparin A,CC1(C)C=Cc2c(O)c(C(=O)/C=C/c3ccccc3)cc(O)c2O1,0.627,0.465,0.552,0.473,0.483,0.453,0.407,1
Ergotoxine,CC(C)[C@@]1(NC(=O)[C@@H]2C=C3c4cccc5[nH]cc(c45)C[C@H]3N(C)C2)O[C@@]2(O)[C@@H]3CCCN3C(=O)CN2C1=O,0.433,0.741,0.54,0.483,0.747,0.524,0.778,1
Euphornin C,CC(=O)O[C@@H]1CC(=O)/C(C)=C\[C@H]2[C@@H](OC(=O)c3ccccc3)[C@@H](C)C[C@]2(O)[C@@H](OC(C)=O)[C@@H](C)/C=C\C1(C)C,0.395,0.45,0.509,0.39,0.507,0.564,0.407,1
Ammiol,COc1c2occc2c(OC)c2c(=O)cc(CO)oc12,0.887,0.693,0.73,0.66,0.7,0.327,0.682,1
Eduline,COc1ccc2c(c1)c(=O)cc(-c1ccccc1)n2C,0.677,0.523,0.417,0.333,0.487,0.614,0.5,1
Vanillyl alcohol,COc1cc(CO)ccc1O,0.46,0.464,0.63,0.237,0.307,0.517,0.444,1
"7H-Furo[3,2-g][1]benzopyran-7-one, 9-methoxy-4-(3-methyl-2-butenyl)-",COc1c2occc2c(CC=C(C)C)c2ccc(=O)oc12,0.813,0.803,0.797,0.7,0.747,0.146,0.469,1
Isocordoin,CC(C)=CCc1c(O)ccc(C(=O)/C=C/c2ccccc2)c1O,0.647,0.376,0.52,0.504,0.547,0.313,0.566,1
"(E)-5-(4-Methoxystyryl)benzene-1,3-diol",COc1ccc(/C=C/c2cc(O)cc(O)c2)cc1,0.65,0.627,0.77,0.407,0.501,0.29,0.69,1
Fisetin tetramethyl ether,COc1ccc2c(=O)c(OC)c(-c3ccc(OC)c(OC)c3)oc2c1,0.777,0.587,0.63,0.408,0.533,0.652,0.688,1
Whiskey lactone,CCCCC1OC(=O)CC1C,0.23,0.207,0.397,0.188,0.261,0.483,0.405,1
Lonchocarpin,CC1(C)C=Cc2c(ccc(C(=O)/C=C/c3ccccc3)c2O)O1,0.624,0.468,0.513,0.522,0.593,0.43,0.48,1
1-(2-(Pyridin-3-yl)pyrrolidin-1-yl)ethanone,CC(=O)N1CCCC1c1cccnc1,0.28,0.288,0.345,0.41,0.38,0.727,0.439,1
6-Demethoxytangeretin,COc1ccc(-c2cc(=O)c3c(OC)cc(OC)c(OC)c3o2)cc1,0.92,0.573,0.626,0.447,0.457,0.543,0.565,1
"2H-1-Benzopyran-2-one, 6-methoxy-7-[(2-oxo-2H-1-benzopyran-7-yl)oxy]-",COc1cc2ccc(=O)oc2cc1Oc1ccc2ccc(=O)oc2c1,0.743,0.557,0.573,0.45,0.283,0.528,0.55,1
Erythro-canabisine H,COc1cc([C@H](O)[C@H](CO)Oc2ccc(/C=C/C(=O)NCCc3ccc(O)cc3)cc2OC)ccc1O,0.32,0.554,0.463,0.482,0.479,0.655,0.477,1
"2',4-Dihydroxy-4',6'-dimethoxychalcone",COc1cc(O)c(C(=O)/C=C/c2ccc(O)cc2)c(OC)c1,0.447,0.55,0.477,0.59,0.653,0.243,0.694,1
"[2,2'-Binaphthalene]-1,1',4,4'-tetrone, 5,5'-dihydroxy-7,7'-dimethyl-",Cc1cc(O)c2c(c1)C(=O)C(C1=CC(=O)c3c(O)cc(C)cc3C1=O)=CC2=O,0.663,0.383,0.517,0.313,0.467,0.39,0.421,1
boesenbergin A,COc1cc(O)c(C(=O)/C=C/c2ccccc2)c2c1C=CC(C)(CCC=C(C)C)O2,0.523,0.487,0.5,0.48,0.62,0.45,0.485,1
alpha-Lumicolchicine,COc1cc2c(c(OC)c1OC)C1=C(C(NC(C)=O)CC2)C2C(=O)C3(OC)C(C12)C1C2C4=C(C(NC(C)=O)CCc5cc(OC)c(OC)c(OC)c54)C2C(=O)C13OC,0.493,0.367,0.453,0.347,0.433,0.49,0.554,1
Pebrellin,COc1ccc(-c2cc(=O)c3c(O)c(O)c(OC)c(OC)c3o2)cc1OC,0.887,0.557,0.617,0.455,0.57,0.43,0.491,1
gamma-Asarone,C=CCc1cc(OC)c(OC)cc1OC,0.543,0.22,0.512,0.227,0.335,0.667,0.469,1
Boehmenan K,COc1cc(/C=C/C(=O)OC[C@@H]2c3cc(/C=C/COC(=O)/C=C/c4ccc(O)cc4)cc(OC)c3O[C@H]2c2ccc(O)c(OC)c2)ccc1O,0.343,0.562,0.487,0.473,0.48,0.673,0.463,1
4-Ethyl-2-methoxyphenol,CCc1ccc(O)c(OC)c1,0.517,0.474,0.64,0.236,0.34,0.517,0.477,1
Rhapontin,COc1ccc(/C=C/c2cc(O)cc(O[C@@H]3O[C@H](CO)[C@@H](O)[C@H](O)[C@H]3O)c2)cc1O,0.393,0.567,0.6,0.399,0.327,0.473,0.444,1
Ayapin,O=c1ccc2cc3c(cc2o1)OCO3,0.675,0.525,0.523,0.333,0.521,0.365,0.41,1
Heteroflavanone A,COc1cc(O)c2c(c1)OC(c1c(OC)cc(OC)cc1OC)CC2=O,0.332,0.321,0.36,0.237,0.433,0.447,0.612,1
Heteroflavanone B,COc1cc(OC)c(C2CC(=O)c3c(O)cc(OC)c(CC=C(C)C)c3O2)c(OC)c1,0.303,0.35,0.413,0.233,0.35,0.387,0.413,1
Heveaflavone,COc1ccc(-c2cc(=O)c3c(O)cc(OC)c(-c4cc(-c5cc(=O)c6c(O)cc(OC)cc6o5)ccc4O)c3o2)cc1,0.883,0.662,0.562,0.453,0.493,0.417,0.474,1
Herpepentol,COc1cc(CC2COC(c3cc(OC)c4c(c3)C(CO)C(c3cc(OC)c5c(c3)C(CO)C(c3cc(OC)c6c(c3)C(CO)C(c3ccc(O)c(OC)c3)O6)O5)O4)C2CO)ccc1O,0.31,0.49,0.511,0.113,0.154,0.59,0.448,1
Heliosin,O=c1c(OCC(O)/C(O)=C(\O)C(O)COCC(O)/C(O)=C(\O)C(O)CO)c(-c2ccc(O)c(O)c2)oc2cc(O)cc(O)c12,0.653,0.387,0.317,0.37,0.301,0.39,0.468,1
Haplanthin,COc1cc(O)c2c(c1)OC(c1ccccc1OC1OC(CO)C(O)C(O)C1O)CC2=O,0.432,0.465,0.47,0.406,0.458,0.477,0.463,1
Grantioidinin,COc1ccc(OC)c(-c2oc3c(OC)c(OC)c(OC)c(O)c3c(=O)c2OC)c1,0.8,0.567,0.587,0.372,0.507,0.367,0.448,1
Grantionin,COc1cc(OC)cc(-c2cc(=O)c3cc(OC)c(O)cc3o2)c1,0.813,0.53,0.564,0.41,0.503,0.407,0.5,1
Heptadecenoic acid,CCCCCCCCCCCCCC/C=C/C(=O)O,0.417,0.233,0.289,0.193,0.353,0.467,0.4,1
Flemichapparin C,COc1ccc2c(c1)oc(=O)c1c3cc4c(cc3oc21)OCO4,0.747,0.517,0.531,0.367,0.54,0.497,0.5,1
Multinoside A acetate,CC(=O)OC[C@H]1O[C@@H](O[C@@H]2[C@@H](O)[C@@H](O)[C@H](Oc3c(-c4ccc(O)c(O)c4)oc4cc(O)cc(O)c4c3=O)O[C@H]2C)[C@H](O)[C@@H](O)[C@@H]1O,0.52,0.471,0.45,0.39,0.233,0.323,0.733,1
"Methyl 3,4,5-trimethoxybenzoate",COC(=O)c1cc(OC)c(OC)c(OC)c1,0.473,0.273,0.387,0.18,0.37,0.733,0.45,1
Murrayacarine,COC(=O)C(C)=CC(=O)c1c[nH]c2ccccc12,0.61,0.616,0.63,0.567,0.706,0.633,0.421,1
5-(1-Hydroxytridecyl)oxolan-2-one,CCCCCCCCCCCCC(O)C1CCC(=O)O1,0.117,0.233,0.31,0.275,0.273,0.538,0.513,1
Lisetin,COc1cc2c(oc3oc4cc(O)cc(O)c4c(=O)c32)c(CC=C(C)C)c1O,0.683,0.466,0.593,0.35,0.413,0.347,0.429,1
Isopiscerythrone,COc1cc(-c2coc3cc(O)c(CC=C(C)C)c(O)c3c2=O)c(O)cc1O,0.607,0.622,0.58,0.39,0.448,0.57,0.435,1
Isorhynchospermin,COc1ccc(-c2oc3cc(OC)c(CC=C(C)C)c(O)c3c(=O)c2O)cc1O,0.727,0.503,0.467,0.317,0.42,0.387,0.648,1
Isorhapontin,COc1cc(/C=C/c2cc(O)cc(O[C@@H]3O[C@H](CO)[C@@H](O)[C@H](O)[C@H]3O)c2)ccc1O,0.413,0.621,0.6,0.416,0.283,0.41,0.424,1
Isoiriskashmirianin,COc1cc(O)cc(-c2coc3cc4c(c(OC)c3c2=O)OCO4)c1,0.613,0.567,0.563,0.343,0.6,0.59,0.426,1
Junipegenin C,COc1cc(-c2coc3cc(O)c(OC)c(O)c3c2=O)cc(OC)c1OC,0.717,0.523,0.557,0.343,0.464,0.777,0.569,1
Isodiodantunezone,O=C1c2ccoc2C(=O)c2c(O)cccc21,0.623,0.667,0.6,0.47,0.585,0.457,0.436,1
Isodidymocarpin,COc1c(O)c(OC)c(OC)c(C(=O)/C=C/c2ccccc2)c1O,0.713,0.4,0.473,0.418,0.554,0.287,0.529,1
Isosilychristin,COc1cc(C2Oc3c(O)ccc(C4Oc5cc(O)cc(O)c5C(=O)C4O)c3C2CO)ccc1O,0.363,0.516,0.417,0.354,0.398,0.65,0.647,1
"9H-Xanthen-9-one, 1,8-dihydroxy-5-(beta-D-glucopyranosyloxy)-3-methoxy-",COc1cc(O)c2c(=O)c3c(O)ccc(O[C@@H]4O[C@H](CO)[C@@H](O)[C@H](O)[C@H]4O)c3oc2c1,0.623,0.565,0.541,0.448,0.33,0.417,0.457,1
Isovolubilin,COc1ccc(-c2coc3cc(OC)c([C@@H]4OC(C)[C@H](O)[C@H](O)C4O)c(O)c3c2=O)cc1,0.61,0.563,0.517,0.378,0.38,0.633,0.508,1
Isoxanthohumol,COc1cc(O)c(CC=C(C)C)c2c1C(=O)CC(c1ccc(O)cc1)O2,0.227,0.412,0.463,0.285,0.448,0.383,0.452,1
Isooxypeucedanin,CC(C)C(=O)COc1c2ccoc2cc2oc(=O)ccc12,0.48,0.575,0.403,0.582,0.53,0.362,0.516,1
Isoswertisin,COc1cc(O)c2c(=O)cc(-c3ccc(O)cc3)oc2c1[C@@H]1OC(CO)[C@H](O)[C@H](O)C1O,0.703,0.515,0.512,0.443,0.438,0.413,0.484,1
Melannin,COc1cc2oc(=O)cc(-c3ccc(O)cc3)c2cc1O,0.747,0.51,0.41,0.41,0.497,0.537,0.407,1
Isosaxalin,CC(C)(Cl)C(O)COc1c2occc2cc2ccc(=O)oc12,0.67,0.476,0.53,0.49,0.506,0.297,0.574,1
Galanginin,O=c1c(O[C@@H]2OC(CO)[C@@H](O)C(O)C2O)c(-c2ccccc2)oc2cc(O)cc(O)c12,0.673,0.519,0.52,0.44,0.25,0.45,0.62,1
Gardenin B,COc1ccc(-c2cc(=O)c3c(O)c(OC)c(OC)c(OC)c3o2)cc1,0.88,0.603,0.586,0.37,0.484,0.17,0.453,1
Melafolone,CCC(C)C(=O)Oc1c(O)c(OC)c(O)c(C(=O)/C=C/c2ccccc2)c1OC,0.497,0.41,0.49,0.424,0.524,0.36,0.429,1
Gardenin C,COc1cc(-c2cc(=O)c3c(O)c(OC)c(OC)c(OC)c3o2)cc(O)c1OC,0.833,0.49,0.57,0.363,0.473,0.453,0.5,1
"3,4,5-Trimethoxy-1,1'-biphenyl",COc1cc(-c2ccccc2)cc(OC)c1OC,0.64,0.432,0.663,0.43,0.413,0.803,0.465,1
Isofucosterol glucoside,CC=C(CCC(C)C1CCC2C3CC=C4CC(OC5OC(CO)C(O)C(O)C5O)CCC4(C)C3CCC12C)C(C)C,0.333,0.43,0.472,0.33,0.378,0.575,0.476,1
Maxima isoflavone D,COc1ccc(-c2coc3c4c(ccc3c2=O)OCO4)cc1OC,0.607,0.507,0.443,0.323,0.527,0.747,0.491,1
Maxima isoflavone G,COc1cc2c(cc1-c1coc3cc(O)ccc3c1=O)OCO2,0.683,0.542,0.517,0.376,0.6,0.63,0.403,1
Maximaisoflavone J,COc1ccc(-c2coc3cc(OCC=C(C)C)ccc3c2=O)cc1,0.658,0.543,0.547,0.369,0.552,0.493,0.474,1
Gardenin E,COc1c(O)cc(-c2cc(=O)c3c(O)c(OC)c(OC)c(OC)c3o2)cc1O,0.83,0.48,0.563,0.323,0.448,0.283,0.42,1
glycocitrine I,COc1cc(O)c2c(=O)c3cccc(O)c3n(C)c2c1CC=C(C)C,0.453,0.508,0.46,0.34,0.433,0.493,0.4,1
Floribin,COc1ccc2oc(=O)ccc2c1O,0.74,0.653,0.583,0.403,0.417,0.551,0.419,1
Gelomuloside A,COc1ccc(-c2cc(=O)c3c(O)c(O[C@@H]4O[C@H](CO)[C@@H](O)[C@H](O)[C@H]4O[C@@H]4O[C@@H](C)[C@H](O)[C@@H](O)[C@H]4O)c(OC)cc3o2)cc1,0.647,0.54,0.583,0.471,0.482,0.509,0.435,1
Flemiflavanone A,COc1ccc(C2CC(=O)c3c(O)c(CC=C(C)C)c(O)c(CC=C(C)C)c3O2)c(O)c1,0.403,0.46,0.477,0.291,0.39,0.38,0.415,1
Flemiflavanone D,CC(C)=CCc1c(O)cc(O)c2c1OC(c1ccc(O)c(CC3OC3(C)C)c1)CC2=O,0.229,0.39,0.467,0.257,0.383,0.423,0.4,1
Flemistrictin B,CC(C)(O)C1Cc2c(ccc(C(=O)/C=C/c3ccccc3)c2O)O1,0.563,0.422,0.467,0.46,0.527,0.453,0.453,1
Flemistrictin C,CC1(C)Oc2ccc(C(=O)/C=C/c3ccccc3)c(O)c2CC1O,0.547,0.407,0.467,0.523,0.523,0.42,0.462,1
Flemistrictin E,CC(C)(O)C1Cc2c(O)ccc(C(=O)/C=C/c3ccccc3)c2O1,0.503,0.439,0.46,0.477,0.443,0.487,0.4,1
Flemistrictin F,CC1(C)Oc2c(C(=O)/C=C/c3ccccc3)ccc(O)c2CC1O,0.518,0.396,0.517,0.58,0.585,0.503,0.4,1
Flemiwallichin C,COc1cc(O)c(C/C=C(\C)CCC=C(C)C)c(O)c1C(=O)/C=C/c1cc(O)ccc1O,0.487,0.527,0.487,0.476,0.6,0.283,0.53,1
Neosilyhermin A,COc1cc(C2Oc3c(O)ccc([C@H]4CC(=O)c5c(O)cc(O)cc5O4)c3C2CO)ccc1O,0.303,0.497,0.41,0.303,0.424,0.52,0.523,1
Malonyldaidzin,O=C(O)CC(=O)OC[C@H]1O[C@@H](Oc2ccc3c(=O)c(-c4ccc(O)cc4)coc3c2)[C@H](O)[C@@H](O)[C@@H]1O,0.517,0.473,0.42,0.446,0.404,0.477,0.402,1
Malonylgenistin,O=C(O)CC(=O)OC[C@H]1O[C@@H](Oc2cc(O)c3c(=O)c(-c4ccc(O)cc4)coc3c2)[C@H](O)[C@@H](O)[C@@H]1O,0.523,0.453,0.428,0.449,0.383,0.46,0.47,1
Negletein,COc1cc2oc(-c3ccccc3)cc(=O)c2c(O)c1O,0.893,0.678,0.569,0.337,0.567,0.293,0.683,1
Naringerin,CC1O[C@@H](Oc2cc(O)c3c(c2)OC(c2ccc(O)cc2)CC3=O)C(O)[C@@H](O)[C@H]1O,0.305,0.321,0.347,0.27,0.402,0.315,0.552,1
Magnolidin,CC1OC(OCC2OC(OCCc3ccc(O)c(O)c3)C(O)C(OC3OC(C)C(O)C(O)C3O)C2O)C(O)C(O)C1O.O=C(O)/C=C/c1ccc(O)c(O)c1,0.377,0.473,0.567,0.412,0.463,0.503,0.404,1
Isoderrone,CC1(C)C=Cc2cc(-c3coc4cc(O)cc(O)c4c3=O)ccc2O1,0.68,0.503,0.478,0.377,0.49,0.437,0.419,1
"5-Hydroxy-8-(4-hydroxy-7-methyl-5,8-dioxonaphthalen-1-yl)-2-methylnaphthalene-1,4-dione",CC1=CC(=O)c2c(O)ccc(-c3ccc(O)c4c3C(=O)C(C)=CC4=O)c2C1=O,0.763,0.603,0.757,0.607,0.627,0.373,0.606,1
[5]-Gingerol,CCCC[C@H](O)CC(=O)CCc1ccc(O)c(OC)c1,0.067,0.343,0.343,0.083,0.16,0.617,0.566,1
Capsimine,C[C@@H]1CC[C@H]([C@@H](C)C2[C@H](O)C[C@H]3[C@@H]4CC=C5C[C@@H](O)CC[C@]5(C)[C@H]4CC[C@]23C)NC1,0.337,0.457,0.514,0.404,0.466,0.568,0.486,1
(8)-Gingerdione,CCCCCCCC(=O)CC(=O)CCc1ccc(O)c(OC)c1,0.173,0.32,0.723,0.127,0.248,0.633,0.633,1
[12]-Gingerol,CCCCCCCCCCCC(O)CC(=O)CCc1ccc(O)c(OC)c1,0.037,0.89,0.913,0.02,0.423,0.627,0.574,1
[2]-Gingerol,COc1cc(CCC(=O)C[C@H](C)O)ccc1O,0.2,0.38,0.48,0.217,0.338,0.68,0.52,1
[3]-Gingerol,CC[C@H](O)CC(=O)CCc1ccc(O)c(OC)c1,0.151,0.353,0.393,0.157,0.233,0.633,0.519,1
9-Gingerol,CCCCCCCC[C@H](O)CC(=O)CCc1ccc(O)c(OC)c1,0.037,0.89,0.913,0.02,0.423,0.627,0.574,1
(5S)-5-hydroxy-1-(4-hydroxy-3-methoxyphenyl)octan-3-one,CCC[C@H](O)CC(=O)CCc1ccc(O)c(OC)c1,0.103,0.387,0.37,0.143,0.237,0.63,0.528,1
"2-(3,4-Dimethoxyphenyl)-7-hydroxy-4H-chromen-4-one",COc1ccc(-c2cc(=O)c3ccc(O)cc3o2)cc1OC,0.883,0.583,0.561,0.511,0.6,0.743,0.605,1
"5-Hydroxy-7-methoxy-2-(4-methoxyphenyl)-2,3-dihydrochromen-4-one",COc1ccc(C2CC(=O)c3c(O)cc(OC)cc3O2)cc1,0.612,0.366,0.377,0.22,0.487,0.357,0.881,1
"7-Hydroxy-5,8-Dimethoxyflavone",COc1c(O)cc(OC)c2c(=O)cc(-c3ccccc3)oc12,0.947,0.593,0.609,0.467,0.5,0.387,0.583,1
"3,5-Dihydroxy-7-methoxy-2-(4-methoxyphenyl)-4H-chromen-4-one",COc1ccc(-c2oc3cc(OC)cc(O)c3c(=O)c2O)cc1,0.93,0.493,0.55,0.213,0.263,0.3,0.638,1
Isovitexin,O=c1cc(-c2ccc(O)cc2)oc2cc(O)c([C@@H]3O[C@H](CO)[C@@H](O)[C@H](O)[C@H]3O)c(O)c12,0.647,0.575,0.501,0.407,0.527,0.317,0.481,1
[6]-Dehydrogingerdione,CCCCCC(=O)CC(=O)/C=C/c1ccc(O)c(OC)c1,0.223,0.673,0.49,0.27,0.269,0.823,0.674,1
7-Hydroxy-4-benzopyrone,O=c1ccoc2cc(O)ccc12,0.787,0.483,0.507,0.339,0.487,0.297,0.474,1
Abrine,CN[C@@H](Cc1c[nH]c2ccccc12)C(=O)O,0.433,0.523,0.423,0.417,0.672,0.59,0.408,1
Meloside A,O=c1cc(-c2ccc(O)cc2)oc2cc(O)c([C@@H]3O[C@H](CO)[C@@H](O)[C@H](O)[C@H]3O[C@@H]3O[C@H](CO)[C@@H](O)[C@H](O)[C@H]3O)c(O)c12,0.617,0.58,0.533,0.424,0.473,0.357,0.413,1
"Ethanone, 1-(4-methoxyphenyl)",[CH]C(=O)c1ccc(OC)cc1,0.29,0.253,0.36,0.21,0.306,0.527,0.4,1
biochanin A,COc1ccc(-c2coc3cc(O)cc(O)c3c2=O)cc1,0.843,0.487,0.49,0.26,0.283,0.613,0.75,1
Arjunone,COc1ccc(C2CC(=O)c3c(OC)cc(OC)cc3O2)c(OC)c1,0.408,0.443,0.373,0.284,0.493,0.593,0.491,1
"3-(4-methoxyphenyl)-7-[(2S,4S,5S)-3,4,5-trihydroxy-6-[[(2R,3S,5R)-3,4,5-trihydroxy-6-methyloxan-2-yl]oxymethyl]oxan-2-yl]oxychromen-4-one",COc1ccc(-c2coc3cc(O[C@@H]4OC(CO[C@@H]5OC(C)[C@H](O)C(O)[C@@H]5O)[C@@H](O)[C@H](O)C4O)ccc3c2=O)cc1,0.507,0.527,0.457,0.393,0.404,0.571,0.476,1
Galangin 3-methyl ether,COc1c(-c2ccccc2)oc2cc(O)cc(O)c2c1=O,0.943,0.65,0.58,0.453,0.213,0.353,0.829,1
Isorhamnetin,COc1cc(-c2oc3cc(O)cc(O)c3c(=O)c2O)ccc1O,0.98,0.469,0.413,0.293,0.191,0.507,0.818,1
5-Phenyl-2-oxazolidinethione,S=C1NCC(c2ccccc2)O1,0.503,0.403,0.631,0.714,0.436,0.52,0.4,1
Rhodionin,C[C@@H]1O[C@@H](Oc2cc(O)c3c(=O)c(O)c(-c4ccc(O)cc4)oc3c2O)[C@H](O)[C@H](O)[C@H]1O,0.667,0.44,0.463,0.283,0.295,0.432,0.472,1
Rhodiosin,C[C@@H]1O[C@@H](Oc2cc(O)c3c(=O)c(O)c(-c4ccc(O)cc4)oc3c2O)[C@H](O)[C@H](O[C@@H]2O[C@H](CO)[C@@H](O)[C@H](O)[C@H]2O)[C@H]1O,0.577,0.451,0.489,0.393,0.345,0.452,0.425,1
5-Phenyl-2-oxazolidinone,O=C1NCC(c2ccccc2)O1,0.343,0.343,0.367,0.447,0.322,0.633,0.485,1
Rhynchosin,O=c1c(O)c(-c2ccc(O)c(O)c2)oc2cc(O)c(O)cc12,0.81,0.453,0.423,0.363,0.373,0.293,0.449,1
"2-Propenoic acid, 3-(4-methylphenyl)-, ethyl ester",CCOC(=O)C=Cc1ccc(C)cc1,0.417,0.453,0.557,0.33,0.34,0.542,0.42,1
Guggulsterol III,CC(C)CCCC(C)(O)[C@H]1CC[C@H]2[C@@H]3C[C@@H](O)C4=CC(=O)CC[C@]4(C)[C@H]3CC[C@]12C,0.31,0.455,0.647,0.367,0.357,0.473,0.655,1
Rhynchospermin,COc1ccc(-c2oc3c(CC=C(C)C)c(OC)cc(O)c3c(=O)c2O)cc1O,0.73,0.493,0.5,0.34,0.453,0.413,0.589,1
Prosogerin C,COc1cc2oc(-c3cc(OC)c(OC)c(OC)c3)cc(=O)c2cc1OC,0.807,0.473,0.634,0.413,0.503,0.813,0.619,1
Prosogerin D,COc1cc2c(=O)cc(-c3cc(OC)c(OC)c(OC)c3)oc2cc1O,0.823,0.577,0.624,0.41,0.54,0.723,0.565,1
Preskimmianine,COc1ccc2c(OC)c(CC=C(C)C)c(=O)[nH]c2c1OC,0.47,0.49,0.463,0.337,0.51,0.412,0.433,1
"4H-1-Benzopyran-4-one, 6,7-dihydroxy-2-(3,4,5-trimethoxyphenyl)-",COc1cc(-c2cc(=O)c3cc(O)c(O)cc3o2)cc(OC)c1OC,0.827,0.523,0.621,0.38,0.547,0.703,0.578,1
Prosogerin B,COc1cc(C(=O)/C=C/c2ccc3c(c2)OCO3)c(O)cc1O,0.597,0.496,0.577,0.57,0.593,0.51,0.528,1
Regaloside A,O=C(/C=C/c1ccc(O)cc1)OC[C@@H](O)COC1OC(CO)C(O)C(O)C1O,0.35,0.51,0.443,0.51,0.46,0.38,0.436,1
Prosogerin A,COc1cc2c(=O)cc(-c3ccc4c(c3)OCO4)oc2cc1O,0.78,0.577,0.613,0.457,0.603,0.473,0.517,1
"5,7,2',5'-Tetrahydroxyflavanone",O=C1CC(c2cc(O)ccc2O)Oc2cc(O)cc(O)c21,0.283,0.343,0.297,0.284,0.475,0.353,0.674,1
"7,8-Dimethoxyflavanone",COc1ccc2c(c1OC)OC(c1ccccc1)CC2=O,0.41,0.467,0.433,0.36,0.475,0.583,0.521,1
Regaloside B,CC(=O)OC[C@@H](COC(=O)/C=C/c1ccc(O)cc1)OC1OC(CO)C(O)C(O)C1O,0.347,0.502,0.44,0.483,0.484,0.37,0.42,1
Kaempferol-7-o-D-glucopyranoside,O=c1c(O)c(-c2ccc(O)cc2)oc2cc(OC3OC(CO)C(O)C(O)C3O)cc(O)c12,0.657,0.39,0.446,0.383,0.302,0.293,0.52,1
Randilongin,CCCCCCCCCCCCCCCCCCCCCCCCCCCCCCCCOC(=O)/C=C/c1ccc(O)cc1,0.4,0.457,0.433,0.477,0.555,0.537,0.408,1
Eschscholtzine,c1c2c(cc3c1OCO3)[C@@H]1Cc3cc4c(cc3[C@H](C2)N1)OCO4,0.475,0.33,0.418,0.474,0.393,0.42,0.529,1
Hispidulin-7-o-glucuronide,COc1c(O[C@@H]2O[C@H](C(=O)O)[C@H](O)[C@@H](O)[C@H]2O)cc2oc(-c3ccc(O)cc3)cc(=O)c2c1O,0.667,0.66,0.563,0.483,0.533,0.267,0.431,1
Gamatin,COc1c2ccoc2cc2occ(-c3ccc4c(c3)OCO4)c(=O)c12,0.627,0.533,0.523,0.337,0.557,0.507,0.4,1
"7,4'-Dihydroxy-3',5'-dimethoxyisoflavone",COc1cc(-c2coc3cc(O)ccc3c2=O)cc(OC)c1O,0.64,0.547,0.52,0.377,0.507,0.613,0.463,1
Kaempferol 3-O-sulfate,O=c1c(OS(=O)(=O)O)c(-c2ccc(O)cc2)oc2cc(O)cc(O)c12,0.853,0.51,0.507,0.43,0.32,0.29,0.711,1
Kaempferol 3-gentiobioside,O=c1c(O[C@@H]2O[C@H](CO[C@@H]3O[C@H](CO)[C@@H](O)[C@H](O)[C@H]3O)[C@@H](O)[C@H](O)[C@H]2O)c(-c2ccc(O)cc2)oc2cc(O)cc(O)c12,0.65,0.448,0.483,0.527,0.257,0.37,0.735,1
Holadysamine,CNC1CC[C@@]2(C)C(=CC[C@@H]3[C@@H]2CC[C@]2(C)C(C(C)O)=CC[C@@H]32)C1,0.34,0.407,0.558,0.431,0.423,0.533,0.413,1
Luteolin 7-rutinoside,CC1O[C@@H](OCC2O[C@@H](Oc3cc(O)c4c(=O)cc(-c5ccc(O)c(O)c5)oc4c3)C(O)[C@@H](O)[C@@H]2O)C(O)[C@@H](O)[C@H]1O,0.67,0.453,0.53,0.41,0.293,0.268,0.667,1
"Quercetin-3,5-diglucoside",O=c1c(O[C@@H]2O[C@H](CO)[C@@H](O)[C@@H](O)[C@H]2O)c(-c2ccc(O)c(O)c2)oc2cc(O)cc(O[C@@H]3O[C@H](CO)[C@@H](O)[C@@H](O)[C@H]3O)c12,0.647,0.4,0.447,0.64,0.2,0.277,0.667,1
gamma-Octalactone,CCCCC1CCC(=O)O1,0.037,0.277,0.42,0.232,0.233,0.533,0.857,1
"Kaempferol-3,4'-o-dimethylether",COCc1c(O)cc2oc(-c3ccc(O)cc3)c(O)c(=O)c2c1O,0.813,0.452,0.511,0.34,0.407,0.437,0.51,1
Lysergic acid alpha-hydroxyethylamide,CC(O)NC(=O)[C@@H]1C=C2c3cccc4[nH]cc(c34)C[C@H]2N(C)C1,0.407,0.578,0.557,0.667,0.623,0.581,0.758,1
"kaempferol-3-O-(2,4-di-O-acetyl-alpha-L-rhamnopyranoside)",CC(=O)O[C@@H]1[C@@H](O)[C@@H](OC(C)=O)[C@H](Oc2c(-c3ccc(O)cc3)oc3cc(O)cc(O)c3c2=O)O[C@H]1C,0.58,0.422,0.453,0.02,0.047,0.327,0.898,1
Myricetin 7-glucoside,O=c1c(O)c(-c2cc(O)c(O)c(O)c2)oc2cc(O[C@@H]3OC(CO)[C@H](O)[C@H](O)C3O)cc(O)c12,0.597,0.347,0.451,0.399,0.238,0.31,0.461,1
"5,7-dihydroxy-2-[4-hydroxy-3-[(2S,4S,5R)-3,4,5-trihydroxy-6-(hydroxymethyl)oxan-2-yl]oxyphenyl]chromen-4-one",O=c1cc(-c2ccc(O)c(O[C@@H]3OC(CO)[C@H](O)[C@H](O)C3O)c2)oc2cc(O)cc(O)c12,0.75,0.519,0.51,0.503,0.303,0.39,0.545,1
"(S)-8,8-Dimethyl-2-oxo-2,8,9,10-tetrahydropyrano[2,3-f]chromen-9-yl 2-methylbutanoate",CCC(C)C(=O)OC1Cc2c(ccc3ccc(=O)oc23)OC1(C)C,0.352,0.427,0.367,0.36,0.483,0.492,0.418,1
Guggulsterol II,CC(C)CCCC(C)(O)[C@H]1[C@@H](O)C[C@H]2[C@@H]3CC=C4C[C@@H](O)CC[C@]4(C)[C@H]3CC[C@]12C,0.323,0.367,0.555,0.383,0.428,0.64,0.493,1
Imperatorin,CC(C)=CCOc1c2occc2cc2ccc(=O)oc12,0.823,0.667,0.633,0.627,0.621,0.103,0.614,1
13-Oxocryptopine,COc1cc2c(cc1OC)C(=O)C(=O)c1ccc3c(c1CN(C)CC2)OCO3,0.351,0.47,0.453,0.328,0.503,0.783,0.431,1
24-Ethyllophenol,CCC(CCC(C)C1CCC2C3=CCC4C(C)C(O)CCC4(C)C3CCC21C)C(C)C,0.406,0.47,0.453,0.344,0.333,0.5,0.5,1
Cannflavin B,COc1cc(-c2cc(=O)c3c(O)c(CC=C(C)C)c(O)cc3o2)ccc1O,0.777,0.684,0.603,0.463,0.587,0.403,0.421,1
delta-Octalactone,CCCC1CCCC(=O)O1,0.077,0.317,0.42,0.223,0.413,0.507,0.778,1
Chisulactone,COc1ccc(/C=C2\C(=O)OCC2Cc2ccc3c(c2)OCO3)cc1OC,0.417,0.507,0.463,0.327,0.699,0.657,0.418,1
Xanthoxylin,COc1cc(O)c(C(C)=O)c(OC)c1,0.423,0.327,0.363,0.233,0.327,0.293,0.431,1
biochanin A 7-O-beta-D-glucoside,COc1ccc(-c2coc3cc(O[C@@H]4O[C@H](CO)[C@@H](O)[C@H](O)[C@H]4O)cc(O)c3c2=O)cc1,0.587,0.461,0.47,0.436,0.33,0.523,0.55,1
Benzyl acetate,CC(=O)OCc1ccccc1,0.5,0.302,0.317,0.263,0.447,0.503,0.4,1
Phenanthrene,c1ccc2c(c1)ccc1ccccc12,0.867,0.31,0.697,0.758,0.422,0.353,0.438,1
Podocarpusflavone A,COc1ccc(-c2cc(=O)c3c(O)cc(O)c(-c4cc(-c5cc(=O)c6c(O)cc(O)cc6o5)ccc4O)c3o2)cc1,0.91,0.66,0.55,0.41,0.467,0.337,0.556,1
Putraflavone,COc1ccc(-c2cc(=O)c3c(O)cc(O)c(-c4cc(-c5cc(=O)c6c(O)cc(OC)cc6o5)ccc4O)c3o2)cc1,0.877,0.683,0.589,0.417,0.527,0.317,0.491,1
Formononetin,COc1ccc(-c2coc3cc(O)ccc3c2=O)cc1,0.76,0.51,0.493,0.327,0.464,0.55,0.583,1
Plicatin A,C=C(C)[C@H](O)Cc1cc(/C=C/C(=O)OC)ccc1O,0.27,0.437,0.39,0.4,0.383,0.537,0.407,1
Plicatin B,COC(=O)/C=C/c1ccc(O)c(CC=C(C)C)c1,0.313,0.42,0.46,0.38,0.405,0.397,0.44,1
2-Pentadecenoic acid,CCCCCCCCCCCC/C=C/C(=O)O,0.417,0.233,0.289,0.193,0.353,0.467,0.4,1
Odoratin,COc1ccc(-c2coc3cc(O)c(OC)cc3c2=O)cc1O,0.673,0.543,0.417,0.35,0.468,0.737,0.58,1
Pongagallone A,COc1cc(OC)c(C(=O)/C=C(\O)c2ccccc2)cc1CC=C(C)C,0.55,0.387,0.441,0.37,0.47,0.48,0.433,1
Plumerubroside,COc1cc(O[C@@H]2OC(CO)[C@@H](O)[C@H](O)C2O)c2c(c1)O[C@H](c1cc(OC)c(O)c(OC)c1)[C@@H](O)C2,0.397,0.396,0.5,0.329,0.405,0.7,0.408,1
"7,3'-Dihydroxy-5,4'-dimethoxy-4-phenylcoumarin",COc1ccc(-c2cc(=O)oc3cc(O)cc(OC)c23)cc1O,0.857,0.422,0.393,0.353,0.417,0.515,0.58,1
Vespertilin,C[C@@H]1C(=O)O[C@H]2C[C@H]3[C@@H]4CC=C5C[C@@H](O)CC[C@]5(C)[C@H]4CC[C@]3(C)[C@H]21,0.293,0.415,0.573,0.33,0.432,0.47,0.443,1
"5-hydroxy-2-(4-hydroxyphenyl)-8,9,9-trimethyl-3,8-dihydro-2H-furo[2,3-h]chromen-4-one",CC1Oc2cc(O)c3c(c2C1(C)C)OC(c1ccc(O)cc1)CC3=O,0.293,0.407,0.337,0.28,0.457,0.5,0.474,1
Ugonin C,COc1c(-c2ccc(O)cc2)oc2c3c(cc(O)c2c1=O)OC(C)C3(C)C,0.69,0.56,0.503,0.43,0.404,0.467,0.536,1
Vogeletin,COc1c(O)c(O)cc2oc(-c3ccc(O)cc3)c(O)c(=O)c12,0.833,0.53,0.54,0.367,0.407,0.33,0.63,1
Valafolone,COc1c(O)c(OC(=O)CC(C)C)c(OC)c(C(=O)/C=C/c2ccccc2)c1O,0.543,0.45,0.51,0.448,0.527,0.34,0.435,1
Vogelin,COc1c(O)c(O)cc2oc(-c3ccc(O[C@@H]4OC(C)[C@H](O)C(O)[C@@H]4O)cc3)c(O)c(=O)c12,0.607,0.563,0.497,0.267,0.328,0.416,0.475,1
"7,3'-Dihydroxy-4'-methoxy-4-phenylcoumarin",COc1ccc(-c2cc(=O)oc3cc(O)ccc23)cc1O,0.74,0.477,0.41,0.383,0.533,0.592,0.491,1
Wyomin,CC1O[C@@H](OCC2O[C@@H](Oc3cc4oc(-c5ccc(O)c(O)c5)cc(=O)c4c(O)c3[C@@H]3OC(CO)[C@@H](O)[C@H](O)C3O)C(O)[C@@H](O)[C@@H]2O)C(O)[C@@H](O)[C@H]1O,0.663,0.474,0.527,0.48,0.356,0.435,0.548,1
Xanthohumol,COc1cc(O)c(CC=C(C)C)c(O)c1C(=O)/C=C/c1ccc(O)cc1,0.4,0.547,0.543,0.517,0.629,0.167,0.712,1
Zapotinin,COc1cccc(OC)c1-c1cc(=O)c2c(O)c(OC)ccc2o1,0.79,0.597,0.527,0.351,0.54,0.477,0.431,1
Sexangularetin,COc1c(O)cc(O)c2c(=O)c(O)c(-c3ccc(O)cc3)oc12,0.89,0.54,0.56,0.397,0.441,0.367,0.562,1
Zapotin,COc1cccc(OC)c1-c1cc(=O)c2c(OC)c(OC)ccc2o1,0.843,0.557,0.54,0.408,0.57,0.697,0.532,1
Onychine,Cc1ccnc2c1C(=O)c1ccccc1-2,0.57,0.437,0.387,0.223,0.38,0.577,0.436,1
Saracocine,CC(=O)N(C)[C@@H](C)[C@H]1CC[C@H]2[C@@H]3CC=C4C[C@H](N(C)C)CC[C@]4(C)[C@H]3CC[C@]12C,0.32,0.383,0.553,0.377,0.364,0.493,0.471,1
Volubilinin,COc1ccc(-c2coc3c([C@@H]4OC(CO)[C@@H](O)[C@H](O)C4O)c(O)c(OC)c(O)c3c2=O)cc1,0.657,0.567,0.56,0.447,0.438,0.6,0.453,1
Serpyllin,COc1ccc(-c2cc(=O)c3c(O)cc(OC)c(OC)c3o2)c(OC)c1OC,0.883,0.623,0.59,0.417,0.423,0.498,0.411,1
"5,7-Dihydroxy-4-phenylcoumarin",O=c1cc(-c2ccccc2)c2c(O)cc(O)cc2o1,0.867,0.633,0.453,0.253,0.337,0.318,0.465,1
"5-Hydroxy-7-methoxy-3-(2,4,5-trimethoxyphenyl)chromen-4-one",COc1cc(O)c2c(=O)c(-c3cc(OC)c(OC)cc3OC)coc2c1,0.673,0.498,0.491,0.271,0.362,0.6,0.519,1
Zerumbodienone,C/C1=C/CCC(C)CCC(C)(C)/C=C\C1=O,0.253,0.3,0.48,0.197,0.214,0.543,0.413,1
Pseudovobparicine,C=C1c2[nH]c3ccc([C@H]4C[C@H]5/C(=C\C)CN(C)[C@@H](Cc6c4[nH]c4ccccc64)[C@H]5C(=O)OC)cc3c2CN2CC[C@@H]1C(=CC)C2,0.46,0.523,0.485,0.507,0.595,0.413,0.404,1
Sesebrinol,COc1cc(OCC=C(C)C)c2ccc(=O)oc2c1CC(O)C(C)(C)O,0.6,0.522,0.55,0.464,0.537,0.345,0.425,1
Sepinol,COc1c(O)cc([C@H]2Oc3cc(O)ccc3C(=O)[C@@H]2O)cc1O,0.41,0.402,0.473,0.304,0.467,0.573,0.403,1
Sarothranol,COc1c(-c2ccc(O)c(O)c2)oc2cc3c(c(O)c2c1=O)C=CC(C)(C)O3,0.753,0.578,0.522,0.437,0.497,0.323,0.467,1
Salvianin,O=C(O)CC(=O)OC[C@H]1O[C@@H](Oc2cc(O)cc3[o+]c(-c4ccc(O)cc4)c(O[C@@H]4O[C@H](COC(=O)/C=C/c5ccc(O)c(O)c5)[C@@H](O)[C@H](O)[C@H]4O)cc23)[C@H](O)[C@@H](O)[C@@H]1OC(=O)CC(=O)O,0.427,0.54,0.527,0.483,0.5,0.48,0.444,1
Nortracheloside,COc1cc(C[C@H]2COC(=O)[C@]2(O)Cc2ccc(O[C@@H]3O[C@H](CO)[C@@H](O)[C@H](O)[C@H]3O)c(OC)c2)ccc1O,0.367,0.491,0.497,0.317,0.38,0.62,0.411,1
Parkinsonin B,COc1cc(OC)c2c(=O)cc(-c3ccc(O)c(O)c3)oc2c1[C@@H]1OC(CO)[C@@H](O)[C@H](O)C1O,0.707,0.477,0.498,0.447,0.357,0.43,0.409,1
Parvifuran,COc1cc2oc(-c3ccccc3)c(C)c2cc1O,0.75,0.523,0.62,0.533,0.357,0.43,0.412,1
"2-Propen-1-one, 1-(2,6-dihydroxy-3,4-dimethoxyphenyl)-3-phenyl-, (E)-; (2E)-1-(2,6-Dihydroxy-3,4-dimethoxyphenyl)-3-phenyl-2-propen-1-one",COc1cc(O)c(C(=O)C=Cc2ccccc2)c(O)c1OC,0.74,0.443,0.49,0.509,0.513,0.43,0.547,1
"2,3-Dihydro-5-hydroxy-2-phenyl-8,8-dimethyl-4H,8H-benzo[1,2-b:3,4-b']dipyran-4-one",CC1(C)C=Cc2c(cc(O)c3c2OC(c2ccccc2)CC3=O)O1,0.553,0.462,0.48,0.429,0.473,0.433,0.41,1
4-Hydroxyspartein-2-one,O=C1C[C@@H](O)C[C@@H]2[C@@H]3C[C@@H](CN12)[C@@H]1CCCCN1C3,0.243,0.17,0.323,0.228,0.418,0.543,0.571,1
"(2S)-5-hydroxy-6,7-dimethoxy-2-phenyl-2,3-dihydrochromen-4-one",COc1cc2c(c(O)c1OC)C(=O)C[C@@H](c1ccccc1)O2,0.562,0.449,0.393,0.421,0.529,0.417,0.529,1
"8-D-Glucopyranosyl-7,3',4'-trihydroxy-5-methoxyflavone",COc1cc(O)c([C@@H]2OC(CO)[C@@H](O)[C@H](O)C2O)c2oc(-c3ccc(O)c(O)c3)cc(=O)c12,0.673,0.477,0.498,0.37,0.343,0.45,0.409,1
Oroboside,O=c1c(-c2ccc(O)c(O)c2)coc2cc(O[C@@H]3OC(CO)[C@@H](O)[C@H](O)C3O)cc(O)c12,0.567,0.427,0.423,0.509,0.3,0.447,0.462,1
Norswertianolin,O=c1c2c(O)cc(O)cc2oc2c(O)ccc(O[C@@H]3O[C@H](CO)[C@@H](O)[C@H](O)[C@H]3O)c12,0.61,0.457,0.487,0.423,0.21,0.46,0.486,1
Palmatrubine,COc1cc2c(cc1OC)-c1cc3ccc(OC)c(O)c3c[n+]1CC2,0.45,0.543,0.55,0.487,0.75,0.583,0.7,1
Apiumoside,CC(C)(OC1OC(COC(=O)/C=C/c2ccc(O)cc2)C(O)C(O)C1O)C1Cc2cc3ccc(=O)oc3c(O)c2O1,0.4,0.572,0.487,0.476,0.587,0.51,0.452,1
Pedicinin,COC1=C(O)C(=O)C(C(=O)/C=C/c2ccccc2)=C(O)C1=O,0.52,0.405,0.457,0.409,0.45,0.343,0.421,1
Pedicellin,COc1c(OC)c(OC)c(C(=O)/C=C/c2ccccc2)c(OC)c1OC,0.747,0.327,0.4,0.391,0.532,0.44,0.5,1
Lysergene,C=C1C=C2c3cccc4[nH]cc(c34)C[C@H]2N(C)C1,0.57,0.567,0.573,0.641,0.583,0.569,0.463,1
Limocitrol,COc1cc(-c2oc3c(OC)c(O)c(OC)c(O)c3c(=O)c2O)ccc1O,0.813,0.597,0.553,0.32,0.4,0.557,0.509,1
Salvadoraside,COc1cc(C[C@H]2CO[C@H](c3cc(OC)c(O[C@@H]4O[C@H](CO)[C@@H](O)[C@H](O)[C@H]4O)c(OC)c3)[C@H]2CO)cc(OC)c1O[C@@H]1O[C@H](CO)[C@@H](O)[C@H](O)[C@H]1O,0.427,0.431,0.527,0.22,0.295,0.68,0.4,1
"1,2,4-Trimethoxybenzene",COc1ccc(OC)c(OC)c1,0.583,0.24,0.547,0.422,0.468,0.76,0.6,1
Neopodophyllotoxin,COc1cc([C@@H]2c3cc4c(cc3[C@@H]3OC(=O)[C@H]2[C@@H]3CO)OCO4)cc(OC)c1OC,0.473,0.536,0.563,0.257,0.527,0.833,0.419,1
Padmatin,COc1cc(O)c2c(c1)O[C@H](c1ccc(O)c(O)c1)[C@@H](O)C2=O,0.373,0.524,0.45,0.281,0.467,0.487,0.557,1
Artocarpetin,COc1cc(O)c2c(=O)cc(-c3ccc(O)cc3O)oc2c1,0.89,0.66,0.63,0.433,0.493,0.32,0.581,1
3-Hydroxy-4-methoxybenzoic acid,COc1ccc(C(=O)O)cc1O,0.29,0.277,0.183,0.203,0.317,0.527,0.429,1
Benzenepropanenitrile,N#CCCc1ccccc1,0.547,0.377,0.632,0.68,0.43,0.493,0.444,1
Isonuatigenin,C[C@H]1[C@H]2[C@H](C[C@H]3[C@@H]4CC=C5C[C@@H](O)CC[C@]5(C)[C@H]4CC[C@]23C)O[C@]12CC[C@](C)(O)CO2,0.36,0.42,0.602,0.392,0.445,0.473,0.403,1
Swertisin,COc1cc2oc(-c3ccc(O)cc3)cc(=O)c2c(O)c1[C@@H]1O[C@H](CO)[C@@H](O)[C@H](O)[C@H]1O,0.713,0.586,0.539,0.497,0.49,0.41,0.431,1
(-)-Isolonchocarpin,CC1(C)C=Cc2c(ccc3c2OC(c2ccccc2)CC3=O)O1,0.47,0.439,0.479,0.446,0.513,0.413,0.462,1
Isocoreopsin,O=C1CC(c2ccc(O)c(O)c2)Oc2cc(OC3OC(CO)C(O)C(O)C3O)ccc21,0.29,0.376,0.333,0.367,0.343,0.518,0.429,1
Isookanin,O=C1CC(c2ccc(O)c(O)c2)Oc2c1ccc(O)c2O,0.213,0.355,0.32,0.181,0.288,0.377,0.556,1
Piscerythrone,COc1cc(-c2coc3cc(O)cc(O)c3c2=O)c(O)c(CC=C(C)C)c1O,0.61,0.471,0.527,0.34,0.372,0.573,0.406,1
Sudachitin,COc1cc(-c2cc(=O)c3c(O)c(OC)c(O)c(OC)c3o2)ccc1O,0.87,0.7,0.639,0.44,0.544,0.473,0.455,1
Virgiline,O=C1[C@@H]2C[C@@H](CN3CC[C@H](O)C[C@@H]23)[C@H]2CCCCN12,0.15,0.22,0.26,0.223,0.363,0.62,0.436,1
Berberine chloride,COc1ccc2cc3[n+](cc2c1OC)CCc1cc2c(cc1-3)OCO2.[Cl-],0.583,0.56,0.599,0.76,0.683,0.631,0.685,1
"5-Hydroxy-2-(4-hydroxy-3-methoxyphenyl)-7-methoxy-2,3-dihydrochromen-4-one",COc1cc(O)c2c(c1)OC(c1ccc(O)c(OC)c1)CC2=O,0.202,0.422,0.377,0.213,0.467,0.43,0.694,1
Sitoindoside IV,CCCCCCCCCCCCCCCC(=O)OC1C(O)C(O)C(O)C(O)C1OCC1OC(OC2CCC3(C)C(=CCC4C3CCC3(C)C(C(C)CCC(CC)C(C)C)CCC43)C2)C(O)C(O)C1O,0.407,0.463,0.52,0.363,0.413,0.7,0.522,1
6-Gingesulfonic acid,CCCCCC(CC(=O)CCc1ccc(O)c(OC)c1)S(=O)(=O)O,0.177,0.427,0.435,0.247,0.327,0.583,0.544,1
Pongaglabol,O=c1cc(-c2ccccc2)oc2c1c(O)cc1occc12,0.97,0.553,0.44,0.323,0.443,0.277,0.556,1
gamma-Decalactone,CCCCCCC1CCC(=O)O1,0.003,0.31,0.41,0.246,0.292,0.663,1.0,1
"5,7,8,15-Tetrahydro-4-hydroxy-3-methoxy-6-methyl[1,3]benzodioxolo[5,6-e][2]benzazecin-14(6H)-one",COc1ccc2c(c1O)CN(C)CCc1cc3c(cc1C(=O)C2)OCO3,0.46,0.527,0.477,0.373,0.427,0.697,0.623,1
5-Oxoleurosine,CC[C@@]12O[C@@H]1C1CN(CCc3c([nH]c4ccccc34)[C@@](C(=O)OC)(c3cc4c(cc3OC)N(C)C3C45CCN4CC=C[C@](CC)(C45)[C@@H](OC(C)=O)C3(O)C(=O)OC)C1)C2=O,0.397,0.527,0.547,0.48,0.45,0.357,0.752,1
4-Methoxystyrene,C=Cc1ccc(OC)cc1,0.503,0.363,0.651,0.463,0.362,0.5,0.483,1
"(2S)-7-hydroxy-2-(3-hydroxy-4-methoxyphenyl)-5-[(2S,3R,4S,5S,6R)-3,4,5-trihydroxy-6-(hydroxymethyl)oxan-2-yl]oxy-2,3-dihydrochromen-4-one",COc1ccc([C@@H]2CC(=O)c3c(O[C@@H]4O[C@H](CO)[C@@H](O)[C@H](O)[C@H]4O)cc(O)cc3O2)cc1O,0.187,0.352,0.277,0.327,0.373,0.533,0.485,1
"Stigmasta-5,25-dienol",C=C(C)[C@H](CCO)CC[C@@H](C)[C@H]1CC[C@H]2[C@@H]3CC=C4CCCC[C@]4(C)[C@H]3CC[C@]12C,0.353,0.397,0.477,0.317,0.434,0.52,0.529,1
(-)-1-Cyclohexyl-4-tricosanol,CCCCCCCCCCCCCCCCCCCC(O)CCCC1CCCCC1,0.25,0.407,0.587,0.485,0.461,0.555,0.586,1
6-Glucosyl-luteolin,O=c1c([C@]2(CO)OC(O)[C@H](O)[C@@H](O)[C@@H]2O)c(-c2ccc(O)c(O)c2)oc2cc(O)cc(O)c12,0.677,0.472,0.413,0.383,0.34,0.277,0.436,1
Podophyllinic acid,COc1cc([C@@H]2c3cc4c(cc3[C@H](O)[C@@H](CO)[C@@H]2C(=O)O)OCO4)cc(OC)c1OC,0.49,0.533,0.56,0.29,0.568,0.721,0.403,1
Dihydroxystigmasterol,CC[C@@H](/C=C/[C@@H](C)[C@H]1CC[C@H]2[C@@H]3CC=C4C[C@H](O)CC(O)(O)[C@]4(C)[C@H]3CC[C@]12C)C(C)C,0.362,0.39,0.496,0.37,0.367,0.565,0.493,1
"3,5-Dihydroxy-4-methoxybenzaldehyde",COc1c(O)cc(C=O)cc1O,0.457,0.32,0.51,0.21,0.315,0.45,0.417,1
"9,10-Dihydrophenanthrene",c1ccc2c(c1)CCc1ccccc1-2,0.32,0.273,0.581,0.613,0.31,0.49,0.5,1
"8-[(2S,4S,5S,6R)-4,5-dihydroxy-6-methyloxan-2-yl]-5-hydroxy-2-(4-hydroxyphenyl)-7-methoxychromen-4-one",COc1cc(O)c2c(=O)cc(-c3ccc(O)cc3)oc2c1[C@@H]1C[C@H](O)[C@H](O)[C@@H](C)O1,0.657,0.507,0.527,0.39,0.427,0.353,0.476,1
Feruperine,COc1cc(C=CC=CC(=O)N2CCCCC2)ccc1O,0.243,0.397,0.383,0.48,0.31,0.582,0.49,1
"7-[(2E,6Z)-5,8-dihydroxy-3,7,11-trimethyldodeca-2,6,10-trienoxy]chromen-2-one",CC(C)=CCC(O)/C(C)=C\C(O)CC(C)=CCOc1ccc2ccc(=O)oc2c1,0.6,0.518,0.55,0.444,0.452,0.313,0.446,1
Assafoetidin,CC1=C(CC/C(C)=C\COc2ccc3ccc(=O)oc3c2)C(C)(C)C(O)CC1,0.573,0.504,0.557,0.437,0.495,0.45,0.41,1
Dimethylmatairesinol,COc1ccc(CC2COC(=O)C2Cc2ccc(OC)c(OC)c2)cc1OC,0.267,0.412,0.423,0.098,0.56,0.757,0.711,1
Justiciresinol,COc1cc([C@H]2OC[C@H](Cc3cc(OC)c(O)c(OC)c3)[C@@H]2CO)ccc1O,0.34,0.494,0.571,0.057,0.197,0.573,0.526,1
"6,7-Dimethoxy-4-phenylcoumarin",COc1cc2oc(=O)cc(-c3ccccc3)c2cc1OC,0.777,0.403,0.413,0.36,0.427,0.748,0.429,1
Lansiumamide C,CN(CCc1ccccc1)C(=O)C=Cc1ccccc1,0.54,0.4,0.48,0.577,0.677,0.553,0.457,1
Scillarenin,C[C@]12CC[C@H](O)C=C1CC[C@@H]1[C@@H]2CC[C@]2(C)[C@@H](c3ccc(=O)oc3)CC[C@]12O,0.353,0.615,0.683,0.477,0.659,0.443,0.594,1
Rohitukine,Cc1cc(=O)c2c(O)cc(O)c([C@H]3CCN(C)C[C@H]3O)c2o1,0.327,0.32,0.372,0.256,0.33,0.467,0.629,1
Spinatoside,COc1c(O)cc2oc(-c3ccc(O[C@@H]4O[C@H](C(=O)O)[C@@H](O)[C@H](O)[C@H]4O)c(O)c3)c(OC)c(=O)c2c1O,0.573,0.567,0.533,0.457,0.453,0.327,0.449,1
Neosakuranetin,COc1cc(O)c(C(=O)/C=C/c2ccc(O)cc2)c(O)c1,0.443,0.557,0.463,0.563,0.647,0.21,0.583,1
2-Methoxy-4-propylphenol,CCCc1ccc(O)c(OC)c1,0.517,0.417,0.623,0.242,0.295,0.593,0.558,1
Dihydrogalangal acetate,CCC(OC(C)=O)c1ccc(OC(C)=O)cc1,0.347,0.396,0.283,0.47,0.37,0.477,0.442,1
Kanakugiol,COc1c(O)c(C(=O)/C=C/c2ccccc2)c(OC)c(OC)c1OC,0.717,0.387,0.46,0.411,0.547,0.273,0.54,1
"4H-1-Benzopyran-4-one, 2-(3,4-dihydroxyphenyl)-3-(beta-D-glucopyranosyloxy)-5-hydroxy-7-methoxy-",COc1ccc2c(=O)c(O[C@@H]3O[C@H](CO)[C@@H](O)[C@H](O)[C@H]3O)c(-c3ccc(O)c(O)c3)oc2c1,0.587,0.464,0.52,0.581,0.34,0.416,0.553,1
Naringenin 5-O-neohesperidoside,CC1OC(OC2C(Oc3cc(O)cc4c3C(=O)CC(c3ccc(O)cc3)O4)OC(CO)C(O)C2O)C(O)C(O)C1O,0.29,0.343,0.35,0.324,0.342,0.418,0.411,1
"Pyridine, 3-[5-[4-[(3-methyl-2-butenyl)oxy]phenyl]-2-oxazolyl]-",CC(C)=CCOc1ccc(-c2cnc(-c3cccnc3)o2)cc1,0.7,0.46,0.403,0.257,0.4,0.597,0.431,1
"(2S)-6,7-dihydroxy-2-(4-hydroxyphenyl)-8-(3-methylbut-2-enyl)-5-[(2S,3R,4S,5S,6R)-3,4,5-trihydroxy-6-[[(2R,3R,4R,5R,6S)-3,4,5-trihydroxy-6-methyloxan-2-yl]oxymethyl]oxan-2-yl]oxy-2,3-dihydrochromen-4-",CC(C)=CCc1c(O)c(O)c(O[C@@H]2O[C@H](CO[C@@H]3O[C@@H](C)[C@H](O)[C@@H](O)[C@H]3O)[C@@H](O)[C@H](O)[C@H]2O)c2c1O[C@H](c1ccc(O)cc1)CC2=O,0.333,0.45,0.477,0.341,0.422,0.449,0.402,1
1-Hydroxyanthraquinone,O=C1c2ccccc2C(=O)c2c(O)cccc21,0.69,0.667,0.547,0.401,0.513,0.473,0.531,1
"Stigmasta-3,5-dien-7-one",CC[C@H](CC[C@@H](C)[C@H]1CC[C@H]2[C@@H]3C(=O)C=C4C=CCC[C@]4(C)[C@H]3CC[C@]12C)C(C)C,0.4,0.502,0.56,0.397,0.466,0.577,0.472,1
gamma-Caprolactone,CCC1CCC(=O)O1,0.073,0.21,0.343,0.168,0.207,0.507,1.0,1
Naphthalene,c1ccc2ccccc2c1,0.177,0.273,0.695,0.753,0.307,0.32,0.462,1
p-Tolyl acetate,CC(=O)Oc1ccc(C)cc1,0.467,0.323,0.403,0.16,0.257,0.43,0.432,1
Methyl 4-methoxybenzoate,COC(=O)c1ccc(OC)cc1,0.28,0.253,0.313,0.263,0.357,0.533,0.419,1
"5,6,7,8-Tetramethoxyflavone",COc1c(OC)c(OC)c2c(=O)cc(-c3ccccc3)oc2c1OC,0.93,0.59,0.599,0.5,0.518,0.18,0.591,1
"(Z)-4-Methoxy-3,3',5,5'-tetrahydroxystilbene",COc1c(O)cc(C=Cc2cc(O)cc(O)c2)cc1O,0.53,0.453,0.737,0.277,0.43,0.32,0.529,1
Tuberose lactone,CCC=CCC=CCC1CCC(=O)O1,0.143,0.3,0.347,0.242,0.29,0.547,0.594,1
"(E)-1-(3',4'-Dimethoxyphenyl)butadiene",C=C/C=C/c1ccc(OC)c(OC)c1,0.497,0.392,0.548,0.363,0.321,0.773,0.576,1
"4-(1-Butenyl)-1,2-dimethoxybenzene",CC/C=C/c1ccc(OC)c(OC)c1,0.467,0.337,0.517,0.343,0.38,0.767,0.576,1
Ergocornine,CC(C)[C@H]1C(=O)N2CCC[C@H]2[C@]2(O)O[C@](NC(=O)[C@@H]3C=C4c5cccc6[nH]cc(c56)C[C@H]4N(C)C3)(C(C)C)C(=O)N12,0.45,0.767,0.557,0.473,0.923,0.56,1.0,1
4-Methoxyphenol,COc1ccc(O)cc1,0.613,0.42,0.583,0.42,0.568,0.26,0.519,1
"4-(3,4-Dimethoxyphenyl)but-3-en-1-ol",COc1ccc(C=CCCO)cc1OC,0.367,0.377,0.483,0.327,0.402,0.79,0.528,1
"1,2-Didemethylcolchicine",COc1cc2c(c(O)c1O)-c1ccc(OC)c(=O)cc1C(NC(C)=O)CC2,0.442,0.341,0.387,0.375,0.297,0.287,0.778,1
(+)-Tephropurpurin,COc1cc2c(c(O)c1C(=O)/C=C/c1ccccc1)[C@H]1[C@@H](O2)OC(C)(C)[C@@H]1OC(C)=O,0.51,0.433,0.45,0.474,0.56,0.543,0.457,1
Chrysoeriol 7-rutinoside,COc1cc(-c2cc(=O)c3c(O)cc(OC4OC(COC5OC(C)C(O)C(O)C5O)C(O)C(O)C4O)cc3o2)ccc1O,0.663,0.56,0.543,0.413,0.3,0.425,0.684,1
Tetradecenic acid,CCCCCCCCCCCC=CC(=O)O,0.417,0.233,0.289,0.193,0.353,0.467,0.4,1
"2H-1-Benzopyran-2-one, 7-((9-(3,3-dimethyloxiranyl)-3,7-dimethyl-2,6-nonadienyl)oxy)-6,8-dimethoxy-, (E,E)-(-)-",COc1cc2ccc(=O)oc2c(OC)c1OC/C=C(\C)CC/C=C(\C)CCC1OC1(C)C,0.633,0.58,0.627,0.517,0.64,0.32,0.412,1
"1,7-Dihydroxy-3-methoxy-2-prenylxanthone",COc1cc2oc3ccc(O)cc3c(=O)c2c(O)c1CC=C(C)C,0.647,0.607,0.577,0.387,0.513,0.407,0.406,1
delta-Decalactone,CCCCCC1CCCC(=O)O1,0.047,0.27,0.4,0.287,0.397,0.6,0.774,1
Ergocristine,CC(C)[C@@]1(NC(=O)[C@@H]2C=C3c4cccc5[nH]cc(c45)C[C@H]3N(C)C2)O[C@@]2(O)[C@@H]3CCCN3C(=O)[C@H](Cc3ccccc3)N2C1=O,0.437,0.771,0.6,0.497,0.913,0.61,0.859,1
Benzaldehyde,O=Cc1ccccc1,0.547,0.24,0.383,0.377,0.323,0.453,0.435,1
"5alpha-Stigmasta-7,16-dien-3beta-ol",CC[C@H](CC[C@@H](C)C1=CC[C@H]2C3=CC[C@H]4C[C@@H](O)CC[C@]4(C)[C@H]3CC[C@]12C)C(C)C,0.353,0.387,0.518,0.427,0.447,0.475,0.405,1
Dehydro-isoeugenol,C/C=C/c1c#cc(O)c(OC)c1,0.497,0.423,0.492,0.243,0.377,0.437,0.412,1
Eugenyl valerate,C=CCc1ccc(OC(=O)CCCC)c(OC)c1,0.377,0.383,0.417,0.263,0.517,0.688,0.404,1
Amritoside,O=c1oc2c(O)c(OC3OC(COC4OC(CO)C(O)C(O)C4O)C(O)C(O)C3O)cc3c(=O)oc4c(O)c(O)cc1c4c23,0.547,0.373,0.52,0.343,0.343,0.478,0.4,1
5-Geranyloxy-7-methoxycoumarin,COc1cc(OC/C=C(\C)CCC=C(C)C)c2ccc(=O)oc2c1,0.638,0.623,0.61,0.511,0.653,0.392,0.429,1
8-Demethylsideroxylin,COc1cc2oc(-c3ccc(O)cc3)cc(=O)c2c(O)c1C,0.857,0.653,0.577,0.511,0.587,0.36,0.617,1
Isoelemicin,C/C=C/c1cc(OC)c(OC)c(OC)c1,0.723,0.423,0.617,0.27,0.303,0.79,0.545,1
Jaceidin 7-rhamnoside,COc1cc(-c2oc3cc(O[C@@H]4OC(C)[C@H](O)[C@H](O)C4O)c(OC)c(O)c3c(=O)c2OC)ccc1O,0.647,0.67,0.537,0.39,0.244,0.337,0.635,1
"5,4'-Dihydroxy-3,3'-dimethoxy-6,7-methylenedioxyflavone",COc1cc(-c2oc3cc4c(c(O)c3c(=O)c2OC)OCO4)ccc1O,0.723,0.677,0.597,0.45,0.537,0.487,0.542,1
Ageconyflavone A,COc1cc2oc(-c3ccc4c(c3)OCO4)cc(=O)c2c(OC)c1OC,0.86,0.623,0.652,0.45,0.657,0.713,0.519,1
5-Pentyltetrahydrofuran-2-ol,CCCCCC1CCC(O)O1,0.31,0.197,0.57,0.307,0.273,0.537,0.417,1
"6-Hydroxy-5-methoxy-2-methyl-1,4-naphthoquinone",COc1c(O)ccc2c1C(=O)C=C(C)C2=O,0.697,0.541,0.673,0.497,0.54,0.467,0.583,1
"5,6,7,3'-Tetramethoxy-4'-hydroxyflavone",COc1cc(-c2cc(=O)c3c(OC)c(OC)c(OC)cc3o2)ccc1O,0.94,0.743,0.693,0.517,0.597,0.67,0.574,1
"4'-Hydroxy-5,6,7,3',5'-pentamethoxyflavone",COc1cc(-c2cc(=O)c3c(OC)c(OC)c(OC)cc3o2)cc(OC)c1O,0.87,0.603,0.66,0.4,0.585,0.63,0.651,1
Dracunculin,COc1cc2ccc(=O)oc2c2c1OCO2,0.62,0.53,0.553,0.427,0.411,0.447,0.455,1
"5,6-Dihydroxy-7-methoxyflavone 6-O-beta-D-xylopyranoside",COc1cc2oc(-c3ccccc3)cc(=O)c2c(O)c1O[C@@H]1OC[C@@H](O)[C@H](O)C1O,0.693,0.57,0.593,0.42,0.547,0.407,0.534,1
1-Dehydro-10-gingerdione,CCCCCCCCCC(=O)CC(=O)/C=C/c1ccc(O)c(OC)c1,0.213,0.657,0.523,0.273,0.308,0.817,0.66,1
"5,7-Dihydroxy-3,6,3',4'-tetramethoxyflavone",COc1ccc(-c2oc3cc(O)c(OC)c(O)c3c(=O)c2OC)cc1OC,0.793,0.573,0.573,0.423,0.423,0.35,0.729,1
"6-Hydroxy-4-(4-hydroxy-3-methoxyphenyl)-3-hydroxymethyl-7-methoxy-3,4-dihydro-2-naphthaldehyde",COc1cc(C2c3cc(O)c(OC)cc3C=C(C=O)C2CO)ccc1O,0.373,0.453,0.458,0.289,0.403,0.528,0.509,1
(Z)-6-Nonen-4-olide,CCC=CCC1CCC(=O)O1,0.123,0.273,0.34,0.225,0.297,0.537,0.655,1
Thevetiaflavone,COc1cc(O)cc2oc(-c3ccc(O)cc3)cc(=O)c12,0.96,0.66,0.513,0.497,0.527,0.437,0.675,1
Swertianolin,COc1cc(O)c2c(=O)c3c(O[C@@H]4O[C@H](CO)[C@@H](O)[C@H](O)[C@H]4O)ccc(O)c3oc2c1,0.617,0.521,0.514,0.401,0.285,0.417,0.457,1
"1,5-Dihydroxy-3-methylanthraquinone",Cc1cc(O)c2c(c1)C(=O)c1c(O)cccc1C2=O,0.747,0.68,0.613,0.437,0.509,0.41,0.528,1
Harmalacinine,COc1ccc2c3c([nH]c2c1)-c1cc(C)cc(=O)n1CC3,0.713,0.426,0.37,0.316,0.489,0.686,0.542,1
"(2S)-3-[(2S,3S)-5,7-dihydroxy-2-(4-methoxyphenyl)-4-oxo-2,3-dihydrochromen-3-yl]-5,7-dihydroxy-2-(4-methoxyphenyl)-2,3-dihydrochromen-4-one",COc1ccc([C@H]2Oc3cc(O)cc(O)c3C(=O)C2[C@@H]2C(=O)c3c(O)cc(O)cc3O[C@@H]2c2ccc(OC)cc2)cc1,0.513,0.454,0.423,0.298,0.457,0.497,0.612,1
Chamaejasmenin A,COc1ccc([C@H]2Oc3cc(O)cc(O)c3C(=O)[C@@H]2[C@@H]2C(=O)c3c(O)cc(O)cc3O[C@H]2c2ccc(OC)cc2)cc1,0.513,0.454,0.423,0.298,0.457,0.497,0.612,1
Yadanzioside D,COC(=O)[C@@]12OC[C@]34C(C(O)C1O)[C@]1(C)C(C[C@H]3OC(=O)[C@H](OC(C)=O)[C@H]42)C(C)=C[C@H](O[C@@H]2O[C@H](CO)[C@@H](O)[C@@H](O)[C@H]2O)[C@H]1O,0.343,0.47,0.467,0.307,0.393,0.416,0.448,1
Hymecromone,Cc1cc(=O)oc2cc(O)ccc12,0.673,0.437,0.45,0.339,0.428,0.393,0.45,1
Eupalin,COc1cc2oc(-c3ccc(O)cc3)c(O[C@@H]3O[C@@H](C)[C@H](O)[C@@H](O)[C@H]3O)c(=O)c2c(O)c1OC,0.663,0.58,0.547,0.285,0.27,0.299,0.587,1
Eupatolin,COc1cc2oc(-c3ccc(O)c(O)c3)c(O[C@@H]3O[C@H](C)[C@H](O)[C@@H](O)[C@H]3O)c(=O)c2c(O)c1OC,0.657,0.542,0.51,0.367,0.257,0.343,0.625,1
"Ergostan-3,24-diol",CC(C)[C@](C)(O)CC[C@@H](C)[C@H]1CC[C@H]2[C@@H]3CCC4CC(O)CC[C@]4(C)[C@H]3CC[C@]12C,0.277,0.29,0.502,0.395,0.428,0.627,0.414,1
"2H-1-Benzopyran-2-one, 7-(((2E)-5-((1R,3S)-3-hydroxy-2,2-dimethyl-6-methylenecyclohexyl)-3-methyl-2-pentenyl)oxy)-",C=C1CC[C@H](O)C(C)(C)[C@@H]1CCC(C)=CCOc1ccc2ccc(=O)oc2c1,0.509,0.467,0.57,0.444,0.477,0.417,0.403,1
"3,5-dihydroxy-2-(4-hydroxyphenyl)-8-(3-methylbut-2-enyl)-7-[(2S,3R,4S,5S,6R)-3,4,5-trihydroxy-6-(hydroxymethyl)oxan-2-yl]oxychromen-4-one",CC(C)=CCc1c(O[C@@H]2O[C@H](CO)[C@@H](O)[C@H](O)[C@H]2O)cc(O)c2c(=O)c(O)c(-c3ccc(O)cc3)oc12,0.637,0.52,0.541,0.423,0.393,0.38,0.414,1
Deglucocoroloside,C[C@H]1O[C@@H](O[C@H]2CC[C@@]3(C)[C@H](CC[C@@H]4[C@@H]3CC[C@]3(C)[C@@H](C5=CC(=O)OC5)CC[C@]43O)C2)C[C@H](O)[C@H]1O,0.347,0.495,0.583,0.353,0.263,0.356,0.432,1
Bannucine,CC[C@]12C=CCN3CC[C@@]4(c5cc([C@H]6CCC(=O)N6)c(OC)cc5N(C)[C@H]4[C@@](O)(C(=O)OC)[C@@H]1OC(C)=O)[C@@H]32,0.34,0.51,0.453,0.417,0.496,0.443,0.555,1
"(2S)-5-hydroxy-2-(4-hydroxyphenyl)-8,8-dimethyl-2,3-dihydropyrano[2,3-h]chromen-4-one",CC1(C)C=Cc2c(cc(O)c3c2O[C@H](c2ccc(O)cc2)CC3=O)O1,0.353,0.403,0.447,0.35,0.505,0.38,0.458,1
Kaempferol 3-xylosylglucoside,O=c1c(O[C@@H]2O[C@H](CO[C@@H]3O[C@H](CO)[C@H](O)[C@H]3O)[C@@H](O)[C@H](O)[C@H]2O)c(-c2ccc(O)cc2)oc2cc(O)cc(O)c12,0.65,0.448,0.483,0.527,0.257,0.37,0.735,1
"2,3-Dibenzylbutyrolactone",O=C1OCC(Cc2ccccc2)C1Cc1ccccc1,0.293,0.342,0.457,0.249,0.379,0.57,0.468,1
(16R)-Dihydrositsirikine,CCC1CN2CCc3c([nH]c4ccccc34)C2CC1C(CO)C(=O)OC,0.397,0.453,0.473,0.487,0.586,0.623,0.418,1
"(2S)-5-hydroxy-7-methoxy-6-(3-methylbut-2-enyl)-2-(3,4,5-trimethoxyphenyl)-2,3-dihydrochromen-4-one",COc1cc2c(c(O)c1CC=C(C)C)C(=O)C[C@@H](c1cc(OC)c(OC)c(OC)c1)O2,0.335,0.423,0.423,0.23,0.473,0.457,0.429,1
Dehydrobruceine A,COC(=O)[C@]12OC[C@@]34[C@@H](CC5=C(C)C(=O)C(O)=C[C@]5(C)[C@H]3[C@@H](O)[C@@H]1O)OC(=O)[C@H](OC(=O)CC(C)C)[C@@H]24,0.36,0.487,0.509,0.355,0.524,0.507,0.457,1
Cannabisin G,COc1cc(C=C(C(=O)NCCc2ccc(O)cc2)/C(=C\c2ccc(O)c(OC)c2)C(=O)NCCc2ccc(O)cc2)ccc1O,0.217,0.574,0.397,0.377,0.593,0.635,0.529,1
Hyoscyamide,COc1cc(/C=C(C(=O)NCCc2ccc(O)cc2)/C(=C/c2ccc(O)c(OC)c2)C(=O)NCCc2ccc(O)cc2)ccc1O,0.217,0.574,0.397,0.377,0.593,0.635,0.529,1
Setoclavine,CN1C[C@@](C)(O)C=C2c3cccc4[nH]cc(c34)C[C@H]21,0.54,0.607,0.591,0.647,0.66,0.573,0.471,1
Isosetoclavine,CN1C[C@](C)(O)C=C2c3cccc4[nH]cc(c34)C[C@H]21,0.54,0.607,0.591,0.647,0.66,0.573,0.471,1
Arctignan A,COc1cc(C[C@H]2COC(=O)[C@@H]2Cc2ccc(OC(CO)C(O)c3ccc(O)c(OC)c3)c(OC)c2)ccc1O,0.275,0.489,0.51,0.193,0.51,0.597,0.633,1
"1,3,5-Trihydroxyxanthone",O=c1c2cccc(O)c2oc2cc(O)cc(O)c12,0.85,0.54,0.463,0.297,0.268,0.323,0.438,1
Phyllanthostigmasterol,CC[C@H](C/C=C(\C)[C@H]1CCC[C@@H]2CC=C3C[C@@H](O)CC[C@]3(C)[C@H]2CC[C@@H]1C)C(C)C,0.36,0.393,0.52,0.363,0.392,0.377,0.459,1
Tataramide B,COc1cc([C@@H]2Oc3c(OC)cc(/C=C/C(=O)NCCc4ccc(O)cc4)cc3[C@@H]2C(=O)NCCc2ccc(O)cc2)ccc1O,0.313,0.517,0.538,0.412,0.504,0.657,0.42,1
3-Hydroxycinnamic acid,O=C(O)/C=C/c1cccc(O)c1,0.663,0.443,0.42,0.38,0.458,0.32,0.467,1
Phyllanthosterol,CC[C@H](C/C=C(\C)[C@H]1CCC[C@@H]2CC=C3C[C@H](O)CC[C@]3(C)[C@H]2CC[C@@H]1C)C(C)C,0.36,0.393,0.52,0.363,0.392,0.377,0.459,1
cis-4-Coumarate,O=C(O)C=Cc1ccc([O-])cc1,0.393,0.437,0.393,0.463,0.402,0.393,0.481,1
Hirsutine,CC[C@H]1CN2CCc3c([nH]c4ccccc34)[C@H]2C[C@@H]1/C(=C\OC)C(=O)OC,0.417,0.333,0.474,0.483,0.526,0.598,0.412,1
"2-(3,4-dihydroxyphenyl)-5,6,7-trihydroxy-3-[(2S,5S,6R)-3,4,5-trihydroxy-6-(hydroxymethyl)oxan-2-yl]oxychromen-4-one",O=c1c(O[C@@H]2O[C@H](CO)[C@@H](O)C(O)C2O)c(-c2ccc(O)c(O)c2)oc2cc(O)c(O)c(O)c12,0.61,0.44,0.503,0.587,0.341,0.33,0.606,1
Dihydrocorynantheine,CC[C@H]1CN2CCc3c([nH]c4ccccc34)[C@@H]2C[C@@H]1/C(=C\OC)C(=O)OC,0.417,0.333,0.474,0.483,0.526,0.598,0.412,1
Coprosterol,CC(C)CCC[C@@H](C)[C@H]1CC[C@H]2[C@@H]3CC[C@@H]4C[C@@H](O)CC[C@]4(C)[C@H]3CC[C@]12C,0.338,0.327,0.559,0.353,0.405,0.657,0.418,1
"(3S,5S,8S,9S,10S,13R,14S,17R)-10,13-dimethyl-17-[(2R)-6-methylheptan-2-yl]-2,3,4,5,6,7,8,9,11,12,14,15,16,17-tetradecahydro-1H-cyclopenta[a]phenanthren-3-ol",CC(C)CCC[C@@H](C)[C@H]1CC[C@H]2[C@H]3CC[C@H]4C[C@@H](O)CC[C@]4(C)[C@H]3CC[C@]12C,0.338,0.327,0.559,0.353,0.405,0.657,0.418,1
Quercetagetin-3-galactoside,O=c1c(O[C@@H]2O[C@H](CO)[C@H](O)[C@@H](O)[C@H]2O)c(-c2ccc(O)c(O)c2)oc2cc(O)c(O)c(O)c12,0.61,0.44,0.503,0.587,0.341,0.33,0.606,1
Quercetin 3-robinobioside-7-rhamnoside,CC1O[C@@H](OCC2O[C@@H](Oc3c(-c4ccc(O)c(O)c4)oc4cc(O[C@@H]5OC(C)[C@H](O)[C@H](O)C5O)cc(O)c4c3=O)C(O)C(O)[C@H]2O)C(O)[C@@H](O)[C@H]1O,0.573,0.426,0.5,0.403,0.147,0.283,0.892,1
Chrysin 7-glucoside,C[C@@H]1O[C@@H](OC[C@H]2O[C@@H](Oc3cc(O)c4c(=O)cc(-c5ccccc5)oc4c3)[C@H](O)[C@@H](O)[C@@H]2O)[C@H](O)[C@H](O)[C@H]1O,0.68,0.59,0.507,0.347,0.303,0.312,0.566,1
Chrysin 7-rutinoside,CC1O[C@@H](OCC2O[C@@H](Oc3cc(O)c4c(=O)cc(-c5ccccc5)oc4c3)C(O)[C@@H](O)[C@@H]2O)C(O)[C@@H](O)[C@H]1O,0.68,0.59,0.507,0.347,0.303,0.312,0.566,1
15alpha-Hydroxytomatidenol,C[C@H]1CC[C@]2(NC1)O[C@H]1[C@H](O)[C@H]3[C@@H]4CC=C5C[C@@H](O)CC[C@]5(C)[C@H]4CC[C@]3(C)[C@H]1[C@@H]2C,0.427,0.45,0.57,0.397,0.485,0.51,0.408,1
Isopteryxin,C/C=C(\C)C(=O)O[C@@H]1[C@H](OC(C)=O)c2c(ccc3ccc(=O)oc23)OC1(C)C,0.477,0.473,0.507,0.38,0.412,0.223,0.938,1
7-Hydroxy-6-methyl-2H-1-benzopyran-2-one,Cc1cc2ccc(=O)oc2cc1O,0.645,0.51,0.513,0.317,0.258,0.305,0.436,1
15alpha-Hydroxysolasodine,C[C@@H]1CC[C@@]2(NC1)O[C@H]1[C@H](O)[C@H]3[C@@H]4CC=C5C[C@@H](O)CC[C@]5(C)[C@H]4CC[C@]3(C)[C@H]1[C@@H]2C,0.427,0.45,0.57,0.397,0.485,0.51,0.408,1
Medioresinol,COc1cc([C@H]2OC[C@H]3[C@@H]2CO[C@@H]3c2cc(OC)c(O)c(OC)c2)ccc1O,0.36,0.527,0.628,0.133,0.103,0.456,0.434,1
quercetin 3-O-beta-D-glucopyranosyl-(1->2)-rhamnopyranoside,C[C@@H]1O[C@@H](Oc2c(-c3ccc(O)c(O)c3)oc3cc(O)cc(O)c3c2=O)[C@H](O[C@@H]2O[C@H](CO)[C@@H](O)[C@H](O)[C@H]2O)[C@H](O)[C@H]1O,0.553,0.414,0.44,0.507,0.11,0.306,0.75,1
Quercetin 3-neohesperidoside,C[C@@H]1O[C@@H](O[C@H]2[C@H](Oc3c(-c4ccc(O)c(O)c4)oc4cc(O)cc(O)c4c3=O)O[C@H](CO)[C@@H](O)[C@@H]2O)[C@H](O)[C@H](O)[C@H]1O,0.553,0.414,0.44,0.507,0.11,0.306,0.75,1
"5,7,8-trihydroxy-3-[(2S,3R,4S,5S,6R)-3,4,5-trihydroxy-6-(hydroxymethyl)oxan-2-yl]oxy-2-(3,4,5-trihydroxyphenyl)chromen-4-one",O=c1c(O[C@@H]2O[C@H](CO)[C@@H](O)[C@H](O)[C@H]2O)c(-c2cc(O)c(O)c(O)c2)oc2c(O)c(O)cc(O)c12,0.6,0.398,0.51,0.42,0.3,0.43,0.467,1
Hibiscetin 3-glucoside,O=c1c(O[C@H]2O[C@H](CO)[C@@H](O)C(O)C2O)c(-c2cc(O)c(O)c(O)c2)oc2c(O)c(O)cc(O)c12,0.6,0.398,0.51,0.42,0.3,0.43,0.467,1
Silyhermin,COc1cc([C@@H]2Oc3c(O)cc([C@@H]4CC(=O)c5c(O)cc(O)cc5O4)cc3[C@H]2CO)ccc1O,0.25,0.424,0.393,0.277,0.409,0.503,0.547,1
Scutellarein 7-rutinoside,CC1O[C@@H](OCC2O[C@@H](Oc3cc4oc(-c5ccc(O)cc5)cc(=O)c4c(O)c3O)C(O)[C@@H](O)[C@@H]2O)C(O)[C@@H](O)[C@H]1O,0.663,0.51,0.531,0.387,0.429,0.357,0.538,1
"methyl (1S,14R,15Z,18S)-15-ethylidene-17-methyl-12-oxo-10,17-diazatetracyclo[12.3.1.03,11.04,9]octadeca-3(11),4,6,8-tetraene-18-carboxylate",C/C=C1\CN(C)[C@H]2Cc3c([nH]c4ccccc34)C(=O)C[C@@H]1[C@@H]2C(=O)OC,0.448,0.463,0.447,0.414,0.567,0.358,0.606,1
Sitoindoside II,CCCCCCCCC=CCCCCCCCC(=O)OC[C@H]1O[C@@H](O[C@H]2CC[C@@]3(C)C(=CC[C@H]4[C@@H]5CC[C@H]([C@H](C)CC[C@H](CC)C(C)C)[C@@]5(C)CC[C@@H]43)C2)[C@H](O)[C@@H](O)[C@@H]1O,0.39,0.44,0.483,0.379,0.422,0.668,0.538,1
Stellatin,COc1cc2oc(C)cc(=O)c2c(O)c1OC,0.783,0.543,0.63,0.353,0.513,0.537,0.458,1
"(1S,2S,4S,6R,7S,8R,9S,12S,13R,16S)-5',5'-bis(hydroxymethyl)-7,9,13-trimethylspiro[5-oxapentacyclo[10.8.0.02,9.04,8.013,18]icos-18-ene-6,2'-oxolane]-16-ol",C[C@H]1[C@H]2[C@H](C[C@H]3[C@@H]4CC=C5C[C@@H](O)CC[C@]5(C)[C@H]4CC[C@]23C)O[C@@]12CCC(CO)(CO)O2,0.36,0.387,0.5,0.383,0.396,0.487,0.416,1
"(3S,8S,9S,10R,13R,14S,17R)-17-[(2R,3E,5S)-5-ethyl-6-methylhepta-3,6-dien-2-yl]-10,13-dimethyl-2,3,4,7,8,9,11,12,14,15,16,17-dodecahydro-1H-cyclopenta[a]phenanthren-3-ol",C=C(C)[C@H](/C=C/[C@@H](C)[C@H]1CC[C@H]2[C@@H]3CC=C4C[C@@H](O)CC[C@]4(C)[C@H]3CC[C@]12C)CC,0.3,0.42,0.486,0.353,0.393,0.634,0.636,1
Toddalolactone,COc1cc2oc(=O)ccc2c(OC)c1C[C@@H](O)C(C)(C)O,0.53,0.565,0.557,0.477,0.466,0.527,0.455,1
Tabernamine,CC=C1CN(C)[C@@H]2Cc3c([nH]c4ccccc34)[C@@H](c3ccc4c5c([nH]c4c3)[C@@H]3C[C@@H]4C[C@H](CC)[C@@H]3N(CC5)C4)C[C@@H]1C2C(=O)OC,0.467,0.507,0.524,0.503,0.553,0.305,0.463,1
"methyl (1R,2S,3R,6R,8S,11S,12S,13S,14R,15R,16S,17S)-12,15,16-trihydroxy-9,13-dimethyl-3-(3-methylbut-2-enoyloxy)-4-oxo-11-[(2R,3R,4S,5S,6R)-3,4,5-trihydroxy-6-(hydroxymethyl)oxan-2-yl]oxy-5,18-dioxape",COC(=O)[C@@]12OC[C@]34[C@H]([C@@H](O)[C@@H]1O)[C@@]1(C)[C@H](O)[C@@H](O[C@@H]5O[C@H](CO)[C@@H](O)[C@H](O)[C@H]5O)C=C(C)[C@@H]1C[C@H]3OC(=O)[C@H](OC(=O)C=C(C)C)[C@@H]24,0.387,0.477,0.463,0.307,0.459,0.435,0.505,1
Yadanzioside B,COC(=O)C12OC[C@]34[C@H]([C@@H](O)[C@@H]1O)[C@@]1(C)[C@H](O)C(=O)C(O[C@@H]5O[C@H](CO)[C@@H](O)[C@H](O)[C@H]5O)=C(C)[C@@H]1C[C@H]3OC(=O)[C@H](OC(=O)CC(C)C)[C@@H]24,0.34,0.423,0.407,0.367,0.415,0.477,0.465,1
"methyl (1R,2S,3R,6R,8S,9S,13S,14R,15R,16S,17S)-15,16-dihydroxy-3-[(E)-4-hydroxy-3,4-dimethylpent-2-enoyl]oxy-9,13-dimethyl-4,10-dioxo-11-[(2S,3R,4S,5S,6R)-3,4,5-trihydroxy-6-(hydroxymethyl)oxan-2-yl]o",COC(=O)[C@@]12OC[C@]34[C@H]([C@@H](O)[C@@H]1O)[C@@]1(C)C=C(O[C@@H]5O[C@H](CO)[C@@H](O)[C@H](O)[C@H]5O)C(=O)[C@@H](C)[C@@H]1C[C@H]3OC(=O)[C@H](OC(=O)/C=C(\C)C(C)(C)O)[C@@H]24,0.387,0.457,0.487,0.357,0.526,0.495,0.429,1
"methyl (1R,2S,3R,6R,8S,9S,13S,14R,15R,16S,17S)-3-[(E)-4-acetyloxy-3,4-dimethylpent-2-enoyl]oxy-15,16-dihydroxy-9,13-dimethyl-4,10-dioxo-11-[(2S,3R,4S,5S,6R)-3,4,5-trihydroxy-6-(hydroxymethyl)oxan-2-yl",COC(=O)[C@@]12OC[C@]34[C@H]([C@@H](O)[C@@H]1O)[C@@]1(C)C=C(O[C@@H]5O[C@H](CO)[C@@H](O)[C@H](O)[C@H]5O)C(=O)[C@@H](C)[C@@H]1C[C@H]3OC(=O)[C@H](OC(=O)/C=C(\C)C(C)(C)OC(C)=O)[C@@H]24,0.4,0.48,0.494,0.37,0.496,0.485,0.417,1
Yadanzioside L,COC(=O)[C@]12OC[C@]34[C@H]([C@@H](O)[C@@H]1O)[C@@]1(C)CC(=O)C(O[C@@H]5O[C@H](CO)[C@@H](O)[C@H](O)[C@H]5O)=C(C)[C@@H]1C[C@H]3OC(=O)[C@H](OC(=O)/C=C(\C)C(C)(C)O)[C@@H]24,0.373,0.423,0.483,0.34,0.437,0.492,0.602,1
"methyl (1R,2S,3R,6R,8S,9S,13S,14S,15R,16S,17S)-3-[(E)-3,4-dimethylpent-2-enoyl]oxy-15,16-dihydroxy-9,13-dimethyl-4,12-dioxo-11-[(2S,3R,4S,5S,6R)-3,4,5-trihydroxy-6-(hydroxymethyl)oxan-2-yl]oxy-5,18-di",COC(=O)[C@@]12OC[C@]34[C@H]([C@@H](O)[C@@H]1O)[C@@]1(C)C(=O)C(O[C@@H]5O[C@H](CO)[C@@H](O)[C@H](O)[C@H]5O)=C[C@@H](C)[C@@H]1C[C@H]3OC(=O)[C@H](OC(=O)/C=C(\C)C(C)C)[C@@H]24,0.42,0.437,0.513,0.297,0.483,0.466,0.531,1
(8)-Gingerol,CCCCCCC[C@H](O)CC(=O)CCc1ccc(O)c(OC)c1,0.037,0.89,0.913,0.02,0.423,0.627,0.574,1
"(2S)-8-[5-[(3,4-Dihydro-5,7-dihydroxy-4-oxo-2H-1-benzopyran)-2alpha-yl]-2-hydroxyphenyl]-2,3-dihydro-5,7-dihydroxy-2alpha-(4-hydroxyphenyl)-4H-1-benzopyran-4-one",O=C1C[C@@H](c2ccc(O)c(-c3c(O)cc(O)c4c3O[C@H](c3ccc(O)cc3)CC4=O)c2)Oc2cc(O)cc(O)c21,0.17,0.293,0.3,0.214,0.488,0.333,0.688,1
24-Ethylcholestan-3-ol,CCC(CC[C@@H](C)[C@H]1CC[C@H]2[C@@H]3CCC4CC(O)CC[C@]4(C)[C@H]3CC[C@]12C)C(C)C,0.343,0.363,0.51,0.323,0.393,0.563,0.607,1
Vindoline,CC[C@]12C=CCN3CC[C@@]4(c5ccc(OC)cc5N(C)[C@H]4[C@@](O)(C(=O)OC)[C@@H]1OC(C)=O)[C@@H]32,0.4,0.47,0.507,0.47,0.447,0.555,0.544,1
Naringetol,O=C1C[C@@H](c2ccc(O)cc2)Oc2cc(O)cc(O)c21,0.177,0.266,0.237,0.214,0.478,0.32,0.795,1
"Peonidin 3,5-diglucoside",COc1cc(-c2[o+]c3cc(O)cc(O[C@@H]4OC(CO)[C@@H](O)[C@H](O)C4O)c3cc2O[C@@H]2OC(CO)[C@@H](O)C(O)C2O)ccc1O,0.533,0.583,0.567,0.373,0.316,0.433,0.417,1
Glabranin,CC(C)=CCc1c(O)cc(O)c2c1O[C@H](c1ccccc1)CC2=O,0.41,0.427,0.467,0.319,0.32,0.413,0.4,1
Vincetoxicoside B,C[C@@H]1O[C@@H](Oc2cc(O)c3c(=O)c(O)c(-c4ccc(O)c(O)c4)oc3c2)[C@H](O)[C@H](O)[C@H]1O,0.63,0.362,0.393,0.257,0.222,0.222,0.623,1
Gentisin,COc1cc(O)c2c(=O)c3cc(O)ccc3oc2c1,0.853,0.57,0.587,0.383,0.44,0.373,0.54,1
"6,8-dimethoxy-7-[(2S,3R,4S,5S,6R)-3,4,5-trihydroxy-6-(hydroxymethyl)oxan-2-yl]oxychromen-2-one",COc1cc2ccc(=O)oc2c(OC)c1O[C@@H]1O[C@H](CO)[C@@H](O)[C@H](O)[C@H]1O,0.633,0.515,0.53,0.49,0.347,0.41,0.411,1
Luteolin-4'-o-glucoside,O=c1cc(-c2ccc(O[C@@H]3O[C@H](CO)[C@@H](O)[C@H](O)[C@H]3O)c(O)c2)oc2cc(O)cc(O)c12,0.743,0.473,0.503,0.54,0.323,0.37,0.545,1
Isosakuranetin,COc1ccc([C@@H]2CC(=O)c3c(O)cc(O)cc3O2)cc1,0.687,0.286,0.31,0.207,0.443,0.337,1.0,1
Tiliroside,O=C(/C=C/c1ccc(O)cc1)OC[C@H]1O[C@@H](Oc2c(-c3ccc(O)cc3)oc3cc(O)cc(O)c3c2=O)[C@H](O)[C@@H](O)[C@@H]1O,0.587,0.5,0.5,0.507,0.89,0.43,1.0,1
Silicristin,COc1cc([C@@H]2Oc3c(O)cc([C@H]4Oc5cc(O)cc(O)c5C(=O)[C@@H]4O)cc3[C@H]2CO)ccc1O,0.347,0.525,0.413,0.323,0.386,0.65,0.672,1
"7,4'-Dihydroxyflavone",O=c1cc(-c2ccc(O)cc2)oc2cc(O)ccc12,0.93,0.557,0.511,0.422,0.497,0.253,0.818,1
1-Methyloctyl acetate,CCCCCCCC(C)OC(C)=O,0.2,0.237,0.333,0.193,0.304,0.347,0.415,1
Lomatin,CC1(C)Oc2ccc3ccc(=O)oc3c2CC1O,0.477,0.463,0.483,0.36,0.412,0.377,0.446,1
Deacetylvinblastine,CC[C@]1(O)C[C@H]2CN(CCc3c([nH]c4ccccc34)[C@@](C(=O)OC)(c3cc4c(cc3OC)N(C)[C@H]3[C@@](O)(C(=O)OC)[C@H](O)[C@]5(CC)C=CCN6CC[C@]43[C@@H]65)C2)C1,0.376,0.49,0.48,0.519,0.377,0.267,0.881,1
"3,3',4',5,6,7,8-Heptamethoxyflavone",COc1ccc(-c2oc3c(OC)c(OC)c(OC)c(OC)c3c(=O)c2OC)cc1OC,0.793,0.523,0.507,0.349,0.417,0.133,0.592,1
Anisofolin C,O=C(/C=C/c1ccc(O)cc1)OC[C@H]1O[C@@H](Oc2cc(O)c3c(=O)cc(-c4ccc(O)cc4)oc3c2)[C@H](O)[C@@H](O)[C@@H]1OC(=O)/C=C/c1ccc(O)cc1,0.607,0.56,0.515,0.457,0.553,0.363,0.58,1
Hegoflavone A,O=C1CC(c2ccc(O)cc2)Oc2cc(O)c(-c3cc(O)c(O)cc3-c3cc(=O)c4c(O)cc(O)cc4o3)c(O)c21,0.57,0.461,0.407,0.327,0.452,0.323,0.492,1
Melicitrin,O=c1c(O)c(-c2cc(O)c(O)c(O[C@@H]3OC[C@H](O)[C@H](O)[C@H]3O)c2)oc2cc(O)cc(O)c12,0.59,0.365,0.427,0.303,0.265,0.4,0.544,1
Tephroglabrin,COc1ccc2c(=O)cc(-c3ccccc3)oc2c1C1=COC(C)(C)C1=O,0.83,0.47,0.566,0.508,0.507,0.55,0.453,1
Harmalanine,COc1ccc2c3c([nH]c2c1)-c1cccc(=O)n1CC3,0.737,0.482,0.363,0.333,0.515,0.761,0.552,1
Macrophyllin,COc1ccc(Cc2c(OC)c(OC)c(O)c3c2OC(c2ccccc2)CC3=O)c(O)c1,0.57,0.565,0.457,0.428,0.447,0.467,0.492,1
Rhusflavone,O=C1CC(c2ccc(O)cc2)Oc2cc(O)c(-c3c(O)cc(O)c4c(=O)cc(-c5ccc(O)cc5)oc34)c(O)c21,0.66,0.421,0.379,0.307,0.505,0.257,0.45,1
Coroglaucigenin,C[C@]12CC[C@H]3[C@@H](CC[C@H]4C[C@@H](O)CC[C@@]43CO)[C@@]1(O)CC[C@@H]2C1=CC(=O)OC1,0.33,0.478,0.587,0.363,0.501,0.397,0.479,1
"5,7-dihydroxy-3-(4-hydroxy-3-methoxyphenyl)-8-[(2S,3R,4R,5S,6R)-3,4,5-trihydroxy-6-(hydroxymethyl)oxan-2-yl]chromen-4-one",COc1cc(-c2coc3c([C@@H]4O[C@H](CO)[C@@H](O)[C@H](O)[C@H]4O)c(O)cc(O)c3c2=O)ccc1O,0.547,0.555,0.48,0.383,0.35,0.707,0.492,1
Khelmarin B,CC1(C)C=Cc2c(cc3oc(=O)ccc3c2O[C@@H]2c3c(ccc4ccc(=O)oc34)OC(C)(C)[C@@H]2O)O1,0.583,0.537,0.56,0.473,0.473,0.403,0.431,1
Erythrinasinate,CCCCCCCCCCCCCCCCCCCCCCCCCCCCOC(=O)/C=C/c1ccc(OC)c(O)c1,0.423,0.377,0.47,0.377,0.412,0.737,0.458,1
"5,3',4'-Trihydroxy-3-methoxy-6,7-methylenedioxyflavone",COc1c(-c2ccc(O)c(O)c2)oc2cc3c(c(O)c2c1=O)OCO3,0.747,0.58,0.543,0.43,0.552,0.417,0.5,1
Khelmarin A,C=CC(C)(C)c1c2c(c(O[C@@H]3c4c(ccc5ccc(=O)oc45)OC(C)(C)[C@@H]3O)c3ccc(=O)oc13)C=CC(C)(C)O2,0.55,0.523,0.613,0.448,0.556,0.437,0.423,1
Datiscin,C[C@@H]1O[C@@H](OC[C@H]2O[C@@H](Oc3c(-c4ccccc4O)oc4cc(O)cc(O)c4c3=O)[C@H](O)[C@@H](O)[C@@H]2O)[C@H](O)[C@H](O)[C@H]1O,0.597,0.48,0.527,0.35,0.156,0.498,0.768,1
Datiscetin,O=c1c(O)c(-c2ccccc2O)oc2cc(O)cc(O)c12,0.907,0.527,0.487,0.31,0.239,0.37,0.553,1
N-methylcephaeline,CCC1CN2CCc3cc(OC)c(OC)cc3C2CC1CC1c2cc(OC)c(O)cc2CCN1C,0.327,0.227,0.34,0.213,0.31,0.438,0.508,1
Quercetin-3-alpha-l-rhamnofuranoside,CC(O)[C@H]1O[C@@H](Oc2c(-c3ccc(O)c(O)c3)oc3cc(O)cc(O)c3c2=O)[C@H](O)[C@@H]1O,0.527,0.446,0.417,0.396,0.27,0.23,0.643,1
Quercetin-3-arabinoglucoside,O=c1c(O[C@@H]2O[C@H](CO[C@@H]3OC[C@H](O)[C@H](O)[C@H]3O)[C@@H](O)[C@H](O)[C@H]2O)c(-c2ccc(O)c(O)c2)oc2cc(O)cc(O)c12,0.597,0.42,0.487,0.543,0.242,0.287,0.783,1
Hegoflavone B,O=C1CC(c2ccc(O)c(O)c2)Oc2cc(O)c(-c3cc(O)c(O)cc3-c3cc(=O)c4c(O)cc(O)cc4o3)c(O)c21,0.513,0.406,0.36,0.277,0.393,0.327,0.586,1
"Quercetin-3,7-diglucoside",O=c1c(O[C@@H]2O[C@H](CO)[C@@H](O)[C@@H](O)[C@H]2O)c(-c2ccc(O)c(O)c2)oc2cc(O[C@H]3O[C@@H](CO)[C@H](O)[C@H](O)[C@@H]3O)cc(O)c12,0.617,0.404,0.457,0.639,0.235,0.243,0.667,1
"Quercetagetin-6,7-3',4'-tetramethyl Ether",COc1ccc(-c2oc3cc(OC)c(OC)c(O)c3c(=O)c2O)cc1OC,0.837,0.6,0.623,0.405,0.49,0.633,0.612,1
"2-Hydroxy-1,4-naphthaquinone",O=C1C=C(O)C(=O)c2ccccc21,0.627,0.417,0.383,0.301,0.398,0.367,0.405,1
Schisanhenol acetate,COc1cc2c(c(OC)c1OC)-c1c(cc(OC)c(OC)c1OC(C)=O)CC(C)C(C)C2,0.403,0.31,0.397,0.275,0.337,0.69,0.407,1
Shoreaphenol,O=C1c2cc(O)cc3oc(-c4ccc(O)cc4)c(c23)-c2cc(O)cc(O)c2C1c1ccc(O)cc1,0.57,0.47,0.473,0.377,0.453,0.38,0.455,1
Scutellarein-7-o-rhamnoside,C[C@@H]1O[C@@H](Oc2cc3oc(-c4ccc(O)cc4)cc(=O)c3c(O)c2O)[C@H](O)[C@H](O)[C@H]1O,0.69,0.473,0.53,0.333,0.42,0.267,0.455,1
Heraclenin,CC1(C)O[C@@H]1COc1c2occc2cc2ccc(=O)oc12,0.767,0.583,0.567,0.533,0.478,0.407,0.614,1
Rhusflavone,O=C1C[C@@H](c2ccc(O)cc2)Oc2cc(O)c(-c3c(O)cc(O)c4c3O[C@H](c3ccc(O)cc3)CC4=O)c(O)c21,0.252,0.364,0.31,0.261,0.508,0.3,0.551,1
Kusunokinin,COc1ccc(C[C@H]2COC(=O)[C@@H]2Cc2ccc3c(c2)OCO3)cc1OC,0.337,0.496,0.46,0.067,0.877,0.72,0.63,1
Traxillagenin,COc1cc(C[C@H]2C(=O)OC[C@@H]2Cc2cc(OC)c(OC)c(OC)c2)ccc1O,0.367,0.597,0.59,0.06,0.567,0.727,0.867,1
Tamaridone,COc1ccc(-c2cc(=O)c3c(O)c(OC)c(O)cc3o2)c(O)c1,0.84,0.633,0.68,0.46,0.597,0.437,0.442,1
Apigenin 5-O-beta-D-glucopyranoside,O=c1cc(-c2ccc(O)cc2)oc2cc(O)cc(O[C@@H]3O[C@H](CO)[C@@H](O)[C@H](O)[C@H]3O)c12,0.74,0.51,0.501,0.489,0.397,0.35,0.509,1
Tembamide,COc1ccc(C(O)CNC(=O)c2ccccc2)cc1,0.32,0.346,0.33,0.403,0.323,0.56,0.519,1
"1-[(8E)-9-(3,4-methylenedioxyphenyl)-8-nonenoyl]pyrrolidine",O=C(CCCCCC/C=C/c1ccc2c(c1)OCO2)N1CCCC1,0.49,0.467,0.37,0.479,0.557,0.524,0.404,1
"2H-1-Benzopyran-2-one, 5,7-dimethoxy-6-(3-methyl-2-butenyl)-",COc1cc2oc(=O)ccc2c(OC)c1CC=C(C)C,0.66,0.63,0.623,0.48,0.467,0.281,0.41,1
Stipulin,CC(C)=CCc1cc(/C=C/C(=O)c2cc(CC=C(C)C)c(O)cc2O)ccc1O,0.45,0.383,0.457,0.51,0.397,0.337,0.4,1
Quercetin 3-O-(6 inverted exclamation mark inverted exclamation mark-galloyl)-|A-D-glucopyranoside,O=C(OCC1OC(Oc2c(-c3ccc(O)c(O)c3)oc3cc(O)cc(O)c3c2=O)C(O)C(O)C1O)c1cc(O)c(O)c(O)c1,0.607,0.45,0.45,0.517,0.337,0.37,0.699,1
Flavonol 3-O-D-glucoside,O=c1c(O[C@@H]2O[C@H](CO)[C@@H](O)[C@H](O)[C@H]2O)c(-c2ccccc2)oc2ccccc12,0.61,0.478,0.503,0.413,0.363,0.597,0.44,1
Tectoridin,COc1c(O[C@@H]2O[C@H](CO)[C@@H](O)[C@H](O)[C@H]2O)cc2occ(-c3ccc(O)cc3)c(=O)c2c1O,0.6,0.547,0.497,0.473,0.383,0.497,0.403,1
Quinidinone,C=C[C@H]1CN2CC[C@H]1C[C@@H]2C(=O)c1ccnc2ccc(OC)cc12,0.37,0.433,0.437,0.659,0.377,0.736,0.662,1
Hydroquinidine,CC[C@H]1CN2CC[C@H]1C[C@@H]2[C@@H](O)c1ccnc2ccc(OC)cc12,0.43,0.45,0.415,0.763,0.377,0.606,0.742,1
Traxillaside,COc1cc(C[C@H]2C(=O)OC[C@@H]2Cc2cc(OC)c(OC)c(OC)c2)ccc1O[C@@H]1O[C@H](CO)[C@@H](O)[C@H](O)[C@H]1O,0.423,0.494,0.497,0.17,0.427,0.703,0.565,1
luteolin-7-O-rutinoside,O=c1cc(-c2ccc(O)c(O)c2)oc2cc(OC3O[C@H](CO[C@H]4O[C@@H](CO)[C@@H](O)C(O)[C@@H]4O)[C@@H](O)[C@H](O)[C@H]3O)cc(O)c12,0.68,0.463,0.507,0.533,0.327,0.257,0.553,1
"[(12S,15R,16R)-14,14-dimethyl-6-oxo-4-phenyl-3,11,13-trioxatetracyclo[8.6.0.02,7.012,16]hexadeca-1(10),2(7),4,8-tetraen-15-yl] acetate",CC(=O)O[C@@H]1[C@H]2c3c(ccc4c(=O)cc(-c5ccccc5)oc34)O[C@H]2OC1(C)C,0.707,0.432,0.477,0.503,0.49,0.593,0.4,1
"(9S,10S)-9,10-dihydroxystearic acid",CCCCCCCC[C@H](O)[C@@H](O)CCCCCCCC(=O)O,0.23,0.23,0.33,0.22,0.353,0.347,0.415,1
"3-[(2S,3R,4S,5R,6R)-4,5-dihydroxy-6-(hydroxymethyl)-3-[(2S,3R,4R,5R,6S)-3,4,5-trihydroxy-6-methyloxan-2-yl]oxyoxan-2-yl]oxy-5,7-dihydroxy-2-(4-hydroxyphenyl)chromen-4-one",C[C@@H]1O[C@@H](O[C@H]2[C@H](Oc3c(-c4ccc(O)cc4)oc4cc(O)cc(O)c4c3=O)O[C@H](CO)[C@H](O)[C@@H]2O)[C@H](O)[C@H](O)[C@H]1O,0.563,0.468,0.46,0.353,0.14,0.369,0.7,1
Isorhamnetin 3-glucuronide,COc1cc(-c2oc3cc(O)cc(O)c3c(=O)c2O[C@@H]2O[C@H](C(=O)O)[C@@H](O)[C@H](O)[C@H]2O)ccc1O,0.6,0.556,0.473,0.377,0.239,0.35,0.685,1
Yatansin,COC(=O)[C@@]12OC[C@]34[C@H]([C@@H](O)[C@@H]1O)[C@@]1(C)CC(=O)C(O)=C(C)[C@@H]1C[C@H]3OC(=O)[C@H](OC(=O)C=C(C)C)[C@@H]24,0.34,0.423,0.443,0.193,0.437,0.465,0.87,1
Evomonoside,C[C@@H]1O[C@@H](O[C@H]2CC[C@@]3(C)[C@H](CC[C@@H]4[C@@H]3CC[C@]3(C)[C@@H](C5=CC(=O)OC5)CC[C@]43O)C2)[C@H](O)[C@H](O)[C@H]1O,0.327,0.458,0.557,0.33,0.342,0.372,0.438,1
Hellebrigenin,C[C@]12CC[C@H]3[C@@H](CC[C@]4(O)C[C@@H](O)CC[C@]34C=O)[C@@]1(O)CC[C@@H]2c1ccc(=O)oc1,0.393,0.613,0.69,0.489,0.65,0.443,0.625,1
Homoplantaginin,COc1c(O[C@@H]2O[C@H](CO)[C@@H](O)[C@H](O)[C@H]2O)cc2oc(-c3ccc(O)cc3)cc(=O)c2c1O,0.743,0.613,0.617,0.55,0.497,0.37,0.415,1
Braylin,COc1cc2ccc(=O)oc2c2c1OC(C)(C)C=C2,0.597,0.487,0.527,0.483,0.35,0.353,0.429,1
Eucalyptin,COc1ccc(-c2cc(=O)c3c(O)c(C)c(OC)c(C)c3o2)cc1,0.837,0.59,0.577,0.377,0.461,0.247,0.453,1
Quercetagitrin,O=c1c(O)c(-c2ccc(O)c(O)c2)oc2cc(O[C@@H]3O[C@H](CO)[C@@H](O)[C@H](O)[C@H]3O)c(O)c(O)c12,0.643,0.364,0.441,0.467,0.323,0.347,0.507,1
trans-2-Icosenoic acid,CCCCCCCCCCCCCCCCC/C=C/C(=O)O,0.417,0.233,0.289,0.193,0.353,0.467,0.4,1
3-Methoxyphenol,COc1cccc(O)c1,0.693,0.68,0.747,0.552,0.542,0.25,0.469,1
Squarrosin,COc1ccc(-c2coc3cc4c(c(O)c3c2=O)OCO4)cc1OC,0.62,0.623,0.497,0.357,0.58,0.813,0.6,1
Phenethyl cinnamate,O=C(/C=C/c1ccccc1)OCCc1ccccc1,0.59,0.363,0.427,0.407,0.483,0.637,0.485,1
Desmethoxyyangonin,COc1cc(/C=C/c2ccccc2)oc(=O)c1,0.563,0.453,0.553,0.473,0.493,0.606,0.452,1
Pentyl cinnamate,CCCCCOC(=O)/C=C/c1ccccc1,0.607,0.273,0.407,0.364,0.372,0.643,0.457,1
Sominone,CC1=C(CO)C(=O)O[C@@H]([C@@H](C)[C@H]2CC[C@H]3[C@@H]4CC=C5C[C@@H](O)C[C@H](O)[C@]5(C)[C@H]4CC[C@]23C)C1,0.273,0.398,0.523,0.328,0.424,0.627,0.407,1
Stepharanine,COc1cc2c(cc1O)-c1cc3ccc(O)c(OC)c3c[n+]1CC2,0.503,0.571,0.533,0.51,0.767,0.553,0.872,1
Sibiricol,COc1cc(O)c2ccc(=O)oc2c1CC=C(C)C,0.72,0.577,0.627,0.443,0.427,0.223,0.4,1
Sideroxylin,COc1c(C)c(O)c2c(=O)cc(-c3ccc(O)cc3)oc2c1C,0.857,0.59,0.563,0.438,0.498,0.24,0.529,1
Silandrin,COc1cc([C@H]2Oc3ccc([C@@H]4CC(=O)c5c(O)cc(O)cc5O4)cc3O[C@@H]2CO)ccc1O,0.24,0.442,0.34,0.273,0.401,0.577,0.734,1
"(3R)-9-[(2S)-5,7-dihydroxy-4-oxo-2,3-dihydrochromen-2-yl]-3-hydroxy-10-(4-hydroxy-3-methoxyphenyl)-4-oxatricyclo[4.3.1.03,7]dec-8-en-2-one",COc1cc(C2C3C(=O)[C@]4(O)OCC2C4C=C3[C@@H]2CC(=O)c3c(O)cc(O)cc3O2)ccc1O,0.307,0.39,0.4,0.293,0.445,0.513,0.486,1
Tamadone,COc1c(OC)c(O)c2c(=O)cc(-c3ccc(O)cc3O)oc2c1OC,0.843,0.573,0.597,0.403,0.538,0.307,0.4,1
"(3Z,4R)-3-(1,3-benzodioxol-5-ylmethylidene)-4-[(3,4-dimethoxyphenyl)methyl]oxolan-2-one",COc1ccc(C[C@H]2COC(=O)C2=Cc2ccc3c(c2)OCO3)cc1OC,0.41,0.496,0.463,0.323,0.689,0.647,0.418,1
Styraxin,COc1cc([C@@H]2OC[C@@H]3[C@H]2C(=O)O[C@H]3c2ccc3c(c2)OCO3)ccc1O,0.333,0.463,0.463,0.273,0.436,0.52,0.418,1
Syzalterin,Cc1c(O)c(C)c2oc(-c3ccc(O)cc3)cc(=O)c2c1O,0.82,0.483,0.497,0.337,0.567,0.24,0.521,1
Bursehernin,COc1ccc(C[C@H]2C(=O)OC[C@@H]2Cc2ccc3c(c2)OCO3)cc1OC,0.337,0.496,0.46,0.067,0.877,0.72,0.63,1
Narirutin,C[C@@H]1O[C@@H](OC[C@H]2O[C@@H](Oc3cc(O)c4c(c3)O[C@H](c3ccc(O)cc3)CC4=O)[C@H](O)[C@@H](O)[C@@H]2O)[C@H](O)[C@H](O)[C@H]1O,0.342,0.391,0.393,0.304,0.413,0.375,0.471,1
Brusatol,COC(=O)[C@]12OC[C@]34[C@H]([C@@H](O)[C@@H]1O)[C@@]1(C)CC(=O)C(O)=C(C)[C@@H]1C[C@H]3OC(=O)[C@H](OC(=O)C=C(C)C)[C@@H]24,0.34,0.423,0.443,0.193,0.437,0.465,0.87,1
"3-[(3S,5R,10S,13R,14S,17R)-14-hydroxy-10,13-dimethyl-3-[(2S,5S)-3,4,5-trihydroxy-6-methyloxan-2-yl]oxy-1,2,3,4,5,6,7,8,9,11,12,15,16,17-tetradecahydrocyclopenta[a]phenanthren-17-yl]-2H-furan-5-one",CC1O[C@H](O[C@H]2CC[C@]3(C)C4CC[C@]5(C)[C@@H](C6=CC(=O)OC6)CC[C@]5(O)C4CC[C@@H]3C2)C(O)C(O)[C@@H]1O,0.327,0.458,0.557,0.33,0.342,0.372,0.438,1
Isopenniclavine,CN1C[C@@](O)(CO)C=C2c3cccc4[nH]cc(c34)C[C@H]21,0.51,0.577,0.573,0.69,0.637,0.594,0.493,1
"3-[(1R,2S,3S)-2,3-dimethyl-2-[(2-oxochromen-7-yl)oxymethyl]-6-propan-2-ylidenecyclohexyl]propanoic acid",CC(C)=C1CC[C@H](C)[C@](C)(COc2ccc3ccc(=O)oc3c2)[C@@H]1CCC(=O)O,0.469,0.453,0.53,0.424,0.395,0.47,0.41,1
7-Hydroxy-8-methoxycoumarin,COc1c(O)ccc2ccc(=O)oc12,0.802,0.623,0.687,0.423,0.377,0.32,0.595,1
"(3R)-3-(1,3-benzodioxol-5-ylmethyl)-5,7-dihydroxy-6,8-dimethyl-2,3-dihydrochromen-4-one",Cc1c(O)c(C)c2c(c1O)C(=O)[C@H](Cc1ccc3c(c1)OCO3)CO2,0.497,0.491,0.53,0.257,0.613,0.477,0.404,1
Luteolin 7-gentiobioside,O=c1cc(-c2ccc(O)c(O)c2)oc2cc(O[C@@H]3OC(CO[C@@H]4OC(CO)[C@H](O)[C@H](O)C4O)[C@@H](O)[C@H](O)C3O)cc(O)c12,0.68,0.463,0.507,0.533,0.327,0.257,0.553,1
Malonyl-cis-shisonin,O=C(O)CC(=O)OC[C@H]1O[C@@H](Oc2cc(O)cc3[o+]c(-c4ccc(O)c(O)c4)c(O[C@@H]4O[C@H](COC(=O)C=Cc5ccc(O)cc5)[C@@H](O)[C@H](O)[C@H]4O)cc23)[C@H](O)[C@@H](O)[C@@H]1O,0.407,0.523,0.48,0.51,0.553,0.433,0.489,1
Pectolinarin,COc1ccc(-c2cc(=O)c3c(O)c(OC)c(O[C@@H]4O[C@H](CO[C@@H]5O[C@@H](C)[C@H](O)[C@@H](O)[C@H]5O)[C@@H](O)[C@H](O)[C@H]4O)cc3o2)cc1,0.717,0.577,0.59,0.483,0.47,0.45,0.536,1
Pedaliin,COc1cc2oc(-c3ccc(O)c(O)c3)cc(=O)c2c(O)c1O[C@@H]1O[C@H](CO)[C@@H](O)[C@H](O)[C@H]1O,0.737,0.547,0.627,0.58,0.48,0.447,0.457,1
Eriodictyol-7-O-glucoside,O=C1C[C@@H](c2ccc(O)c(O)c2)Oc2cc(O[C@@H]3O[C@H](CO)[C@@H](O)[C@H](O)[C@H]3O)cc(O)c21,0.205,0.324,0.317,0.287,0.357,0.357,0.579,1
Campestanol,CC(C)[C@H](C)CC[C@@H](C)[C@H]1CC[C@H]2[C@@H]3CC[C@H]4C[C@@H](O)CC[C@]4(C)[C@H]3CC[C@]12C,0.326,0.363,0.547,0.343,0.442,0.606,0.462,1
"threo-9,10-Dihydroxystearic acid",CCCCCCCC[C@@H](O)[C@H](O)CCCCCCCC(=O)O,0.23,0.23,0.33,0.22,0.353,0.347,0.415,1
Pseudosemiglabrin,CC(=O)O[C@H]1[C@H]2c3c(ccc4c(=O)cc(-c5ccccc5)oc34)O[C@H]2OC1(C)C,0.707,0.432,0.477,0.503,0.49,0.593,0.4,1
Kaempferol-3-O-glucosyl(1-2)rhamnoside,C[C@@H]1O[C@@H](Oc2c(-c3ccc(O)cc3)oc3cc(O)cc(O)c3c2=O)[C@H](O[C@@H]2O[C@H](CO)[C@@H](O)[C@H](O)[C@H]2O)[C@H](O)[C@H]1O,0.563,0.468,0.46,0.353,0.14,0.369,0.7,1
Semiglabrinol,CC1(C)O[C@@H]2Oc3ccc4c(=O)cc(-c5ccccc5)oc4c3[C@@H]2[C@H]1O,0.793,0.428,0.463,0.51,0.41,0.42,0.444,1
Cleomiscosin A,COc1cc([C@H]2Oc3c(OC)cc4ccc(=O)oc4c3O[C@@H]2CO)ccc1O,0.473,0.502,0.493,0.362,0.28,0.517,0.477,1
"3-Benzofurancarboxamide, 2,3-dihydro-2-(4-hydroxy-3-methoxyphenyl)-N-(2-(4-hydroxyphenyl)ethyl)-5-((1E)-3-((2-(4-hydroxyphenyl)ethyl)amino)-3-oxo-1-propenyl)-7-methoxy-, (2R,3R)-rel-",COc1cc([C@H]2Oc3c(OC)cc(/C=C/C(=O)NCCc4ccc(O)cc4)cc3[C@@H]2C(=O)NCCc2ccc(O)cc2)ccc1O,0.313,0.517,0.538,0.412,0.504,0.657,0.42,1
Ergotamine,CN1C[C@H](C(=O)N[C@]2(C)O[C@@]3(O)[C@@H]4CCCN4C(=O)[C@H](Cc4ccccc4)N3C2=O)C=C2c3cccc4[nH]cc(c34)C[C@H]21,0.423,0.637,0.54,0.524,0.94,0.624,0.714,1
"1-(2-Hydroxy-4,6-dimethoxy-3-methylphenyl)ethan-1-one",COc1cc(OC)c(C(C)=O)c(O)c1C,0.37,0.243,0.323,0.21,0.223,0.33,0.407,1
4-Methoxycinnamic acid,COc1ccc(/C=C/C(=O)O)cc1,0.3,0.323,0.41,0.343,0.358,0.587,0.553,1
"2',6'-Dihydroxy-4'-methoxyacetophenone",COc1cc(O)c(C(C)=O)c(O)c1,0.423,0.333,0.35,0.177,0.32,0.23,0.424,1
Heraclenol,CC(C)(O)[C@H](O)COc1c2occc2cc2ccc(=O)oc12,0.657,0.474,0.547,0.504,0.474,0.37,0.574,1
Scoparone,COc1cc2ccc(=O)oc2cc1OC,0.717,0.513,0.517,0.423,0.207,0.535,0.5,1
"(6beta,22E)-6-Hydroxystigmasta-4,22-dien-3-one",CCC(/C=C/C(C)C1CCC2C3CC(O)C4=CC(=O)CCC4(C)C3CCC12C)C(C)C,0.303,0.445,0.61,0.348,0.334,0.452,0.607,1
"5,2'-Dihydroxy-7,8,6'-trimethoxyflavanone",COc1cc(O)c2c(c1OC)OC(c1c(O)cccc1OC)CC2=O,0.367,0.492,0.376,0.292,0.407,0.613,0.407,1
"(2R,3R)-2-(4-hydroxy-3-methoxyphenyl)-3-(hydroxymethyl)-5-methoxy-2,3-dihydropyrano[3,2-h][1,4]benzodioxin-9-one",COc1cc([C@H]2Oc3c(c(OC)cc4ccc(=O)oc34)O[C@@H]2CO)ccc1O,0.473,0.502,0.493,0.362,0.28,0.517,0.477,1
Dtxsid10942442,CC1O[C@H](O[C@H]2CC[C@]3(C=O)C4CC[C@]5(C)[C@@H](c6ccc(=O)oc6)CC[C@]5(O)C4CC[C@]3(O)C2)C(O)C(O)[C@@H]1O,0.416,0.597,0.647,0.42,0.533,0.437,0.475,1
Demethylnobiletin,COc1ccc(-c2cc(=O)c3c(O)c(OC)c(OC)c(OC)c3o2)cc1OC,0.887,0.6,0.603,0.458,0.553,0.363,0.491,1
Lappaol C,COc1cc(C[C@H]2C(=O)OC[C@@H]2Cc2cc(OC)c(O)c(C(CO)C(O)c3ccc(O)c(OC)c3)c2)ccc1O,0.297,0.501,0.51,0.207,0.604,0.584,0.695,1
Penniclavine,CN1C[C@](O)(CO)C=C2c3cccc4[nH]cc(c34)C[C@H]21,0.51,0.577,0.573,0.69,0.637,0.594,0.493,1
beta-Sitosterol behenate,CCCCCCCCCCCCCCCCCCCCCC(=O)OC1CCC2(C)C(=CCC3C2CCC2(C)C(C(C)CCC(CC)C(C)C)CCC32)C1,0.407,0.443,0.523,0.34,0.362,0.697,0.662,1
Pseudosemiglabrinol,CC1(C)O[C@@H]2Oc3ccc4c(=O)cc(-c5ccccc5)oc4c3[C@@H]2[C@@H]1O,0.793,0.428,0.463,0.51,0.41,0.42,0.444,1
Bergamottin,CC(C)=CCCC(C)=CCOc1c2ccoc2cc2oc(=O)ccc12,0.71,0.717,0.643,0.673,0.913,0.21,0.695,1
Eupatorin,COc1ccc(-c2cc(=O)c3c(O)c(OC)c(OC)cc3o2)cc1O,0.93,0.74,0.696,0.63,0.723,0.527,0.529,1
Etioline,C[C@H]1CCC([C@@H](C)[C@H]2[C@H](O)C[C@H]3[C@@H]4CC=C5C[C@@H](O)CC[C@]5(C)[C@H]4CC[C@]23C)=NC1,0.317,0.433,0.55,0.447,0.445,0.511,0.44,1
(2S)-7-hydroxyflavanone,O=C1C[C@@H](c2ccccc2)Oc2cc(O)ccc21,0.467,0.463,0.307,0.389,0.475,0.477,0.533,1
gamma-Diasarone,CCC1c2c(OC)cc(OC)c(OC)c2C(c2cc(OC)c(OC)cc2OC)C1C,0.523,0.33,0.463,0.242,0.297,0.678,0.436,1
"Apigenin 7,4'-dimethyl ether",COc1ccc(-c2cc(=O)c3c(O)cc(OC)cc3o2)cc1,0.93,0.68,0.609,0.337,0.437,0.303,0.65,1
Lappaol E,COc1cc(C[C@H]2C(=O)OC[C@@H]2Cc2ccc(OC(CO)C(O)c3ccc(O)c(OC)c3)c(OC)c2)ccc1O,0.275,0.489,0.51,0.193,0.51,0.597,0.633,1
Isosinensetin,COc1ccc(-c2cc(=O)c3c(OC)cc(OC)c(OC)c3o2)cc1OC,0.913,0.557,0.613,0.46,0.507,0.63,0.532,1
Tetrahydropalmatine,COc1cc2c(cc1OC)[C@@H]1Cc3ccc(OC)c(OC)c3CN1CC2,0.323,0.357,0.38,0.323,0.433,0.637,0.466,1
4-Methoxybenzoic acid,COc1ccc(C(=O)O)cc1,0.183,0.083,0.153,0.093,0.212,0.513,0.462,1
Esculetin,O=c1ccc2cc(O)c(O)cc2o1,0.722,0.513,0.463,0.337,0.293,0.245,0.444,1
luteolin 7-O-beta-d-glucopyranoside,O=c1cc(-c2ccc(O)c(O)c2)oc2cc(O[C@@H]3O[C@H](CO)[C@H](O)[C@@H](O)[C@H]3O)cc(O)c12,0.7,0.45,0.503,0.533,0.32,0.217,0.556,1
Prunin,O=C1C[C@@H](c2ccc(O)cc2)Oc2cc(O[C@@H]3O[C@H](CO)[C@@H](O)[C@H](O)[C@H]3O)cc(O)c21,0.285,0.369,0.343,0.341,0.388,0.333,0.508,1
3-O-Methylquercetin,COc1c(-c2ccc(O)c(O)c2)oc2cc(O)cc(O)c2c1=O,0.93,0.456,0.43,0.407,0.12,0.203,0.81,1
Scopoletin,COc1cc2ccc(=O)oc2cc1O,0.737,0.533,0.507,0.37,0.25,0.375,0.439,1
1-Hydroxy-2-methylanthraquinone,Cc1ccc2c(c1O)C(=O)c1ccccc1C2=O,0.603,0.447,0.45,0.277,0.364,0.483,0.41,1
Citropten,COc1cc(OC)c2ccc(=O)oc2c1,0.813,0.617,0.637,0.54,0.47,0.618,0.422,1
Volkensiflavone,O=C1c2c(O)cc(O)cc2O[C@H](c2ccc(O)cc2)[C@H]1c1c(O)cc(O)c2c(=O)cc(-c3ccc(O)cc3)oc12,0.667,0.531,0.373,0.43,0.495,0.377,0.464,1
Indole-3-acetic acid,O=C(O)Cc1c[nH]c2ccccc12,0.57,0.377,0.467,0.417,0.64,0.547,0.417,1
Spiraeoside,O=c1c(O)c(-c2ccc(O[C@@H]3O[C@H](CO)[C@@H](O)[C@H](O)[C@H]3O)c(O)c2)oc2cc(O)cc(O)c12,0.687,0.34,0.408,0.493,0.27,0.417,0.603,1
Myricetin 3-galactoside,O=c1c(O[C@@H]2O[C@H](CO)[C@H](O)[C@H](O)[C@H]2O)c(-c2cc(O)c(O)c(O)c2)oc2cc(O)cc(O)c12,0.657,0.375,0.487,0.47,0.217,0.363,0.623,1
24-Ethyllathosterol,CCC(CC[C@@H](C)[C@H]1CC[C@H]2C3=CC[C@H]4C[C@@H](O)CC[C@]4(C)[C@H]3CC[C@]12C)C(C)C,0.363,0.393,0.478,0.394,0.39,0.496,0.522,1
Einecs 230-008-1,COC1=C[C@H]2C3=C([C@H]2C1=O)[C@H](NC(C)=O)CCc1cc(OC)c(OC)c(OC)c13,0.527,0.423,0.44,0.38,0.463,0.433,0.562,1
Diosmetin 7-O-beta-D-glucopyranoside,COc1ccc(-c2cc(=O)c3c(O)cc(O[C@@H]4O[C@H](CO)[C@@H](O)[C@H](O)[C@H]4O)cc3o2)cc1O,0.717,0.477,0.47,0.502,0.372,0.387,0.44,1
Sparteine,C1CCN2C[C@@H]3C[C@@H](CN4CCCC[C@@H]34)[C@H]2C1,0.2,0.097,0.343,0.063,0.3,0.552,1.0,1
Isorhoifolin,C[C@@H]1O[C@@H](OC[C@H]2O[C@@H](Oc3cc(O)c4c(=O)cc(-c5ccc(O)cc5)oc4c3)[C@H](O)[C@@H](O)[C@@H]2O)[C@H](O)[C@H](O)[C@H]1O,0.687,0.53,0.508,0.377,0.323,0.312,0.595,1
Kaempferol 3-glucuronide,O=C(O)[C@H]1O[C@@H](Oc2c(-c3ccc(O)cc3)oc3cc(O)cc(O)c3c2=O)[C@H](O)[C@@H](O)[C@@H]1O,0.613,0.473,0.443,0.307,0.316,0.26,0.652,1
Gingerol,CCCCC[C@H](O)CC(=O)CCc1ccc(O)c(OC)c1,0.043,0.337,0.3,0.02,0.137,0.62,0.585,1
Leucocianidol,Oc1cc(O)c2c(c1)O[C@H](c1ccc(O)c(O)c1)[C@@H](O)[C@H]2O,0.39,0.501,0.607,0.397,0.373,0.387,0.429,1
Fucosterol,C/C=C(/CC[C@@H](C)[C@H]1CC[C@H]2[C@@H]3CC=C4C[C@@H](O)CC[C@]4(C)[C@H]3CC[C@]12C)C(C)C,0.313,0.417,0.527,0.24,0.321,0.633,0.705,1
quercetin 3-O-glucuronide,O=C(O)[C@H]1O[C@@H](Oc2c(-c3ccc(O)c(O)c3)oc3cc(O)cc(O)c3c2=O)[C@H](O)[C@@H](O)[C@@H]1O,0.603,0.407,0.393,0.403,0.236,0.217,0.652,1
cis-Isoeugenol,CC=Cc1ccc(O)c(OC)c1,0.36,0.581,0.55,0.37,0.241,0.6,0.564,1
Isoeugenol,C/C=C/c1ccc(O)c(OC)c1,0.36,0.581,0.55,0.37,0.241,0.6,0.564,1
Odorosid B,CO[C@@H]1C[C@H](O[C@H]2CC[C@@]3(C)C(CC[C@@H]4[C@@H]3CC[C@]3(C)[C@@H](C5=CC(=O)OC5)CC[C@]43O)C2)O[C@H](C)[C@@H]1O,0.32,0.488,0.543,0.367,0.35,0.412,0.417,1
Somalin,CO[C@H]1C[C@H](O[C@H]2CC[C@@]3(C)[C@H](CC[C@@H]4[C@@H]3CC[C@]3(C)[C@@H](C5=CC(=O)OC5)CC[C@]43O)C2)O[C@H](C)[C@H]1O,0.32,0.488,0.543,0.367,0.35,0.412,0.417,1
Cynaroside,O=c1cc(-c2ccc(O)c(O)c2)oc2cc(O[C@@H]3O[C@H](CO)[C@@H](O)[C@H](O)[C@H]3O)cc(O)c12,0.7,0.45,0.503,0.533,0.32,0.217,0.556,1
Epigallocatechin gallate,O=C(O[C@@H]1Cc2c(O)cc(O)cc2O[C@@H]1c1cc(O)c(O)c(O)c1)c1cc(O)c(O)c(O)c1,0.397,0.414,0.367,0.327,0.42,0.873,0.483,1
(-)-Gallocatechin gallate,O=C(O[C@@H]1Cc2c(O)cc(O)cc2O[C@H]1c1cc(O)c(O)c(O)c1)c1cc(O)c(O)c(O)c1,0.397,0.414,0.367,0.327,0.42,0.873,0.483,1
Ephedrine,CN[C@@H](C)[C@H](O)c1ccccc1,0.403,0.23,0.4,0.763,0.196,0.453,0.486,1
Quinidine,C=C[C@H]1CN2CC[C@H]1C[C@@H]2[C@@H](O)c1ccnc2ccc(OC)cc12,0.403,0.45,0.463,0.973,0.197,0.559,1.0,1
Pseudoephedrine,CN[C@@H](C)[C@@H](O)c1ccccc1,0.403,0.23,0.4,0.763,0.196,0.453,0.486,1
Milk thistle,COc1cc([C@@H]2Oc3cc([C@H]4Oc5cc(O)cc(O)c5C(=O)[C@@H]4O)ccc3O[C@H]2CO)ccc1O,0.33,0.534,0.397,0.292,0.378,0.67,1.0,1
Isosilybin A,COc1cc([C@H]2Oc3ccc([C@H]4Oc5cc(O)cc(O)c5C(=O)[C@@H]4O)cc3O[C@@H]2CO)ccc1O,0.33,0.534,0.397,0.292,0.378,0.67,1.0,1
Silibinin,COc1cc([C@H]2Oc3cc([C@H]4Oc5cc(O)cc(O)c5C(=O)[C@@H]4O)ccc3O[C@@H]2CO)ccc1O,0.33,0.534,0.397,0.292,0.378,0.67,1.0,1
Isosilybin B,COc1cc([C@@H]2Oc3ccc([C@H]4Oc5cc(O)cc(O)c5C(=O)[C@@H]4O)cc3O[C@H]2CO)ccc1O,0.33,0.534,0.397,0.292,0.378,0.67,1.0,1
"(2S,3R)-3,5,7-trihydroxy-2-[(2R,3R)-2-(4-hydroxy-3-methoxyphenyl)-3-(hydroxymethyl)-2,3-dihydro-1,4-benzodioxin-6-yl]-2,3-dihydrochromen-4-one",COc1cc([C@H]2Oc3ccc([C@@H]4Oc5cc(O)cc(O)c5C(=O)[C@@H]4O)cc3O[C@@H]2CO)ccc1O,0.33,0.534,0.397,0.292,0.378,0.67,1.0,1
"(2S)-2-[(2S,3R)-2-(hydroxymethyl)-3-(3-methoxy-4-oxidanyl-phenyl)-2,3-dihydro-1,4-benzodioxin-6-yl]-3,5,7-tris(oxidanyl)-2,3-dihydrochromen-4-one",COc1cc([C@H]2Oc3cc([C@@H]4Oc5cc(O)cc(O)c5C(=O)C4O)ccc3O[C@H]2CO)ccc1O,0.33,0.534,0.397,0.292,0.378,0.67,1.0,1
Apigenin-7-o-glucuronide,O=C(O)[C@H]1O[C@H](Oc2cc(O)c3c(=O)cc(-c4ccc(O)cc4)oc3c2)[C@H](O)[C@@H](O)[C@@H]1O,0.683,0.573,0.47,0.387,0.437,0.167,0.538,1
Apigenin 7-glucuronide,O=C(O)[C@H]1O[C@@H](Oc2cc(O)c3c(=O)cc(-c4ccc(O)cc4)oc3c2)[C@H](O)[C@@H](O)[C@@H]1O,0.683,0.573,0.47,0.387,0.437,0.167,0.538,1
Beaumontoside,CO[C@H]1C[C@H](O[C@H]2CC[C@@]3(C)[C@H](CC[C@@H]4[C@@H]3CC[C@]3(C)[C@@H](C5=CC(=O)OC5)CC[C@]43O)C2)O[C@@H](C)[C@@H]1O,0.32,0.488,0.543,0.367,0.35,0.412,0.417,1
Methyl cinnamate,COC(=O)/C=C/c1ccccc1,0.68,0.317,0.367,0.284,0.341,0.57,0.593,1
Odoroside A,CO[C@@H]1C[C@H](O[C@H]2CC[C@@]3(C)[C@H](CC[C@@H]4[C@@H]3CC[C@]3(C)[C@@H](C5=CC(=O)OC5)CC[C@]43O)C2)O[C@H](C)[C@@H]1O,0.32,0.488,0.543,0.367,0.35,0.412,0.417,1
Avicularin,O=c1c(O[C@@H]2O[C@@H](CO)[C@H](O)[C@H]2O)c(-c2ccc(O)c(O)c2)oc2cc(O)cc(O)c12,0.673,0.381,0.437,0.667,0.153,0.267,0.738,1
Quercetin 3-xyloside,O=c1c(O[C@@H]2O[C@H](CO)[C@H](O)[C@H]2O)c(-c2ccc(O)c(O)c2)oc2cc(O)cc(O)c12,0.673,0.381,0.437,0.667,0.153,0.267,0.738,1
Tilianin,COc1ccc(-c2cc(=O)c3c(O)cc(O[C@@H]4O[C@H](CO)[C@@H](O)[C@H](O)[C@H]4O)cc3o2)cc1,0.727,0.53,0.527,0.48,0.342,0.337,0.448,1
Acacetin-7-O-beta-D-galactopyranoside,COc1ccc(-c2cc(=O)c3c(O)cc(O[C@@H]4O[C@H](CO)[C@H](O)[C@H](O)[C@H]4O)cc3o2)cc1,0.727,0.53,0.527,0.48,0.342,0.337,0.448,1
isorhamnetin-3-O-glucoside,COc1cc(-c2oc3cc(O)cc(O)c3c(=O)c2O[C@@H]2O[C@H](CO)[C@@H](O)[C@H](O)[C@H]2O)ccc1O,0.66,0.512,0.49,0.563,0.13,0.433,0.783,1
Cacticin,COc1cc(-c2oc3cc(O)cc(O)c3c(=O)c2O[C@@H]2O[C@H](CO)[C@H](O)[C@H](O)[C@H]2O)ccc1O,0.66,0.512,0.49,0.563,0.13,0.433,0.783,1
Ergometrine,C[C@@H](CO)NC(=O)[C@@H]1C=C2c3cccc4[nH]cc(c34)C[C@H]2N(C)C1,0.404,0.548,0.527,0.717,0.635,0.548,0.806,1
Sophoraflavonoloside,O=c1c(O[C@@H]2O[C@H](CO)[C@@H](O)[C@H](O)[C@H]2O[C@@H]2O[C@H](CO)[C@@H](O)[C@H](O)[C@H]2O)c(-c2ccc(O)cc2)oc2cc(O)cc(O)c12,0.6,0.461,0.47,0.477,0.273,0.343,0.622,1
Kaempferol 3-O-beta-D-glucosylgalactoside,O=c1c(O[C@@H]2O[C@H](CO)[C@H](O)[C@H](O)[C@H]2O[C@@H]2O[C@H](CO)[C@@H](O)[C@H](O)[C@H]2O)c(-c2ccc(O)cc2)oc2cc(O)cc(O)c12,0.6,0.461,0.47,0.477,0.273,0.343,0.622,1
Camelliaside C,O=c1c(O[C@@H]2O[C@H](CO)[C@@H](O)[C@H](O)[C@H]2O[C@@H]2O[C@H](CO)[C@H](O)[C@H](O)[C@H]2O)c(-c2ccc(O)cc2)oc2cc(O)cc(O)c12,0.6,0.461,0.47,0.477,0.273,0.343,0.622,1
Isorhamnetin 3-glucoside,COc1cc(-c2oc3cc(O)cc(O)c3c(=O)c2O[C@H]2O[C@H](CO)[C@@H](O)C(O)C2O)ccc1O,0.66,0.512,0.49,0.563,0.13,0.433,0.783,1
Ergometrinine,C[C@@H](CO)NC(=O)[C@H]1C=C2c3cccc4[nH]cc(c34)C[C@H]2N(C)C1,0.404,0.548,0.527,0.717,0.635,0.548,0.806,1
cis-Anethole,CC=Cc1ccc(OC)cc1,0.5,0.363,0.659,0.377,0.381,0.587,0.571,1
Anethole,C/C=C/c1ccc(OC)cc1,0.5,0.363,0.659,0.377,0.381,0.587,0.571,1
"(1'beta)-10,11-Dimethoxytubulosan-8'-ol",CC[C@H]1CN2CCc3cc(OC)c(OC)cc3[C@@H]2C[C@@H]1C[C@@H]1NCCc2c1[nH]c1ccc(O)cc21,0.39,0.387,0.403,0.341,0.539,0.448,0.434,1
Tubulosine,CC[C@H]1CN2CCc3cc(OC)c(OC)cc3[C@@H]2C[C@@H]1C[C@H]1NCCc2c1[nH]c1ccc(O)cc21,0.39,0.387,0.403,0.341,0.539,0.448,0.434,1
"(3S,8S,9S,10R,13S,14S,17R)-3-hydroxy-17-[(2S,6S)-7-hydroxy-6-methyl-3-oxoheptan-2-yl]-10,13-dimethyl-1,2,3,4,7,8,9,11,12,14,15,17-dodecahydrocyclopenta[a]phenanthren-16-one",C[C@H](CO)CCC(=O)[C@@H](C)[C@H]1C(=O)C[C@H]2[C@@H]3CC=C4C[C@@H](O)CC[C@]4(C)[C@H]3CC[C@]12C,0.347,0.395,0.493,0.353,0.485,0.567,0.473,1
Cryptogenin,C[C@@H](CO)CCC(=O)[C@@H](C)[C@H]1C(=O)C[C@H]2[C@@H]3CC=C4C[C@@H](O)CC[C@]4(C)[C@H]3CC[C@]12C,0.347,0.395,0.493,0.353,0.485,0.567,0.473,1
Ferulic acid,COc1cc(/C=C/C(=O)O)ccc1O,0.197,0.574,0.42,0.487,0.228,0.733,0.667,1
cis-Ferulic acid,COc1cc(C=CC(=O)O)ccc1O,0.197,0.574,0.42,0.487,0.228,0.733,0.667,1
Beaumontia grandiflora,CO[C@@H]1C[C@H](O[C@H]2CC[C@@]3(C)[C@H](CC[C@@H]4[C@@H]3CC[C@]3(C)[C@@H](C5=CC(=O)OC5)CC[C@]43O)C2)O[C@@H](C)[C@@H]1O,0.32,0.488,0.543,0.367,0.35,0.412,0.417,1
"4-[(3R,3aS,6R,6aS)-3-(4-hydroxy-3-methoxyphenyl)-1,3,3a,4,6,6a-hexahydrofuro[3,4-c]furan-6-yl]-2,6-dimethoxyphenol",COc1cc([C@@H]2OC[C@@H]3[C@H]2CO[C@H]3c2cc(OC)c(O)c(OC)c2)ccc1O,0.36,0.527,0.628,0.133,0.103,0.456,0.434,1
(Z)-Methyl cinnamate,COC(=O)C=Cc1ccccc1,0.68,0.317,0.367,0.284,0.341,0.57,0.593,1
Lysergamide,CN1C[C@H](C(N)=O)C=C2c3cccc4[nH]cc(c34)C[C@H]21,0.51,0.585,0.563,0.603,0.667,0.532,0.672,1
Quinine,C=C[C@H]1CN2CC[C@H]1C[C@H]2[C@H](O)c1ccnc2ccc(OC)cc12,0.403,0.45,0.463,0.973,0.197,0.559,1.0,1
Epiquinine,C=C[C@H]1CN2CC[C@H]1C[C@H]2[C@@H](O)c1ccnc2ccc(OC)cc12,0.403,0.45,0.463,0.973,0.197,0.559,1.0,1
Myricetin 3-O-glucoside,O=c1c(OC2O[C@H](CO)[C@@H](O)[C@H](O)[C@H]2O)c(-c2cc(O)c(O)c(O)c2)oc2cc(O)cc(O)c12,0.657,0.375,0.487,0.47,0.217,0.363,0.623,1
(-)-Catechin gallate,O=C(O[C@@H]1Cc2c(O)cc(O)cc2O[C@H]1c1ccc(O)c(O)c1)c1cc(O)c(O)c(O)c1,0.39,0.461,0.411,0.377,0.387,0.813,0.424,1
(+)-epicatechin-3-O-gallate,O=C(O[C@H]1Cc2c(O)cc(O)cc2O[C@H]1c1ccc(O)c(O)c1)c1cc(O)c(O)c(O)c1,0.39,0.461,0.411,0.377,0.387,0.813,0.424,1
(+)-Sparteine,C1CCN2C[C@H]3C[C@H](CN4CCCC[C@@H]34)[C@H]2C1,0.2,0.097,0.343,0.063,0.3,0.552,1.0,1
alpha-Isosparteine,C1CCN2C[C@@H]3C[C@H](CN4CCCC[C@@H]34)[C@@H]2C1,0.2,0.097,0.343,0.063,0.3,0.552,1.0,1
Genisteine,C1CCN2C[C@@H]3C[C@@H](CN4CCCC[C@H]34)[C@H]2C1,0.2,0.097,0.343,0.063,0.3,0.552,1.0,1
(-)-Epicatechin gallate,O=C(O[C@@H]1Cc2c(O)cc(O)cc2O[C@@H]1c1ccc(O)c(O)c1)c1cc(O)c(O)c(O)c1,0.39,0.461,0.411,0.377,0.387,0.813,0.424,1
"Stigmast-7-en-3-ol, (3beta,5alpha)-",CCC(CCC(C)C1CCC2C3=CC[C@H]4C[C@@H](O)CCC4(C)C3CCC21C)C(C)C,0.363,0.393,0.478,0.394,0.39,0.496,0.522,1
24-Ethyl-5alpha-cholest-7-en-3beta-ol,CC[C@@H](CC[C@@H](C)[C@H]1CCC2C3=CC[C@H]4C[C@@H](O)CC[C@]4(C)C3CC[C@@]21C)C(C)C,0.363,0.393,0.478,0.394,0.39,0.496,0.522,1
Stigmast-7-enol,CC[C@@H](CC[C@@H](C)[C@H]1CC[C@H]2C3=CCC4C[C@@H](O)CC[C@]4(C)[C@H]3CC[C@]12C)C(C)C,0.363,0.393,0.478,0.394,0.39,0.496,0.522,1
n-cis-Feruloyltyramine,COc1cc(C=CC(=O)NCCc2ccc(O)cc2)ccc1O,0.23,0.614,0.447,0.403,0.567,0.703,0.66,1
Moupinamide,COc1cc(/C=C/C(=O)NCCc2ccc(O)cc2)ccc1O,0.23,0.614,0.447,0.403,0.567,0.703,0.66,1
Cinnamaldehyde,O=C/C=C/c1ccccc1,0.612,0.277,0.41,0.33,0.315,0.463,0.48,1
Stigmast-7-en-3-ol,CC[C@@H](CC[C@@H](C)[C@H]1CC[C@H]2C3=CCC4CC(O)CC[C@]4(C)[C@H]3CC[C@]12C)C(C)C,0.363,0.393,0.478,0.394,0.39,0.496,0.522,1
Quercetin-3-O-arabinoside,O=c1c(O[C@H]2OC[C@@H](O)[C@@H](O)[C@@H]2O)c(-c2ccc(O)c(O)c2)oc2cc(O)cc(O)c12,0.633,0.387,0.417,0.35,0.197,0.23,0.609,1
Quercetin-3-D-xyloside,O=c1c(OC2OC[C@@H](O)[C@H](O)[C@H]2O)c(-c2ccc(O)c(O)c2)oc2cc(O)cc(O)c12,0.633,0.387,0.417,0.35,0.197,0.23,0.609,1
Guaijaverin,O=c1c(O[C@@H]2OC[C@H](O)[C@H](O)[C@H]2O)c(-c2ccc(O)c(O)c2)oc2cc(O)cc(O)c12,0.633,0.387,0.417,0.35,0.197,0.23,0.609,1
"N-[(12S,16R)-3,4,5,14-tetramethoxy-13-oxo-10-tetracyclo[9.5.0.02,7.012,16]hexadeca-1(11),2,4,6,14-pentaenyl]acetamide",COC1=C[C@H]2C3=C(C(NC(C)=O)CCc4cc(OC)c(OC)c(OC)c43)[C@H]2C1=O,0.527,0.423,0.44,0.38,0.463,0.433,0.562,1
Lumicolchicine,COC1=C[C@@H]2C3=C([C@@H]2C1=O)[C@@H](NC(C)=O)CCc1cc(OC)c(OC)c(OC)c13,0.527,0.423,0.44,0.38,0.463,0.433,0.562,1
(Z)-Ethyl cinnamate,CCOC(=O)C=Cc1ccccc1,0.657,0.25,0.403,0.291,0.338,0.56,0.533,1
Isolysergic acid amide,CN1C[C@@H](C(N)=O)C=C2c3cccc4[nH]cc(c34)C[C@H]21,0.51,0.585,0.563,0.603,0.667,0.532,0.672,1
Afzelin,C[C@@H]1O[C@@H](Oc2c(-c3ccc(O)cc3)oc3cc(O)cc(O)c3c2=O)[C@H](O)[C@H](O)[C@H]1O,0.697,0.48,0.44,0.097,0.037,0.299,0.78,1
Isohinokinin,O=C1OC[C@H](Cc2ccc3c(c2)OCO3)[C@@H]1Cc1ccc2c(c1)OCO2,0.45,0.472,0.483,0.053,0.933,0.497,0.545,1
Hinokinin,O=C1OC[C@H](Cc2ccc3c(c2)OCO3)[C@H]1Cc1ccc2c(c1)OCO2,0.45,0.472,0.483,0.053,0.933,0.497,0.545,1
Caffeic acid,O=C(O)/C=C/c1ccc(O)c(O)c1,0.383,0.393,0.413,0.383,0.34,0.383,0.405,1
cis-Cinnamic acid,O=C(O)C=Cc1ccccc1,0.703,0.157,0.317,0.267,0.372,0.433,0.727,1
(24E)-24-N-Propylidenecholesterol,C/C=C(\CC[C@@H](C)[C@H]1CC[C@H]2[C@@H]3CC=C4C[C@@H](O)CC[C@]4(C)[C@H]3CC[C@]12C)C(C)C,0.313,0.417,0.527,0.24,0.321,0.633,0.705,1
"5,7-dihydroxy-2-(4-hydroxyphenyl)-3-((2R,3S,4S,5S,6R)-3,4,5-trihydroxy-6-methyltetrahydro-2H-pyran-2-yloxy)-4H-chromen-4-one",C[C@H]1O[C@H](Oc2c(-c3ccc(O)cc3)oc3cc(O)cc(O)c3c2=O)[C@@H](O)[C@@H](O)[C@@H]1O,0.697,0.48,0.44,0.097,0.037,0.299,0.78,1
Cinnamic acid,O=C(O)/C=C/c1ccccc1,0.703,0.157,0.317,0.267,0.372,0.433,0.727,1
(+)-Leucocyanidin,Oc1cc(O)c2c(c1)O[C@H](c1ccc(O)c(O)c1)[C@@H](O)[C@@H]2O,0.39,0.501,0.607,0.397,0.373,0.387,0.429,1
Taxifolin,O=C1c2c(O)cc(O)cc2O[C@H](c2ccc(O)c(O)c2)[C@H]1O,0.367,0.443,0.32,0.231,0.423,0.437,0.579,1
"(2r)-2-(3,4-Dihydroxyphenyl)-3,5,7-trihydroxy-2,3-dihydro-4h-chromen-4-one",O=C1c2c(O)cc(O)cc2O[C@H](c2ccc(O)c(O)c2)C1O,0.367,0.443,0.32,0.231,0.423,0.437,0.579,1
cis-p-Coumaric acid,O=C(O)C=Cc1ccc(O)cc1,0.367,0.603,0.363,0.537,0.657,0.257,0.481,1
4-Hydroxycinnamic acid,O=C(O)/C=C/c1ccc(O)cc1,0.367,0.603,0.363,0.537,0.657,0.257,0.481,1
Kaempferol-3-O-robinobioside,C[C@@H]1O[C@@H](OC[C@H]2O[C@@H](Oc3c(-c4ccc(O)cc4)oc4cc(O)cc(O)c4c3=O)[C@H](O)[C@@H](O)[C@H]2O)[C@H](O)[C@H](O)[C@H]1O,0.627,0.48,0.467,0.27,0.117,0.376,0.875,1
cis-Cinnamaldehyde,O=CC=Cc1ccccc1,0.612,0.277,0.41,0.33,0.315,0.463,0.48,1
Ethyl cinnamate,CCOC(=O)/C=C/c1ccccc1,0.657,0.25,0.403,0.291,0.338,0.56,0.533,1
Nicotiflorin,C[C@@H]1O[C@@H](OC[C@H]2O[C@@H](Oc3c(-c4ccc(O)cc4)oc4cc(O)cc(O)c4c3=O)[C@H](O)[C@@H](O)[C@@H]2O)[C@H](O)[C@H](O)[C@H]1O,0.627,0.48,0.467,0.27,0.117,0.376,0.875,1
beta-Asarone,CC=Cc1cc(OC)c(OC)cc1OC,0.473,0.253,0.446,0.103,0.117,0.63,1.0,1
alpha-Asarone,C/C=C/c1cc(OC)c(OC)cc1OC,0.473,0.253,0.446,0.103,0.117,0.63,1.0,1
allo-Yohimbine,COC(=O)[C@@H]1[C@H]2C[C@H]3c4[nH]c5ccccc5c4CCN3C[C@H]2CC[C@@H]1O,0.444,0.371,0.425,0.757,0.522,0.587,0.453,1
Pseudoyohimbine,COC(=O)[C@@H]1[C@H]2C[C@@H]3c4[nH]c5ccccc5c4CCN3C[C@@H]2CC[C@@H]1O,0.444,0.371,0.425,0.757,0.522,0.587,0.453,1
Isorauhimbine,COC(=O)[C@H]1[C@H]2C[C@@H]3c4[nH]c5ccccc5c4CCN3C[C@H]2CC[C@@H]1O,0.444,0.371,0.425,0.757,0.522,0.587,0.453,1
Yohimbine,COC(=O)[C@@H]1[C@H]2C[C@H]3c4[nH]c5ccccc5c4CCN3C[C@@H]2CC[C@@H]1O,0.444,0.371,0.425,0.757,0.522,0.587,0.453,1
Rauwolscine,COC(=O)[C@H]1[C@H]2C[C@H]3c4[nH]c5ccccc5c4CCN3C[C@H]2CC[C@@H]1O,0.444,0.371,0.425,0.757,0.522,0.587,0.453,1
Corynanthine,COC(=O)[C@H]1[C@H]2C[C@H]3c4[nH]c5ccccc5c4CCN3C[C@@H]2CC[C@@H]1O,0.444,0.371,0.425,0.757,0.522,0.587,0.453,1
beta-Yohimbine,COC(=O)[C@@H]1[C@H]2C[C@H]3c4[nH]c5ccccc5c4CCN3C[C@@H]2CC[C@H]1O,0.444,0.371,0.425,0.757,0.522,0.587,0.453,1
cis-Caffeic acid,O=C(O)C=Cc1ccc(O)c(O)c1,0.383,0.393,0.413,0.383,0.34,0.383,0.405,1
Homovanillic acid,COc1cc(CC(=O)O)ccc1O,0.3,0.353,0.373,0.137,0.228,0.53,0.468,1
Anabasine,c1cncc(C2CCCCN2)c1,0.38,0.283,0.413,0.476,0.368,0.607,0.576,1
Androstenedione,C[C@]12CCC(=O)C=C1CC[C@@H]1[C@@H]2CC[C@]2(C)C(=O)CC[C@@H]12,0.287,0.417,0.64,0.253,0.64,0.29,0.583,1
Fluorene,c1ccc2c(c1)Cc1ccccc1-2,0.39,0.387,0.594,0.657,0.517,0.463,0.421,1
Methyl isoeugenol,CC=Cc1ccc(OC)c(OC)c1,0.373,0.353,0.526,0.337,0.307,0.797,0.633,1
Gamma-nonalactone,CCCCCC1CCC(=O)O1,0.003,0.28,0.407,0.253,0.267,0.61,0.963,1
gamma-Heptalactone,CCCC1CCC(=O)O1,0.037,0.308,0.423,0.192,0.27,0.523,1.0,1
Mesitylene,Cc1cc(C)cc(C)c1,0.547,0.133,0.583,0.314,0.237,0.317,0.4,1
delta-Dodecalactone,CCCCCCCC1CCCC(=O)O1,0.05,0.3,0.397,0.273,0.402,0.648,0.806,1
"methyl (9R,10S,11R,12R,19R)-11-acetyloxy-12-ethyl-4-[(13S,15R,17R)-17-ethyl-17-hydroxy-13-methoxycarbonyl-1,11-diazatetracyclo[13.3.1.04,12.05,10]nonadeca-4(12),5,7,9-tetraen-13-yl]-10-hydroxy-5-metho",CC[C@@]1(O)C[C@@H]2CN(CCc3c([nH]c4ccccc34)[C@@](C(=O)OC)(c3cc4c(cc3OC)N(C)[C@@H]3C45CCN4CC=C[C@](CC)([C@H]45)[C@@H](OC(C)=O)[C@]3(O)C(=O)OC)C2)C1,0.358,0.48,0.46,0.506,0.237,0.213,1.0,1
gamma-Dodecalactone,CCCCCCCCC1CCC(=O)O1,0.003,0.31,0.41,0.246,0.292,0.663,1.0,1
delta-Nonalactone,CCCCC1CCCC(=O)O1,0.083,0.27,0.407,0.267,0.37,0.513,0.688,1
Methyl vanillate,COC(=O)c1ccc(O)c(OC)c1,0.327,0.413,0.347,0.307,0.336,0.49,0.452,1
N'-Nitrosonornicotine,O=NN1CCCC1c1cccnc1,0.303,0.328,0.463,0.474,0.293,0.601,0.474,1
Canadine,COc1ccc2c(c1OC)CN1CCc3cc4c(cc3C1C2)OCO4,0.417,0.423,0.47,0.365,0.473,0.708,0.431,1
Dehydrocorydaline,COc1cc2c(cc1OC)-c1c(C)c3ccc(OC)c(OC)c3c[n+]1CC2,0.457,0.51,0.603,0.537,0.613,0.73,0.518,1
Neriifolin,CO[C@H]1[C@H](O)[C@H](O[C@H]2CC[C@@]3(C)[C@H](CC[C@@H]4[C@@H]3CC[C@]3(C)[C@@H](C5=CC(=O)OC5)CC[C@]43O)C2)O[C@@H](C)[C@@H]1O,0.323,0.467,0.547,0.327,0.353,0.379,0.422,1
Psychotrine dihydrogen oxalate,CC[C@H]1CN2CCc3cc(OC)c(OC)cc3[C@@H]2C[C@@H]1CC1=NCCc2cc(O)c(OC)cc21.O=C(O)C(=O)O,0.34,0.267,0.353,0.319,0.423,0.52,0.44,1
Berberine iodide,COc1ccc2cc3[n+](cc2c1OC)CCc1cc2c(cc1-3)OCO2.[I-],0.58,0.56,0.589,0.73,0.68,0.608,0.685,1
(-)-Catechin,Oc1cc(O)c2c(c1)O[C@@H](c1ccc(O)c(O)c1)[C@H](O)C2,0.373,0.434,0.451,0.357,0.362,0.597,0.479,1
Palmatine chloride,COc1cc2c(cc1OC)-c1cc3ccc(OC)c(OC)c3c[n+]1CC2.[Cl-],0.483,0.547,0.54,0.577,0.9,0.663,0.809,1
Sakuranetin,COc1cc(O)c2c(c1)O[C@H](c1ccc(O)cc1)CC2=O,0.425,0.404,0.367,0.253,0.508,0.313,0.795,1
Eriocitrin,C[C@@H]1O[C@@H](OC[C@H]2O[C@@H](Oc3cc(O)c4c(c3)O[C@H](c3ccc(O)c(O)c3)CC4=O)[C@H](O)[C@@H](O)[C@@H]2O)[C@H](O)[C@H](O)[C@H]1O,0.248,0.344,0.373,0.268,0.393,0.382,0.508,1
Farrerol,Cc1c(O)c(C)c2c(c1O)C(=O)CC(c1ccc(O)cc1)O2,0.287,0.443,0.422,0.303,0.503,0.36,0.434,1
Irehdiamine A,C[C@H](N)[C@H]1CC[C@H]2[C@@H]3CC=C4C[C@@H](N)CC[C@]4(C)[C@H]3CC[C@]12C,0.307,0.347,0.517,0.357,0.353,0.553,0.516,1
Oxosparteine,O=C1C2CC(CN3CCCCC23)C2CCCCN12,0.177,0.197,0.2,0.187,0.357,0.663,0.562,1
Allocryptopine,COc1ccc2c(c1OC)CN(C)CCc1cc3c(cc1C(=O)C2)OCO3,0.517,0.573,0.55,0.397,0.46,0.794,0.635,1
Nepitrin,COc1c(O[C@@H]2O[C@H](CO)[C@@H](O)[C@H](O)[C@H]2O)cc2oc(-c3ccc(O)c(O)c3)cc(=O)c2c1O,0.73,0.57,0.62,0.587,0.493,0.35,0.439,1
Heterotropan,COc1cc(OC)c(C2C(C)C(C)C2c2cc(OC)c(OC)cc2OC)cc1OC,0.507,0.227,0.481,0.137,0.063,0.637,1.0,1
Isogosferol,C=C(C)C(O)COc1c2occc2cc2ccc(=O)oc12,0.737,0.572,0.56,0.56,0.543,0.317,0.574,1
6-Prenylnaringenin,CC(C)=CCc1c(O)cc2c(c1O)C(=O)C[C@@H](c1ccc(O)cc1)O2,0.252,0.355,0.413,0.23,0.453,0.333,0.483,1
Kolaflavanone,COc1ccc([C@H]2Oc3c(c(O)cc(O)c3[C@H]3C(=O)c4c(O)cc(O)cc4O[C@@H]3c3ccc(O)cc3)C(=O)[C@@H]2O)cc1O,0.357,0.504,0.397,0.304,0.483,0.71,0.521,1
Dehydroevidiamine,C[n+]1c2n(c(=O)c3ccccc31)CCc1c-2[nH]c2ccccc12,0.84,0.43,0.319,0.371,0.466,0.625,0.475,1
Cirsimarin,COc1cc2oc(-c3ccc(O[C@@H]4O[C@H](CO)[C@@H](O)[C@H](O)[C@H]4O)cc3)cc(=O)c2c(O)c1OC,0.71,0.61,0.617,0.6,0.54,0.473,0.424,1
"4-[(3,3-Dimethyloxiran-2-yl)methoxy]furo[3,2-g]chromen-7-one",CC1(C)OC1COc1c2ccoc2cc2oc(=O)ccc12,0.697,0.64,0.597,0.617,0.61,0.492,0.529,1
"(3R,10S,16S,19S)-13,16-bis[(2S)-butan-2-yl]-10,11,14-trimethyl-3-(2-methylpropyl)-4-oxa-1,8,11,14,17-pentazabicyclo[17.3.0]docosane-2,5,9,12,15,18-hexone",CC[C@H](C)C1C(=O)N(C)[C@@H](C)C(=O)NCCC(=O)O[C@H](CC(C)C)C(=O)N2CCC[C@H]2C(=O)N[C@@H]([C@@H](C)CC)C(=O)N1C,0.256,0.36,0.405,0.27,0.533,0.727,0.469,1
Sedridine,C[C@H](O)C[C@@H]1CCCCN1,0.207,0.22,0.378,0.558,0.398,0.482,0.548,1
Campesterol,CC(C)[C@H](C)CC[C@@H](C)[C@H]1CC[C@H]2[C@@H]3CC=C4C[C@@H](O)CC[C@]4(C)[C@H]3CC[C@]12C,0.31,0.377,0.489,0.23,0.301,0.683,0.804,1
Benahorin,C=CC(C)(C)c1c2ccoc2c(OC)c2oc(=O)ccc12,0.75,0.75,0.813,0.753,0.71,0.345,0.479,1
Saxalin,CC(C)(Cl)C(O)COc1c2ccoc2cc2oc(=O)ccc12,0.61,0.566,0.527,0.623,0.617,0.348,0.6,1
Pseudocolumbamine,COc1cc2c(cc1O)-c1cc3cc(OC)c(OC)cc3c[n+]1CC2,0.413,0.438,0.483,0.433,0.473,0.603,0.673,1
Borrerine,CC(C)=CC1c2[nH]c3ccccc3c2CCN1C,0.482,0.473,0.423,0.497,0.548,0.633,0.413,1
Garhwalin,COc1cc2occc2c2occ(-c3ccc4c(c3)OCO4)c(=O)c12,0.7,0.523,0.44,0.283,0.502,0.62,0.435,1
n-[2-(1h-Indol-3-yl)ethyl]-n-methyl-2-(methylamino)benzamide,CNc1ccccc1C(=O)N(C)CCc1c[nH]c2ccccc12,0.503,0.573,0.6,0.537,0.682,0.59,0.403,1
Clionasterol,CC[C@@H](CC[C@@H](C)[C@H]1CC[C@H]2[C@@H]3CC=C4C[C@@H](O)CC[C@]4(C)[C@H]3CC[C@]12C)C(C)C,0.333,0.437,0.509,0.127,0.18,0.65,1.0,1
Khellactone,CC1(C)Oc2ccc3ccc(=O)oc3c2C(O)C1O,0.515,0.533,0.537,0.363,0.405,0.303,0.538,1
Malabaricone A,O=C(CCCCCCCCc1ccccc1)c1c(O)cccc1O,0.403,0.46,0.44,0.377,0.493,0.6,0.435,1
Exoticin,COc1cc(-c2oc3c(OC)c(OC)c(OC)c(OC)c3c(=O)c2OC)cc(OC)c1OC,0.783,0.48,0.56,0.327,0.4,0.39,0.469,1
Destruxin B,CCC(C)C1NC(=O)C2CCCN2C(=O)C(CC(C)C)OC(=O)CCNC(=O)C(C)N(C)C(=O)C(C(C)C)N(C)C1=O,0.259,0.373,0.478,0.267,0.57,0.733,0.495,1
7-Dehydrocholesterol,CC(C)CCC[C@@H](C)[C@H]1CC[C@H]2C3=CC=C4C[C@@H](O)CC[C@]4(C)[C@H]3CC[C@]12C,0.407,0.293,0.485,0.403,0.44,0.65,0.408,1
"24-Ethylcholesta-5,22-dien-3beta-ol",CCC(C=C[C@@H](C)[C@H]1CC[C@H]2[C@@H]3CC=C4C[C@@H](O)CC[C@]4(C)[C@H]3CC[C@]12C)C(C)C,0.317,0.403,0.519,0.363,0.362,0.595,0.667,1
Dihydrosamidin,CC(=O)O[C@@H]1c2c(ccc3ccc(=O)oc23)OC(C)(C)[C@@H]1OC(=O)CC(C)C,0.465,0.57,0.547,0.463,0.463,0.284,0.655,1
Samidin,CC(=O)O[C@@H]1c2c(ccc3ccc(=O)oc23)OC(C)(C)[C@@H]1OC(=O)C=C(C)C,0.482,0.497,0.48,0.38,0.425,0.297,0.709,1
Berberastine,COc1ccc2cc3[n+](cc2c1OC)CC(O)c1cc2c(cc1-3)OCO2,0.57,0.557,0.559,0.533,0.728,0.551,0.476,1
Lunamarine,COc1ccc2c(=O)cc(-c3ccc4c(c3)OCO4)n(C)c2c1,0.636,0.459,0.483,0.393,0.52,0.573,0.5,1
Irehine,C[C@@H]([C@H]1CC[C@H]2[C@@H]3CC=C4C[C@@H](O)CC[C@]4(C)[C@H]3CC[C@]12C)N(C)C,0.307,0.402,0.53,0.37,0.417,0.62,0.644,1
(-)-Coreximine,COc1cc2c(cc1O)CC1c3cc(O)c(OC)cc3CCN1C2,0.313,0.273,0.333,0.263,0.291,0.54,0.439,1
Derrustone,COc1cc(OC)c2c(=O)c(-c3ccc4c(c3)OCO4)coc2c1,0.68,0.543,0.514,0.347,0.576,0.563,0.467,1
"7,2',4'-Trimethoxyflavone",COc1ccc(-c2cc(=O)c3ccc(OC)cc3o2)c(OC)c1,0.837,0.467,0.51,0.501,0.498,0.66,0.533,1
Cinnamonitrile,N#C/C=C/c1ccccc1,0.64,0.367,0.665,0.528,0.418,0.4,0.407,1
Cholesteryl acetate,CC(=O)O[C@H]1CC[C@@]2(C)C(=CC[C@H]3[C@@H]4CC[C@H]([C@H](C)CCCC(C)C)[C@@]4(C)CC[C@@H]32)C1,0.3,0.36,0.517,0.3,0.39,0.66,0.543,1
"4H,8H-Benzo(1,2-b:3,4-b')dipyran-4-one, 2,3-dihydro-5-methoxy-8,8-dimethyl-2-phenyl-, (S)-",COc1cc2c(c3c1C(=O)C[C@@H](c1ccccc1)O3)C=CC(C)(C)O2,0.437,0.42,0.467,0.403,0.523,0.417,0.441,1
Palmatine iodide,COc1cc2c(cc1OC)-c1cc3ccc(OC)c(OC)c3c[n+]1CC2.[I-],0.487,0.547,0.54,0.56,0.833,0.637,0.809,1
"[(2R,3S,4S,5R,6S)-3,4,5-trihydroxy-6-(4-hydroxyphenoxy)oxan-2-yl]methyl 3,4,5-trihydroxybenzoate",O=C(OC[C@H]1O[C@@H](Oc2ccc(O)cc2)[C@H](O)[C@@H](O)[C@@H]1O)c1cc(O)c(O)c(O)c1,0.403,0.49,0.417,0.383,0.468,0.42,0.408,1
Angustoline,CC(O)c1cncc2c(=O)n3c(cc12)-c1[nH]c2ccccc2c1CC3,0.513,0.407,0.364,0.314,0.603,0.543,0.455,1
Angustidine,Cc1cc2cc3n(c(=O)c2cn1)CCc1c-3[nH]c2ccccc12,0.72,0.397,0.33,0.309,0.431,0.66,0.525,1
Psychotrin,CCC1CN2CCc3cc(OC)c(OC)cc3C2CC1CC1=NCCc2cc(O)c(OC)cc21,0.347,0.263,0.343,0.274,0.396,0.471,0.471,1
"2-Methyl-1,10-phenanthroline",Cc1ccc2ccc3cccnc3c2n1,0.62,0.38,0.552,0.369,0.387,0.467,0.448,1
Isopropyl cinnamate,CC(C)OC(=O)/C=C/c1ccccc1,0.433,0.19,0.333,0.257,0.399,0.543,0.533,1
Vitexin,O=c1cc(-c2ccc(O)cc2)oc2c([C@@H]3O[C@H](CO)[C@@H](O)[C@H](O)[C@H]3O)c(O)cc(O)c12,0.673,0.505,0.448,0.37,0.465,0.327,0.444,1
Pinosylvin,Oc1cc(O)cc(/C=C/c2ccccc2)c1,0.743,0.569,0.74,0.433,0.503,0.147,0.452,1
Quercetin-3-O-alpha-L-rhamnopyranoside,C[C@@H]1O[C@@H](Oc2c(-c3ccc(O)c(O)c3)oc3cc(O)cc(O)c3c2=O)[C@H](O)[C@H](O)[C@@H]1O,0.677,0.382,0.403,0.25,0.037,0.246,0.836,1
Sinapyl alcohol,COc1cc(/C=C/CO)cc(OC)c1O,0.49,0.367,0.61,0.203,0.243,0.383,0.447,1
Cosmosiin,O=c1cc(-c2ccc(O)cc2)oc2cc(O[C@@H]3O[C@H](CO)[C@@H](O)[C@H](O)[C@H]3O)cc(O)c12,0.72,0.523,0.495,0.46,0.363,0.253,0.538,1
Isoquercitrin,O=c1c(O[C@@H]2O[C@H](CO)[C@@H](O)[C@H](O)[C@H]2O)c(-c2ccc(O)c(O)c2)oc2cc(O)cc(O)c12,0.67,0.378,0.433,0.703,0.153,0.267,0.754,1
Vitamin P,CC1OC(OCC2OC(Oc3c(-c4ccc(O)c(O)c4)oc4cc(O)cc(O)c4c3=O)C(O)C(O)C2O)C(O)C(O)C1O,0.613,0.406,0.46,0.417,0.05,0.326,1.0,1
Capillarisin,COc1c(O)cc2oc(Oc3ccc(O)cc3)cc(=O)c2c1O,0.737,0.587,0.608,0.437,0.56,0.44,0.426,1
Azaleatin,COc1cc(O)cc2oc(-c3ccc(O)c(O)c3)c(O)c(=O)c12,0.953,0.346,0.347,0.26,0.22,0.357,0.739,1
Gentisein,O=c1c2cc(O)ccc2oc2cc(O)cc(O)c12,0.857,0.503,0.51,0.35,0.403,0.4,0.489,1
Myricitrin,C[C@@H]1O[C@@H](Oc2c(-c3cc(O)c(O)c(O)c3)oc3cc(O)cc(O)c3c2=O)[C@H](O)[C@H](O)[C@H]1O,0.663,0.412,0.47,0.18,0.117,0.356,0.692,1
Santin,COc1ccc(-c2oc3cc(O)c(OC)c(O)c3c(=O)c2OC)cc1,0.817,0.563,0.637,0.25,0.327,0.32,0.617,1
Scutellarein,O=c1cc(-c2ccc(O)cc2)oc2cc(O)c(O)c(O)c12,0.86,0.597,0.522,0.393,0.677,0.15,0.778,1
Carpacin,C/C=C/c1cc2c(cc1OC)OCO2,0.52,0.377,0.509,0.3,0.538,0.607,0.581,1
Surinamensin,C/C=C/c1ccc(O[C@H](C)[C@H](O)c2cc(OC)c(OC)c(OC)c2)c(OC)c1,0.347,0.463,0.456,0.493,0.435,0.737,0.468,1
Shisonin,O=C(/C=C/c1ccc(O)cc1)OC[C@H]1O[C@@H](Oc2cc3c(O[C@@H]4O[C@H](CO)[C@@H](O)[C@H](O)[C@H]4O)cc(O)cc3[o+]c2-c2ccc(O)c(O)c2)[C@H](O)[C@@H](O)[C@@H]1O,0.41,0.547,0.5,0.503,0.567,0.45,0.517,1
kaempferol 3-O-beta-L-glucopyranoside,O=c1c(O[C@H]2O[C@@H](CO)[C@H](O)[C@@H](O)[C@@H]2O)c(-c2ccc(O)cc2)oc2cc(O)cc(O)c12,0.687,0.428,0.473,0.523,0.237,0.34,0.701,1
Rhoifolin,C[C@@H]1O[C@@H](O[C@H]2[C@H](Oc3cc(O)c4c(=O)cc(-c5ccc(O)cc5)oc4c3)O[C@H](CO)[C@@H](O)[C@@H]2O)[C@H](O)[C@H](O)[C@H]1O,0.64,0.497,0.465,0.39,0.32,0.302,0.444,1
Quercimeritrin,O=c1c(O)c(-c2ccc(O)c(O)c2)oc2cc(O[C@@H]3O[C@H](CO)[C@@H](O)[C@H](O)[C@H]3O)cc(O)c12,0.643,0.358,0.391,0.472,0.248,0.267,0.562,1
4'''-Demalonylsalvianin,O=C(O)CC(=O)OC[C@H]1O[C@@H](Oc2cc(O)cc3[o+]c(-c4ccc(O)cc4)c(O[C@@H]4O[C@H](COC(=O)/C=C/c5ccc(O)c(O)c5)[C@@H](O)[C@H](O)[C@H]4O)cc23)[C@H](O)[C@@H](O)[C@@H]1O,0.407,0.493,0.5,0.51,0.517,0.467,0.478,1
24-Epiclerosterol,C=C(C)[C@H](CC)CC[C@@H](C)[C@H]1CC[C@H]2[C@@H]3CC=C4C[C@@H](O)CC[C@]4(C)[C@H]3CC[C@]12C,0.337,0.363,0.486,0.217,0.302,0.647,0.767,1
"1,3-Dihydroxy-4,5-dimethoxyxanthone",COc1cccc2c(=O)c3c(O)cc(O)c(OC)c3oc12,0.823,0.553,0.577,0.373,0.387,0.557,0.404,1
Pinostrobin chalcone,COc1cc(O)c(C(=O)/C=C/c2ccccc2)c(O)c1,0.693,0.387,0.43,0.488,0.533,0.253,0.538,1
Fortunellin,COc1ccc(-c2cc(=O)c3c(O)cc(O[C@@H]4O[C@H](CO)[C@@H](O)[C@H](O)[C@H]4O[C@@H]4O[C@@H](C)[C@H](O)[C@@H](O)[C@H]4O)cc3o2)cc1,0.633,0.51,0.493,0.41,0.352,0.368,0.433,1
Glycitein,COc1cc2c(=O)c(-c3ccc(O)cc3)coc2cc1O,0.697,0.58,0.423,0.377,0.511,0.667,0.519,1
"1-Hydroxy-2,3,4,7-tetramethoxyxanthone",COc1ccc2oc3c(OC)c(OC)c(OC)c(O)c3c(=O)c2c1,0.783,0.607,0.54,0.3,0.473,0.34,0.44,1
"1-Hydroxy-2,3,5-trimethoxyxanthen-9-one",COc1cc2oc3c(OC)cccc3c(=O)c2c(O)c1OC,0.84,0.652,0.643,0.418,0.423,0.513,0.418,1
Kushenol D,C=C(C)C(CC=C(C)C)Cc1c(O)cc(OC)c(C(=O)/C=C/c2ccc(O)cc2OC)c1O,0.417,0.48,0.513,0.48,0.567,0.26,0.493,1
Kaempferol 5-methyl ether,COc1cc(O)cc2oc(-c3ccc(O)cc3)c(O)c(=O)c12,0.943,0.436,0.443,0.376,0.343,0.397,0.674,1
"2'-Hydroxy-3,4,4',6'-tetramethoxychalcone",COc1cc(O)c(C(=O)/C=C/c2ccc(OC)c(OC)c2)c(OC)c1,0.43,0.493,0.42,0.595,0.503,0.46,0.635,1
"2'-Hydroxy-3,4,4',5,6'-pentamethoxychalcone",COc1cc(O)c(C(=O)/C=C/c2cc(OC)c(OC)c(OC)c2)c(OC)c1,0.523,0.503,0.55,0.433,0.51,0.47,0.585,1
"2',4'-Dihydroxychalcone",O=C(/C=C/c1ccccc1)c1ccc(O)cc1O,0.71,0.346,0.413,0.482,0.667,0.32,0.55,1
"2',4,4',6'-Tetramethoxychalcone",COc1ccc(/C=C/C(=O)c2c(OC)cc(OC)cc2OC)cc1,0.49,0.487,0.44,0.49,0.529,0.533,0.58,1
"5-hydroxy-2-(4-hydroxy-3-methoxyphenyl)-7-methoxy-3-[(2S,3R,4S,5S,6R)-3,4,5-trihydroxy-6-[[(2R,3R,4R,5R,6S)-3,4,5-trihydroxy-6-methyloxan-2-yl]oxymethyl]oxan-2-yl]oxychromen-4-one",COc1cc(O)c2c(=O)c(O[C@@H]3O[C@H](CO[C@@H]4O[C@@H](C)[C@H](O)[C@@H](O)[C@H]4O)[C@@H](O)[C@H](O)[C@H]3O)c(-c3ccc(O)c(OC)c3)oc2c1,0.6,0.533,0.56,0.38,0.163,0.359,0.899,1
Artepillin C,CC(C)=CCc1cc(/C=C/C(=O)O)cc(CC=C(C)C)c1O,0.323,0.33,0.387,0.253,0.285,0.3,0.415,1
"1,3,5,6-Tetrahydroxyxanthone",O=c1c2ccc(O)c(O)c2oc2cc(O)cc(O)c12,0.833,0.48,0.48,0.265,0.243,0.237,0.444,1
"1,3,5-Trihydroxy-6-methoxyxanthone",COc1ccc2c(=O)c3c(O)cc(O)cc3oc2c1O,0.853,0.473,0.5,0.33,0.327,0.45,0.592,1
"1,5,6-Trihydroxy-3,7-dimethoxyxanthone",COc1cc(O)c2c(=O)c3cc(OC)c(O)c(O)c3oc2c1,0.783,0.503,0.567,0.283,0.357,0.28,0.509,1
Narcissin,COc1cc(-c2oc3cc(O)cc(O)c3c(=O)c2O[C@@H]2O[C@H](CO[C@@H]3O[C@@H](C)[C@H](O)[C@@H](O)[C@H]3O)[C@@H](O)[C@H](O)[C@H]2O)ccc1O,0.603,0.536,0.51,0.38,0.043,0.469,1.0,1
Rhamnetin-3-O-neohesperidoside,COc1cc(O)c2c(=O)c(O[C@H]3O[C@@H](OC)[C@H](O[C@@H]4O[C@@H](C)[C@H](O)[C@@H](O)[C@H]4O)[C@@H](O)[C@@H]3O)c(-c3ccc(O)c(O)c3)oc2c1,0.563,0.459,0.513,0.327,0.218,0.241,0.645,1
Quercetin 3-sambubioside,O=c1c(O[C@@H]2O[C@H](CO)[C@@H](O)[C@H](O)[C@H]2O[C@@H]2OC[C@@H](O)[C@H](O)[C@H]2O)c(-c2ccc(O)c(O)c2)oc2cc(O)cc(O)c12,0.583,0.414,0.46,0.573,0.253,0.293,0.595,1
Luteolin-7-glucuronide,O=C(O)[C@H]1OC(Oc2cc(O)c3c(=O)cc(-c4ccc(O)c(O)c4)oc3c2)[C@H](O)[C@@H](O)[C@@H]1O,0.66,0.513,0.46,0.427,0.367,0.147,0.556,1
"1-Hydroxy-3,7-dimethoxyxanthone",COc1cc(O)c2c(=O)c3cc(OC)ccc3oc2c1,0.847,0.633,0.587,0.29,0.417,0.417,0.54,1
Rhamnetin 3-rhamnoside,COc1cc(O)c2c(=O)c(O[C@@H]3O[C@@H](C)[C@H](O)[C@@H](O)[C@H]3O)c(-c3ccc(O)c(O)c3)oc2c1,0.647,0.459,0.51,0.287,0.185,0.243,0.716,1
"4H-1-Benzopyran-4-one, 2-(4-(beta-D-glucopyranosyloxy)phenyl)-7-hydroxy-",O=c1cc(-c2ccc(O[C@@H]3O[C@H](CO)[C@@H](O)[C@H](O)[C@H]3O)cc2)oc2cc(O)ccc12,0.707,0.453,0.513,0.48,0.398,0.37,0.5,1
Kaempferol 4-O-glucoside,O=c1c(O)c(-c2ccc(OC3O[C@H](CO)[C@@H](O)[C@H](O)[C@H]3O)cc2)oc2cc(O)cc(O)c12,0.693,0.368,0.41,0.423,0.21,0.343,0.533,1
Peganetin,COc1ccc(-c2cc(=O)c3c(O)cc(OC4OC(COC5OC(CO)C(O)C(O)C5O)C(OC5OC(C)C(O)C(O)C5O)C(O)C4OC4OC(COC(C)=O)C(O)C(O)C4O)cc3o2)cc1,0.627,0.543,0.52,0.427,0.422,0.403,0.455,1
Milimorin,COc1ccc(-c2oc3cc(O)cc(O)c3c(=O)c2O)c(O)c1,0.87,0.433,0.5,0.283,0.222,0.393,0.638,1
Scutellarein 5-beta-D-glucuronoside,O=C(O)[C@H]1O[C@@H](Oc2c(O)c(O)cc3oc(-c4ccc(O)cc4)cc(=O)c23)[C@H](O)[C@@H](O)[C@@H]1O,0.68,0.533,0.51,0.417,0.53,0.23,0.456,1
"1,6-Dihydroxyxanthone",O=c1c2ccc(O)cc2oc2cccc(O)c12,0.8,0.587,0.523,0.397,0.432,0.473,0.452,1
"1,3,6-Trihydroxy-5-methoxyxanthone",COc1c(O)ccc2c(=O)c3c(O)cc(O)cc3oc12,0.867,0.55,0.593,0.38,0.3,0.337,0.574,1
"7-Hydroxy-2,3-dimethylchromone",Cc1oc2cc(O)ccc2c(=O)c1C,0.673,0.453,0.497,0.346,0.48,0.393,0.439,1
"Herbacetin 3,7,8-trimethyl ether",COc1cc(O)c2c(=O)c(OC)c(-c3ccc(O)cc3)oc2c1OC,0.85,0.61,0.59,0.533,0.357,0.367,0.652,1
Pedicin,COc1c(O)c(OC)c(C(=O)/C=C/c2ccccc2)c(O)c1OC,0.723,0.393,0.463,0.414,0.564,0.283,0.54,1
Rubone,COc1cc(O)c(C(=O)/C=C/c2cc(OC)c(OC)cc2OC)c(OC)c1,0.547,0.397,0.373,0.3,0.407,0.357,0.537,1
Derricidin,CC(C)=CCOc1ccc(C(=O)/C=C/c2ccccc2)c(O)c1,0.66,0.345,0.473,0.48,0.54,0.39,0.458,1
(Z)-5-(3-Hexenyl)dihydrofuran-2(3H)-one,CCC=CCCC1CCC(=O)O1,0.063,0.33,0.413,0.212,0.28,0.53,0.625,1
Derricin,COc1ccc(C(=O)/C=C/c2ccccc2)c(O)c1CC=C(C)C,0.697,0.393,0.504,0.494,0.477,0.37,0.706,1
"Kaempferol 3,7-diglucoside",O=c1c(O[C@@H]2O[C@H](CO)[C@@H](O)[C@H](O)[C@H]2O)c(-c2ccc(O)cc2)oc2cc(O[C@@H]3O[C@H](CO)[C@@H](O)[C@H](O)[C@H]3O)cc(O)c12,0.643,0.441,0.473,0.492,0.308,0.273,0.62,1
"Xanthone, 1-hydroxy-2,3,7-trimethoxy-",COc1ccc2oc3cc(OC)c(OC)c(O)c3c(=O)c2c1,0.81,0.687,0.627,0.415,0.538,0.583,0.446,1
(E)-2-Methoxy-4-(1-propenyl)phenyl isovalerate,C/C=C/c1ccc(OC(=O)CC(C)C)c(OC)c1,0.277,0.417,0.403,0.327,0.41,0.714,0.42,1
Intricatinol,COc1ccc(/C=C2\COc3c(ccc(O)c3O)C2=O)cc1,0.3,0.557,0.526,0.347,0.457,0.507,0.404,1
Syringalide B,COc1cc(/C=C/C(=O)O[C@H]2[C@H](O)[C@@H](O)[C@H](OCCc3ccc(O)cc3)O[C@@H]2CO)ccc1O,0.303,0.58,0.467,0.4,0.42,0.64,0.455,1
Longistylin C,COc1cc(O)cc(/C=C/c2ccccc2)c1CC=C(C)C,0.617,0.443,0.573,0.49,0.491,0.29,0.566,1
Gossypitrin,O=c1c(O)c(-c2ccc(O)c(O)c2)oc2c(O)c(O[C@@H]3O[C@H](CO)[C@@H](O)[C@H](O)[C@H]3O)cc(O)c12,0.66,0.421,0.445,0.45,0.322,0.443,0.468,1
Isorhamnetin 7-glucoside,COc1cc(-c2oc3cc(O[C@@H]4O[C@H](CO)[C@@H](O)[C@H](O)[C@H]4O)cc(O)c3c(=O)c2O)ccc1O,0.647,0.511,0.468,0.431,0.262,0.42,0.597,1
Pinocembrin chalcone,O=C(/C=C/c1ccccc1)c1c(O)cc(O)cc1O,0.677,0.353,0.363,0.412,0.517,0.203,0.516,1
"Stigmasta-5,22-dien-3beta-yl alpha-D-glucopyranoside",CC[C@H](/C=C/[C@@H](C)[C@H]1CC[C@H]2[C@@H]3CC=C4C[C@@H](O[C@H]5O[C@H](CO)[C@@H](O)[C@H](O)[C@H]5O)CC[C@]4(C)[C@H]3CC[C@]12C)C(C)C,0.337,0.403,0.465,0.42,0.398,0.583,0.452,1
"(2R,3R,4S,5S,6R)-2-[[(8S,9S,10R,13R,14S)-17-[(2R,5R)-5-ethyl-6-methylheptan-2-yl]-10,13-dimethyl-2,3,4,7,8,9,11,12,14,15,16,17-dodecahydro-1H-cyclopenta[a]phenanthren-3-yl]oxy]-6-(hydroxymethyl)oxane-",CC[C@H](CC[C@@H](C)C1CC[C@H]2[C@@H]3CC=C4CC(O[C@@H]5O[C@H](CO)[C@@H](O)[C@H](O)[C@H]5O)CC[C@]4(C)[C@H]3CC[C@]12C)C(C)C,0.34,0.42,0.445,0.257,0.315,0.595,0.658,1
Stigmastane,CC[C@H](CC[C@@H](C)[C@H]1CC[C@H]2[C@@H]3CCC4CCCC[C@]4(C)[C@H]3CC[C@]12C)C(C)C,0.43,0.446,0.468,0.439,0.427,0.523,0.524,1
Javlor,CC[C@]12C=CCN3CC[C@@]4(c5cc([C@@]6(C(=O)OC)C[C@H]7C[C@@H](C(C)(F)F)CN(Cc8c6[nH]c6ccccc86)C7)c(OC)cc5N(C)[C@H]4[C@@](O)(C(=O)OC)[C@@H]1OC(C)=O)[C@@H]32,0.35,0.503,0.55,0.49,0.503,0.354,0.773,1
Mearnsitrin,COc1c(O)cc(-c2oc3cc(O)cc(O)c3c(=O)c2O[C@@H]2O[C@@H](C)[C@H](O)[C@@H](O)[C@H]2O)cc1O,0.663,0.435,0.49,0.247,0.13,0.393,0.672,1
Holaphylline,CN[C@H]1CC[C@@]2(C)C(=CC[C@H]3[C@@H]4CC[C@H](C(C)=O)[C@@]4(C)CC[C@@H]32)C1,0.277,0.347,0.61,0.376,0.442,0.443,0.406,1
(7R)-7-Hydroxylariciresinol,COc1cc([C@H]2OC[C@H]([C@@H](O)c3ccc(O)c(OC)c3)[C@@H]2CO)ccc1O,0.317,0.479,0.571,0.093,0.096,0.541,0.433,1
Neolitsine,CN1CCc2cc3c(c4c2[C@@H]1Cc1cc2c(cc1-4)OCO2)OCO3,0.46,0.317,0.469,0.397,0.392,0.66,0.426,1
"2-(4-Allyl-2,6-dimethoxyphenoxy)-1-(3,4-methylenedioxyphenyl)-1-propanol",C=CCc1cc(OC)c(OC(C)C(O)c2ccc3c(c2)OCO3)c(OC)c1,0.42,0.52,0.557,0.437,0.622,0.602,0.443,1
"(6R,7R,8S)-8-(4-hydroxy-3-methoxyphenyl)-6,7-bis(hydroxymethyl)-1,3-dimethoxy-5,6,7,8-tetrahydronaphthalen-2-ol",COc1cc([C@H]2c3c(cc(OC)c(O)c3OC)C[C@@H](CO)[C@@H]2CO)ccc1O,0.38,0.535,0.574,0.196,0.247,0.573,0.706,1
Luteolin 3'-o-glucuronide,O=C(O)[C@H]1O[C@@H](Oc2cc(-c3cc(=O)c4c(O)cc(O)cc4o3)ccc2O)[C@H](O)[C@@H](O)[C@@H]1O,0.707,0.574,0.477,0.397,0.347,0.287,0.536,1
"2'-Hydroxy-2,3,4',6'-tetramethoxychalcone",COc1cc(O)c(C(=O)/C=C/c2cccc(OC)c2OC)c(OC)c1,0.743,0.507,0.513,0.44,0.557,0.35,0.517,1
Flavoplatycoside,C[C@@H]1O[C@@H](OC[C@H]2O[C@@H](Oc3cc(O)c4c(c3)O[C@H](c3ccc(O)c(O)c3)[C@@H](O)C4=O)[C@H](O)[C@@H](O)[C@@H]2O)[C@H](O)[C@H](O)[C@H]1O,0.357,0.5,0.44,0.343,0.41,0.497,0.488,1
"2',4'-Dihydroxy-6'-methoxy-3',5'-dimethylchalcone",COc1c(C)c(O)c(C)c(O)c1C(=O)/C=C/c1ccccc1,0.623,0.457,0.463,0.434,0.517,0.182,0.509,1
1-Hydroxyrutaecarpine,O=c1c2cccc(O)c2nc2n1CCc1c-2[nH]c2ccccc12,0.887,0.48,0.33,0.349,0.461,0.645,0.593,1
"2',6'-Dihydroxychalcone",O=C(/C=C/c1ccccc1)c1c(O)cccc1O,0.71,0.347,0.4,0.381,0.522,0.293,0.552,1
Dihydrosesamin,OC[C@H]1[C@@H](Cc2ccc3c(c2)OCO3)CO[C@@H]1c1ccc2c(c1)OCO2,0.487,0.469,0.53,0.229,0.72,0.507,0.63,1
Hydroxymatairesinol,COc1cc(C[C@H]2C(=O)OC[C@@H]2[C@H](O)c2ccc(O)c(OC)c2)ccc1O,0.278,0.495,0.553,0.17,0.494,0.554,0.63,1
Methyl (E)-2-octenoate,CCCCCC=CC(=O)OC,0.463,0.302,0.367,0.232,0.335,0.473,0.413,1
Desmodol,Cc1c2c(c3oc(-c4ccc(O)c(O)c4)cc(=O)c3c1O)C=CC(C)(C)O2,0.767,0.5,0.54,0.414,0.45,0.307,0.421,1
Glabone,COc1ccc(-c2cc(=O)c3cc4ccoc4cc3o2)cc1,0.85,0.58,0.53,0.447,0.58,0.3,0.587,1
(+)-Lyoniresinol,COc1cc([C@H]2c3c(cc(OC)c(O)c3OC)C[C@@H](CO)[C@@H]2CO)cc(OC)c1O,0.407,0.435,0.507,0.26,0.257,0.593,0.547,1
Holaphyllamine,CC(=O)[C@H]1CC[C@H]2[C@@H]3CC=C4C[C@@H](N)CC[C@]4(C)[C@H]3CC[C@]12C,0.33,0.317,0.64,0.359,0.418,0.437,0.418,1
"1,3,5-Trimethoxyxanthone",COc1cc(OC)c2c(=O)c3cccc(OC)c3oc2c1,0.85,0.562,0.59,0.357,0.447,0.507,0.449,1
Monardaein,O=C(O)CC(=O)OC[C@H]1O[C@@H](Oc2cc(O)cc3[o+]c(-c4ccc(O)cc4)c(O[C@@H]4O[C@H](COC(=O)/C=C/c5ccc(O)cc5)[C@@H](O)[C@H](O)[C@H]4O)cc23)[C@H](O)[C@@H](O)[C@@H]1OC(=O)CC(=O)O,0.433,0.533,0.541,0.46,0.527,0.47,0.463,1
Oleoresin tumeric,COc1cc(/C=C/C(=O)CC(=O)/C=C/c2ccc(O)c(OC)c2)ccc1O.COc1cc(/C=C/C(=O)CC(=O)/C=C/c2ccc(O)cc2)ccc1O.O=C(/C=C/c1ccc(O)cc1)CC(=O)/C=C/c1ccc(O)cc1,0.207,0.787,0.493,0.333,0.45,0.897,1.0,1
"3-[4,5-Dihydroxy-6-(hydroxymethyl)-3-[3,4,5-trihydroxy-6-(hydroxymethyl)oxan-2-yl]oxyoxan-2-yl]oxy-5-hydroxy-2-(4-hydroxy-3-methoxyphenyl)-7-[3,4,5-trihydroxy-6-(hydroxymethyl)oxan-2-yl]oxychromen-4-o",COc1cc(-c2oc3cc(OC4OC(CO)C(O)C(O)C4O)cc(O)c3c(=O)c2OC2OC(CO)C(O)C(O)C2OC2OC(CO)C(O)C(O)C2O)ccc1O,0.573,0.528,0.523,0.492,0.272,0.327,0.637,1
Selinone,CC(C)=CCOc1ccc(C2CC(=O)c3c(O)cc(O)cc3O2)cc1,0.387,0.313,0.39,0.267,0.472,0.377,0.692,1
Kanugin,COc1ccc2c(=O)c(OC)c(-c3cc(OC)c4c(c3)OCO4)oc2c1,0.753,0.623,0.643,0.508,0.614,0.68,0.569,1
"2-(3,4-Dihydroxyphenyl)-7-hydroxy-5-methoxy-3-(3,4,5-trihydroxy-6-methyloxan-2-yl)oxychromen-4-one",COc1cc(O)cc2oc(-c3ccc(O)c(O)c3)c(OC3OC(C)C(O)C(O)C3O)c(=O)c12,0.647,0.45,0.44,0.287,0.153,0.313,0.706,1
Isocladrastin,COc1cc2occ(-c3ccc(OC)c(OC)c3)c(=O)c2cc1O,0.643,0.597,0.433,0.34,0.458,0.77,0.633,1
Benzophenanthridine,c1ccc2c(c1)ccc1cnc3ccccc3c12,0.74,0.49,0.598,0.647,0.582,0.441,0.432,1
Kaempferol 3-sophoroside 7-glucoside,O=c1c(OC2OC(CO)C(O)C(O)C2OC2OC(CO)C(O)C(O)C2O)c(-c2ccc(O)cc2)oc2cc(OC3OC(CO)C(O)C(O)C3O)cc(O)c12,0.593,0.464,0.477,0.457,0.322,0.273,0.564,1
Campesteryl acetate,CC(=O)O[C@H]1CC[C@@]2(C)C(=CC[C@H]3[C@@H]4CC[C@H]([C@H](C)CC[C@@H](C)C(C)C)[C@@]4(C)CC[C@@H]32)C1,0.27,0.353,0.507,0.323,0.382,0.63,0.588,1
Rhodalidin,O=c1c(O[C@@H]2O[C@H](CO)[C@@H](O)[C@H](O)[C@H]2O)c(-c2ccc(O)cc2)oc2c(O[C@@H]3OC[C@@H](O)[C@H](O)[C@H]3O)c(O)cc(O)c12,0.6,0.474,0.503,0.49,0.328,0.433,0.488,1
"8-Methoxy-6,7-methylenedioxycoumarin",COc1c2c(cc3ccc(=O)oc13)OCO2,0.735,0.63,0.617,0.437,0.583,0.497,0.535,1
Agehoustin C,COc1cc(-c2cc(=O)c3c(OC)c(OC)c(OC)c(OC)c3o2)c(OC)c(O)c1OC,0.867,0.527,0.572,0.437,0.54,0.417,0.404,1
Agehoustin G,COc1cc(OC)c(-c2cc(=O)c3c(O)c(OC)c(OC)cc3o2)cc1OC,0.813,0.573,0.603,0.453,0.543,0.59,0.49,1
"5-hydroxy-2-(4-hydroxy-3,5-dimethoxyphenyl)-7-[(2S,3R,4S,5S,6R)-3,4,5-trihydroxy-6-(hydroxymethyl)oxan-2-yl]oxychromen-4-one",COc1cc(-c2cc(=O)c3c(O)cc(O[C@@H]4O[C@H](CO)[C@@H](O)[C@H](O)[C@H]4O)cc3o2)cc(OC)c1O,0.683,0.452,0.483,0.439,0.305,0.45,0.439,1
22-Dehydroclerosteryl acetate,C=C(C)[C@H](/C=C/[C@@H](C)[C@H]1CC[C@H]2[C@@H]3CC=C4C[C@@H](OC(C)=O)CC[C@]4(C)[C@H]3CC[C@]12C)CC,0.283,0.407,0.483,0.337,0.427,0.655,0.481,1
Hypoletin 8-gentiobioside,O=c1cc(-c2ccc(O)c(O)c2)oc2c(OC3OC(COC4OC(CO)C(O)C(O)C4O)C(O)C(O)C3O)c(O)cc(O)c12,0.733,0.4,0.497,0.513,0.343,0.36,0.526,1
Fragransol B,COc1cc(C2Oc3c(OC)cc(CCO)cc3C2C)ccc1O,0.37,0.478,0.516,0.223,0.261,0.673,0.475,1
"7,8-Dimethoxy-3',4'-methylenedioxyisoflavone",COc1ccc2c(=O)c(-c3ccc4c(c3)OCO4)coc2c1OC,0.647,0.523,0.477,0.327,0.557,0.638,0.419,1
Junosmarin,CC(C)CC(=O)OC1C(O)c2c(ccc3ccc(=O)oc23)OC1(C)C,0.455,0.537,0.563,0.427,0.443,0.36,0.541,1
Benzyl isoferulate,COc1ccc(/C=C/C(=O)OCc2ccccc2)cc1O,0.467,0.43,0.493,0.387,0.527,0.7,0.471,1
"methyl (2S,3S,4S,5R,6S)-6-((5,6-dihydroxy-2-(4-hydroxyphenyl)-4-oxo-4H-chromen-7-yl)oxy)-3,4,5-trihydroxytetrahydro-2H-pyran-2-carboxylate",COC(=O)C1OC(Oc2cc3oc(-c4ccc(O)cc4)cc(=O)c3c(O)c2O)C(O)C(O)C1O,0.663,0.54,0.507,0.4,0.487,0.29,0.417,1
"2',4'-Dihydroxy-6'-methoxy-3'-prenylchalcone",COc1cc(O)c(CC=C(C)C)c(O)c1C(=O)/C=C/c1ccccc1,0.567,0.413,0.527,0.509,0.52,0.21,0.854,1
Calendoflaside,COc1cc(-c2oc3cc(O)cc(O)c3c(=O)c2OC2OC(C)C(O)C(O)C2OC2OC(C)C(O)C(O)C2O)ccc1O,0.557,0.547,0.497,0.29,0.128,0.406,0.75,1
Pumilaisoflavone D,COc1cc(-c2coc3cc4c(c(O)c3c2=O)C=CC(C)(C)O4)cc(OC)c1O,0.567,0.523,0.533,0.353,0.494,0.63,0.435,1
Peonidin 3-monoglucoside,COc1cc(-c2[o+]c3cc(O)cc(O)c3cc2O[C@@H]2O[C@H](CO)[C@@H](O)[C@H](O)[C@H]2O)ccc1O.[Cl-],0.523,0.517,0.537,0.41,0.327,0.53,0.429,1
Trigraecum,COc1cc2c(=O)cc(-c3ccccc3)oc2cc1O,0.897,0.625,0.55,0.417,0.52,0.35,0.614,1
Ammiol glucoside,COc1c2occc2c(OC)c2c(=O)cc(CO[C@@H]3O[C@H](CO)[C@@H](O)[C@H](O)[C@H]3O)oc12,0.667,0.621,0.641,0.537,0.53,0.382,0.5,1
N-trans-feruloyl-4'-O-methyldopamine,COc1ccc(CCNC(=O)/C=C/c2ccc(O)c(OC)c2)cc1O,0.253,0.541,0.443,0.365,0.45,0.757,0.549,1
"2',5,6-Trimethoxyflavone",COc1ccccc1-c1cc(=O)c2c(OC)c(OC)ccc2o1,0.89,0.55,0.54,0.392,0.543,0.687,0.553,1
Falciformin,C=C(O)C(C)(C)c1c(OC)ccc2c1C(=O)CC(c1ccccc1)O2,0.417,0.402,0.33,0.396,0.544,0.533,0.491,1
Ulexone B,CC1(C)C=Cc2cc(-c3coc4c5c(cc(O)c4c3=O)OC(C)(C)C=C5)ccc2O1,0.58,0.58,0.513,0.39,0.537,0.532,0.413,1
Genistein 5-glucoside,O=c1c(-c2ccc(O)cc2)coc2cc(O)cc(OC3OC(CO)C(O)C(O)C3O)c12,0.59,0.443,0.438,0.457,0.3,0.507,0.418,1
"[5-Acetyloxy-6-[2-(3,4-dihydroxyphenyl)-5,7-dihydroxy-4-oxochromen-6-yl]-3,4-dihydroxyoxan-2-yl]methyl acetate",CC(=O)OCC1OC(c2c(O)cc3oc(-c4ccc(O)c(O)c4)cc(=O)c3c2O)C(OC(C)=O)C(O)C1O,0.617,0.518,0.544,0.418,0.547,0.403,0.403,1
"[2-[2-(3,4-Dihydroxyphenyl)-5,7-dihydroxy-4-oxochromen-6-yl]-4,5-dihydroxy-6-(hydroxymethyl)oxan-3-yl] acetate",CC(=O)OC1C(c2c(O)cc3oc(-c4ccc(O)c(O)c4)cc(=O)c3c2O)OC(CO)C(O)C1O,0.593,0.505,0.521,0.403,0.48,0.417,0.415,1
"7-Hydroxy-5-methoxy-6,8-dimethylflavone",COc1c(C)c(O)c(C)c2oc(-c3ccccc3)cc(=O)c12,0.893,0.582,0.563,0.453,0.474,0.213,0.617,1
"2',4'-Dihydroxy-5,7-dimethoxyisoflavone",COc1cc(OC)c2c(=O)c(-c3ccc(O)cc3O)coc2c1,0.717,0.562,0.59,0.38,0.522,0.543,0.491,1
7-Oxohinokinin,O=C1OC[C@H](Cc2ccc3c(c2)OCO3)[C@H]1C(=O)c1ccc2c(c1)OCO2,0.407,0.536,0.53,0.25,0.793,0.543,0.49,1
Rhodiolin,COc1cc([C@H]2Oc3cc(O)c4c(=O)c(O)c(-c5ccc(O)cc5)oc4c3O[C@@H]2CO)ccc1O,0.557,0.505,0.491,0.346,0.42,0.6,0.493,1
"1,3,8-Trihydroxy-7-methoxyxanthone",COc1ccc2oc3cc(O)cc(O)c3c(=O)c2c1O,0.82,0.555,0.563,0.31,0.36,0.56,0.63,1
Stigmasteryl ferulate,CC[C@H](/C=C/[C@@H](C)[C@H]1CC[C@H]2[C@@H]3CC=C4C[C@@H](OC(=O)/C=C/c5ccc(O)c(OC)c5)CC[C@]4(C)[C@H]3CC[C@]12C)C(C)C,0.287,0.511,0.568,0.485,0.422,0.618,0.413,1
Boennin,COc1ccc2ccc(=O)oc2c1Oc1c(O)cc(O)c2ccc(=O)oc12,0.747,0.49,0.53,0.46,0.417,0.384,0.449,1
"7-Hydroxy-5-methoxy-6,8-dimethylflavanone",COc1c(C)c(O)c(C)c2c1C(=O)CC(c1ccccc1)O2,0.527,0.495,0.467,0.43,0.377,0.363,0.453,1
"Campest-4-en-3,6-dione",CC(C)[C@H](C)CC[C@@H](C)[C@H]1CC[C@H]2[C@@H]3CC(=O)C4=CC(=O)CC[C@]4(C)[C@H]3CC[C@]12C,0.353,0.457,0.64,0.35,0.511,0.465,0.437,1
Holarrhimine,C[C@H](N)[C@H]1CC[C@H]2[C@@H]3CC=C4C[C@@H](N)CC[C@]4(C)[C@H]3CC[C@]12CO,0.269,0.383,0.527,0.357,0.436,0.557,0.435,1
Irehamine,CN[C@@H](C)[C@H]1CC[C@H]2[C@@H]3CC=C4C[C@@H](O)CC[C@]4(C)[C@H]3CC[C@]12C,0.297,0.337,0.525,0.332,0.327,0.593,0.644,1
Melannein,COc1ccc(-c2cc(=O)oc3cc(OC)c(O)cc23)cc1O,0.723,0.487,0.403,0.38,0.448,0.605,0.453,1
Heraclesol,COc1c(OC[C@@H](O)C(C)(C)O)c2occc2c2oc(=O)ccc12,0.603,0.642,0.68,0.603,0.673,0.362,0.435,1
"24-nor-cholest-5,22E-dien-3beta-ol",CC(C)/C=C/[C@@H](C)[C@H]1CC[C@H]2[C@@H]3CC=C4C[C@@H](O)CC[C@]4(C)[C@H]3CC[C@]12C,0.31,0.427,0.52,0.389,0.39,0.612,0.623,1
Tristin,COc1cc(CCc2cc(O)cc(O)c2)ccc1O,0.48,0.447,0.657,0.18,0.372,0.543,0.468,1
isorhamnetin 3-O-rhamnoside,COc1cc(-c2oc3cc(O)cc(O)c3c(=O)c2O[C@@H]2O[C@@H](C)[C@H](O)[C@@H](O)[C@H]2O)ccc1O,0.677,0.557,0.483,0.27,0.071,0.413,0.846,1
N-trans-Feruloyloctopamine,COc1cc(/C=C/C(=O)NCC(O)c2ccc(O)cc2)ccc1O,0.267,0.501,0.45,0.49,0.467,0.72,0.633,1
8-Acetyl-6-hydroxy-7-methoxycoumarin,COc1c(O)cc2ccc(=O)oc2c1C(C)=O,0.702,0.613,0.55,0.427,0.391,0.28,0.512,1
Naringenin 4'-O-glucoside,O=C1CC(c2ccc(O[C@@H]3O[C@H](CO)[C@@H](O)[C@H](O)[C@H]3O)cc2)Oc2cc(O)cc(O)c21,0.38,0.311,0.297,0.341,0.323,0.37,0.603,1
Prunin 6''-p-coumarate,O=C(/C=C/c1ccc(O)cc1)OCC1O[C@@H](Oc2cc(O)c3c(c2)OC(c2ccc(O)cc2)CC3=O)C(O)[C@@H](O)[C@@H]1O,0.305,0.406,0.39,0.385,0.59,0.4,0.512,1
"Prunin 3'',6''-di-p-coumarate",O=C(/C=C/c1ccc(O)cc1)OCC1O[C@@H](Oc2cc(O)c3c(c2)OC(c2ccc(O)cc2)CC3=O)C(O)[C@@H](OC(=O)/C=C/c2ccc(O)cc2)[C@@H]1O,0.335,0.388,0.38,0.355,0.538,0.403,0.456,1
Naringenin 4'-O-alpha-L-rhamnopyranoside,CC1O[C@@H](Oc2ccc([C@@H]3CC(=O)c4c(O)cc(O)cc4O3)cc2)[C@@H](O)C(O)[C@H]1O,0.413,0.296,0.31,0.26,0.35,0.342,0.655,1
Mesuein,Cc1cc(C2CC(=O)c3c(O)cc(O)cc3O2)cc(OC2OC(C)C(OC3OC(CO)C(O)C(O)C3O)C(O)C2O)c1O,0.34,0.344,0.347,0.302,0.337,0.442,0.408,1
Hesperetin 7-O-rhamnoside,COc1ccc(C2CC(=O)c3c(O)cc(O[C@@H]4O[C@@H](C)[C@H](O)[C@@H](O)[C@H]4O)cc3O2)cc1O,0.205,0.349,0.307,0.24,0.463,0.445,0.524,1
Alhagitin,COc1cc(O)cc2c1C(=O)CC(c1ccc(O[C@@H]3OC(CO)[C@@H](O)[C@H](O)C3O)cc1)O2,0.36,0.346,0.307,0.352,0.385,0.38,0.54,1
Mundulea flavanone B,COc1cc(O)c2c(c1CC=C(C)C)O[C@H](c1ccc(O)cc1)CC2=O,0.247,0.418,0.451,0.28,0.455,0.34,0.508,1
Monodemalonylmonardaein,O=C(O)CC(=O)OCC1O[C@@H](Oc2cc(O)cc3[o+]c(-c4ccc(O)cc4)c(O[C@@H]4OC(COC(=O)/C=C/c5ccc(O)cc5)[C@H](O)C(O)C4O)cc23)C(O)[C@@H](O)[C@@H]1O,0.423,0.5,0.5,0.49,0.55,0.447,0.5,1
Bisdemalonylsalviadelphin,O=C(/C=C/c1ccc(O)c(O)c1)OCC1O[C@@H](Oc2cc3c(O[C@@H]4OC(CO)[C@@H](O)[C@H](O)C4O)cc(O)cc3[o+]c2-c2cc(O)c(O)c(O)c2)C(O)C(O)[C@H]1O,0.43,0.55,0.507,0.453,0.45,0.46,0.451,1
Monodemalonylsalviadelphin,O=C(O)CC(=O)OCC1O[C@@H](Oc2cc(O)cc3[o+]c(-c4cc(O)c(O)c(O)c4)c(O[C@@H]4OC(COC(=O)/C=C/c5ccc(O)c(O)c5)[C@H](O)C(O)C4O)cc23)C(O)[C@@H](O)[C@@H]1O,0.437,0.507,0.5,0.48,0.49,0.437,0.427,1
Dimalonylawobanin,O=C(O)CC(=O)OCC1O[C@@H](Oc2cc(O)cc3[o+]c(-c4cc(O)c(O)c(O)c4)c(O[C@@H]4OC(COC(=O)/C=C/c5ccc(O)cc5)[C@@H](O)C(O)C4O)cc23)C(O)[C@@H](O)[C@@H]1OC(=O)CC(=O)O,0.427,0.573,0.537,0.477,0.52,0.447,0.444,1
Malvidin 3-rutinoside-5-glucoside,COc1cc(-c2[o+]c3cc(O)cc(O[C@@H]4OC(CO)[C@@H](O)[C@H](O)C4O)c3cc2O[C@@H]2OC(CO[C@@H]3OC(C)[C@H](O)[C@H](O)C3O)[C@@H](O)C(O)C2O)cc(OC)c1O,0.54,0.483,0.55,0.347,0.273,0.417,0.465,1
Biochanin A 7-O-rutinoside,COc1ccc(-c2coc3cc(O[C@@H]4OC(CO[C@@H]5OC(C)[C@H](O)C(O)[C@@H]5O)[C@@H](O)[C@H](O)C4O)cc(O)c3c2=O)cc1,0.553,0.493,0.49,0.383,0.313,0.538,0.568,1
Piscerythrinetin,COc1cc(-c2coc3cc(O)cc(O)c3c2=O)cc(CC=C(C)C)c1OC,0.673,0.539,0.527,0.37,0.427,0.547,0.483,1
2'-Hydroxypiscerythrinetin,COc1cc(-c2coc3cc(O)cc(O)c3c2=O)c(O)c(CC=C(C)C)c1OC,0.663,0.501,0.547,0.4,0.393,0.613,0.459,1
"5,7,2',4',5'-Pentamethoxyisoflavone",COc1cc(OC)c2c(=O)c(-c3cc(OC)c(OC)cc3OC)coc2c1,0.603,0.442,0.468,0.27,0.377,0.63,0.434,1
"7-Hydroxy-5,4'-dimethoxy-8-methylisoflavone 7-O-rhamnoside",COc1ccc(-c2coc3c(C)c(O[C@@H]4OC(C)[C@H](O)[C@H](O)C4O)cc(OC)c3c2=O)cc1,0.587,0.4,0.48,0.304,0.37,0.618,0.46,1
Volubilin,COc1ccc(-c2coc3c([C@@H]4O[C@@H](C)[C@H](O)C(O)C4O)c(OC)cc(O)c3c2=O)cc1,0.573,0.563,0.533,0.378,0.377,0.703,0.559,1
Kakkalidone,COc1ccc(-c2coc3cc(O[C@@H]4OC(CO)[C@@H](O)[C@H](O)C4O)c(OC)c(O)c3c2=O)cc1,0.63,0.517,0.507,0.423,0.407,0.52,0.484,1
Pongone,COc1cccc(-c2cc(=O)c3cc4ccoc4cc3o2)c1,0.85,0.65,0.577,0.48,0.573,0.35,0.562,1
Echioidinin 5-O-glucoside,COc1cc(O[C@@H]2OC(CO)[C@@H](O)[C@H](O)C2O)c2c(=O)cc(-c3ccccc3O)oc2c1,0.677,0.59,0.561,0.416,0.427,0.497,0.4,1
Isoorientin 6''-O-glucoside,O=c1cc(-c2ccc(O)c(O)c2)oc2cc(O)c([C@@H]3OC(O[C@@H]4OC(CO)[C@@H](O)[C@H](O)C4O)[C@@H](O)[C@H](O)C3O)c(O)c12,0.613,0.533,0.527,0.45,0.46,0.347,0.429,1
isoorientin 7-O-glucoside,O=c1cc(-c2ccc(O)c(O)c2)oc2cc(OC3O[C@H](CO)[C@@H](O)[C@H](O)[C@H]3O)c([C@@H]3O[C@H](CO)[C@@H](O)[C@H](O)[C@H]3O)c(O)c12,0.7,0.508,0.547,0.537,0.43,0.4,0.429,1
Tamarixetin 3-rhamnoside,COc1ccc(-c2oc3cc(O)cc(O)c3c(=O)c2O[C@@H]2OC(C)[C@H](O)C(O)[C@@H]2O)cc1O,0.693,0.443,0.437,0.29,0.157,0.378,0.739,1
"Luteolin 7,4'-diglucoside",O=c1cc(-c2ccc(O[C@@H]3OC(CO)[C@@H](O)C(O)C3O)c(O)c2)oc2cc(O[C@@H]3O[C@@H](CO)[C@@H](O)C(O)C3O)cc(O)c12,0.697,0.483,0.507,0.507,0.367,0.327,0.466,1
"5-[[6-O-(6-Deoxy-alpha-L-mannopyranosyl)-beta-D-glucopyranosyl]oxy]-2-(3,4-dihydroxyphenyl)-7-hydroxy-4H-1-benzopyran-4-one",CC1O[C@@H](OCC2O[C@@H](Oc3cc(O)cc4oc(-c5ccc(O)c(O)c5)cc(=O)c34)C(O)[C@@H](O)[C@@H]2O)[C@@H](O)C(O)[C@H]1O,0.677,0.453,0.52,0.433,0.299,0.352,0.671,1
"7-hydroxy-2-(4-hydroxy-3,5-dimethoxyphenyl)-5-[(2S,4S,5S)-3,4,5-trihydroxy-6-(hydroxymethyl)oxan-2-yl]oxychromen-4-one",COc1cc(-c2cc(=O)c3c(O[C@@H]4OC(CO)[C@@H](O)[C@H](O)C4O)cc(O)cc3o2)cc(OC)c1O,0.713,0.467,0.507,0.432,0.36,0.533,0.444,1
Tricin 7-rutinoside,COc1cc(-c2cc(=O)c3c(O)cc(O[C@@H]4OC(CO[C@@H]5OC(C)[C@H](O)[C@H](O)C5O)[C@@H](O)[C@H](O)C4O)cc3o2)cc(OC)c1O,0.64,0.483,0.463,0.387,0.302,0.452,0.595,1
Isoetin 2'-xyloside,O=c1cc(-c2cc(O)c(O)cc2O[C@@H]2OC[C@@H](O)[C@H](O)C2O)oc2cc(O)cc(O)c12,0.617,0.462,0.5,0.367,0.363,0.377,0.446,1
Fagovatin,COc1cc2oc(-c3ccc(O)cc3)cc(=O)c2c(O)c1[C@@H]1OC(CO[C@@H]2OC(C)[C@H](O)[C@H](O)C2O)[C@@H](O)[C@H](O)C1O,0.69,0.55,0.542,0.453,0.456,0.432,0.506,1
Isoswertisin 5-O-glucoside,COc1cc(O[C@@H]2OC(CO)[C@@H](O)[C@H](O)C2O)c2c(=O)cc(-c3ccc(O)cc3)oc2c1[C@@H]1OC(CO)[C@@H](O)[C@H](O)C1O,0.71,0.463,0.488,0.477,0.376,0.407,0.455,1
Swertiajaponin 3'-O-glucoside,COc1cc2oc(-c3ccc(O)c(O[C@@H]4OC(CO)[C@@H](O)[C@H](O)C4O)c3)cc(=O)c2c(O)c1[C@@H]1OC(CO)[C@@H](O)[C@H](O)C1O,0.677,0.604,0.553,0.51,0.407,0.507,0.432,1
Swertiajaponin 3'-O-gentiobioside,COc1cc2oc(-c3ccc(O)c(O[C@@H]4OC(CO[C@@H]5OC(CO)[C@@H](O)[C@H](O)C5O)[C@@H](O)[C@H](O)C4O)c3)cc(=O)c2c(O)c1[C@@H]1OC(CO)[C@@H](O)[C@H](O)C1O,0.663,0.597,0.56,0.527,0.396,0.503,0.5,1
Pectolinarigenin 7-rhamnoside,COc1ccc(-c2cc(=O)c3c(O)c(OC)c(O[C@@H]4OC(C)[C@H](O)[C@H](O)C4O)cc3o2)cc1,0.73,0.62,0.62,0.433,0.477,0.393,0.422,1
Isoscutellarein 8-glucuronide,O=C(O)C1O[C@@H](Oc2c(O)cc(O)c3c(=O)cc(-c4ccc(O)cc4)oc23)C(O)[C@@H](O)[C@@H]1O,0.737,0.472,0.473,0.36,0.497,0.24,0.414,1
Oxyisocyclointegrin,COc1cc(O)c2c(=O)c3c(oc2c1)-c1ccc(O)cc1OC(C(C)(C)O)C3,0.453,0.557,0.583,0.381,0.543,0.423,0.424,1
Cyclointegrin,COc1cc(O)c2c(=O)c3c(oc2c1)-c1ccc(O)cc1OC(C)(C)CC3,0.603,0.525,0.638,0.433,0.547,0.377,0.431,1
Pongamoside D,COc1c(-c2ccc3c(c2)OCO3)oc2cc(O[C@@H]3OC(CO)[C@@H](O)[C@H](O)C3O)ccc2c1=O,0.613,0.55,0.553,0.481,0.509,0.517,0.544,1
Pongamoside C,COc1c(-c2ccccc2)oc2c(cc(O[C@@H]3OC(CO)[C@@H](O)[C@H](O)C3O)c3occc32)c1=O,0.693,0.541,0.593,0.567,0.53,0.543,0.477,1
"3,7-dihydroxy-2-(4-hydroxyphenyl)-5-[(2S,4S,5S)-3,4,5-trihydroxy-6-(hydroxymethyl)oxan-2-yl]oxychromen-4-one",O=c1c(O)c(-c2ccc(O)cc2)oc2cc(O)cc(O[C@@H]3OC(CO)[C@@H](O)[C@H](O)C3O)c12,0.667,0.389,0.443,0.412,0.29,0.36,0.507,1
Kaempferol 3-rhamnoside-4'-xyloside,CC1O[C@@H](Oc2c(-c3ccc(O[C@@H]4OC[C@@H](O)C(O)C4O)cc3)oc3cc(O)cc(O)c3c2=O)[C@@H](O)C(O)[C@H]1O,0.6,0.467,0.46,0.2,0.107,0.321,0.622,1
"Kaempferide 3,7-diglucoside",COc1ccc(-c2oc3cc(O[C@@H]4OC(CO)[C@@H](O)[C@H](O)C4O)cc(O)c3c(=O)c2O[C@@H]2OC(CO)[C@@H](O)C(O)C2O)cc1,0.663,0.461,0.533,0.463,0.273,0.323,0.571,1
Kaempferide 3-rhamnoside,COc1ccc(-c2oc3cc(O)cc(O)c3c(=O)c2O[C@@H]2OC(C)[C@H](O)C(O)[C@@H]2O)cc1,0.703,0.51,0.513,0.133,0.09,0.373,0.686,1
Kaempferide 3-glucuronide,COc1ccc(-c2oc3cc(O)cc(O)c3c(=O)c2OC2OC(C(=O)O)C(O)C(O)C2O)cc1,0.613,0.497,0.5,0.24,0.259,0.333,0.577,1
Quercetin 3-sophoroside-7-glucoside,O=c1c(O[C@@H]2OC(CO)[C@@H](O)C(O)C2O[C@@H]2OC(CO)[C@@H](O)C(O)[C@H]2O)c(-c2ccc(O)c(O)c2)oc2cc(O[C@@H]3OC(CO)[C@@H](O)[C@H](O)C3O)cc(O)c12,0.567,0.431,0.463,0.603,0.265,0.24,0.605,1
Quercetin 3-gentiobioside-7-glucoside,O=c1c(O[C@@H]2OC(CO[C@@H]3OC(CO)[C@@H](O)[C@H](O)C3O)[C@@H](O)C(O)C2O)c(-c2ccc(O)c(O)c2)oc2cc(O[C@@H]3OC(CO)[C@H](O)[C@H](O)C3O)cc(O)c12,0.59,0.428,0.48,0.626,0.233,0.273,0.754,1
Quercetin-7-o-rutinoside,C[C@@H]1O[C@@H](OC[C@H]2O[C@@H](Oc3cc(O)c4c(=O)c(O)c(-c5ccc(O)c(O)c5)oc4c3)[C@H](O)[C@@H](O)[C@@H]2O)[C@H](O)[C@H](O)[C@H]1O,0.603,0.396,0.46,0.383,0.237,0.298,0.768,1
Isorhamnetin 3-gentiotrioside,COc1cc(-c2oc3cc(O)cc(O)c3c(=O)c2O[C@@H]2OC(CO[C@@H]3OC(CO[C@@H]4OC(CO)[C@@H](O)[C@H](O)C4O)[C@@H](O)[C@H](O)C3O)[C@@H](O)C(O)C2O)ccc1O,0.623,0.518,0.51,0.56,0.123,0.443,0.87,1
Isorhamnetin 3-rutinoside-7-rhamnoside,COc1cc(-c2oc3cc(O[C@@H]4OC(C)[C@H](O)[C@H](O)C4O)cc(O)c3c(=O)c2O[C@@H]2OC(CO[C@@H]3OC(C)[C@H](O)[C@H](O)C3O)[C@@H](O)C(O)C2O)ccc1O,0.583,0.54,0.543,0.363,0.14,0.359,0.899,1
Isorhamnetin 5-glucoside,CCC1O[C@@H](Oc2cc(O)cc3oc(-c4ccc(O)c(OC)c4)c(O)c(=O)c23)C(O)[C@@H](O)[C@@H]1O,0.657,0.516,0.487,0.377,0.273,0.527,0.597,1
Tamarixetin 3-rutinoside-7-rhamnoside,COc1ccc(-c2oc3cc(O[C@@H]4OC(C)[C@H](O)[C@H](O)C4O)cc(O)c3c(=O)c2O[C@@H]2OC(CO[C@@H]3OC(C)[C@H](O)[C@H](O)C3O)[C@@H](O)C(O)C2O)cc1O,0.603,0.463,0.517,0.397,0.23,0.318,0.795,1
"Myricetin 3,3'-digalactoside",O=c1c(O[C@@H]2OC(CO)[C@H](O)C(O)C2O)c(-c2cc(O)c(O)c(O[C@@H]3OC(CO)[C@H](O)[C@H](O)C3O)c2)oc2cc(O)cc(O)c12,0.677,0.398,0.49,0.493,0.223,0.403,0.606,1
Azaleatin 3-glucoside,COc1cc(O)cc2oc(-c3ccc(O)c(O)c3)c(O[C@@H]3O[C@H](CO)[C@@H](O)C(O)C3O)c(=O)c12,0.637,0.451,0.447,0.59,0.2,0.327,0.653,1
Rhamnocitrin 3-glucoside,COc1cc(O)c2c(=O)c(O[C@H]3O[C@H](CO)[C@@H](O)C(O)C3O)c(-c3ccc(O)cc3)oc2c1,0.677,0.515,0.557,0.491,0.3,0.303,0.595,1
Rhamnocitrin 3-rhamnoside,COc1cc(O)c2c(=O)c(O[C@@H]3OC(C)[C@H](O)C(O)[C@@H]3O)c(-c3ccc(O)cc3)oc2c1,0.683,0.537,0.543,0.16,0.165,0.259,0.662,1
Rhamnetin 3-galactosyl-(1->4)-galactoside,COc1cc(O)c2c(=O)c(O[C@@H]3OC(CO)[C@H](O[C@@H]4OC(CO)[C@@H](O)C(O)[C@H]4O)C(O)C3O)c(-c3ccc(O)c(O)c3)oc2c1,0.573,0.485,0.52,0.609,0.267,0.277,0.603,1
Rhamnetin 3-galactosyl-(1->6)-galactoside,COc1cc(O)c2c(=O)c(O[C@@H]3OC(CO[C@@H]4OC(CO)[C@H](O)[C@H](O)C4O)[C@H](O)C(O)C3O)c(-c3ccc(O)c(O)c3)oc2c1,0.617,0.485,0.513,0.588,0.245,0.297,0.746,1
"Myricetin 3,7,3',5'-tetramethyl ether",COc1cc(O)c2c(=O)c(OC)c(-c3cc(OC)c(O)c(OC)c3)oc2c1,0.807,0.547,0.593,0.267,0.297,0.223,0.783,1
Sexangularetin 3-glucoside,COc1c(O)cc(O)c2c(=O)c(O[C@H]3OC(CO)[C@@H](O)C(O)C3O)c(-c3ccc(O)cc3)oc12,0.663,0.518,0.55,0.5,0.336,0.4,0.513,1
Gossypetin 3-glucoside,O=c1c(O[C@@H]2O[C@H](CO)[C@@H](O)C(O)C2O)c(-c2ccc(O)c(O)c2)oc2c(O)c(O)cc(O)c12,0.643,0.48,0.5,0.543,0.268,0.393,0.562,1
"2,3-Dihydroamentoflavone",O=C1C[C@@H](c2ccc(O)c(-c3c(O)cc(O)c4c(=O)cc(-c5ccc(O)cc5)oc34)c2)Oc2cc(O)cc(O)c21,0.613,0.389,0.343,0.29,0.502,0.327,0.569,1
di-O-acetylmangostin,COc1c(OC(C)=O)cc2oc3cc(OC(C)=O)c(CC=C(C)C)c(O)c3c(=O)c2c1CC=C(C)C,0.64,0.56,0.551,0.343,0.53,0.367,0.409,1
Clusin,COc1cc(CC2C(Cc3ccc4c(c3)OCO4)COC2O)cc(OC)c1OC,0.53,0.519,0.613,0.01,0.943,0.623,1.0,1
"1-(2-Hydroxy-4,6-dimethoxyphenyl)but-2-en-1-one",CC=CC(=O)c1c(O)cc(OC)cc1OC,0.453,0.39,0.413,0.307,0.46,0.271,0.529,1
Dihydroxyisoflavone,O=c1oc2cccc(O)c2c(O)c1-c1ccccc1,0.797,0.563,0.493,0.27,0.463,0.447,0.538,1
Dihydroisorhamnetin,COc1cc(C2Oc3cc(O)cc(O)c3C(=O)C2O)ccc1O,0.373,0.515,0.387,0.28,0.371,0.63,0.778,1
"2,3-Dihydrohinokiflavone",O=C1CC(c2ccc(Oc3c(O)cc4oc(-c5ccc(O)cc5)cc(=O)c4c3O)cc2)Oc2cc(O)cc(O)c21,0.613,0.441,0.44,0.377,0.512,0.37,0.547,1
"9-(trideuterio(113C)methoxy)furo[3,2-g]chromen-7-one",[2H][13C]([2H])([2H])Oc1c2occc2cc2ccc(=O)oc12,0.9,0.637,0.577,0.608,0.523,0.317,0.806,1
Arctignan B,COc1cc(C[C@H]2C(=O)OC[C@@H]2Cc2cc(OC)c(O)c(C(CO)C(=O)c3ccc(O)c(OC)c3)c2)ccc1O,0.277,0.468,0.44,0.227,0.583,0.583,0.695,1
Arctignan D,COc1cc(C(O)C(CO)c2cc(C[C@H]3COC(=O)[C@@H]3Cc3cc(OC)c4c(c3)[C@H](CO)[C@@H](c3ccc(O)c(OC)c3)O4)cc(OC)c2O)ccc1O,0.303,0.502,0.45,0.24,0.521,0.6,0.548,1
Furoguaiaoxidin,COc1cc(C(=O)/C(C)=C(/C)C(=O)c2ccc(O)c(OC)c2)ccc1O,0.34,0.4,0.307,0.318,0.266,0.453,0.409,1
Rhodiolgidin,C[C@@H]1O[C@@H](Oc2cc(O)c3c(=O)c(O)c(-c4ccc(O)c(O)c4)oc3c2O[C@@H]2O[C@H](CO)[C@@H](O)[C@H](O)[C@H]2O)[C@H](O)[C@H](O)[C@H]1O,0.627,0.471,0.455,0.437,0.272,0.48,0.571,1
"6-(1,8-Dihydroxy-6-methylnaphthalen-2-yl)-5-hydroxy-2-methylnaphthalene-1,4-dione",CC1=CC(=O)c2c(ccc(-c3ccc4cc(C)cc(O)c4c3O)c2O)C1=O,0.523,0.557,0.597,0.493,0.562,0.463,0.477,1
"1,5,6-Trihydroxy-3-methoxy-9H-xanthen-9-one",COc1cc(O)c2c(=O)c3ccc(O)c(O)c3oc2c1,0.84,0.557,0.62,0.322,0.32,0.253,0.491,1
"Stigmasta-4,22-diene",CC[C@@H](/C=C/[C@@H](C)[C@H]1CC[C@H]2[C@@H]3CCC4=CCCC[C@]4(C)[C@H]3CC[C@]12C)C(C)C,0.367,0.49,0.558,0.464,0.426,0.485,0.405,1
16-Anhydrogitoxigenin,C[C@]12CC[C@H](O)C[C@H]1CC[C@@H]1[C@@H]2CC[C@]2(C)C(C3=CC(=O)OC3)=CC[C@]12O,0.327,0.433,0.61,0.36,0.458,0.447,0.451,1
Rhodiolgin,C[C@@H]1O[C@@H](Oc2cc(O)c3c(=O)c(O)c(-c4ccc(O)c(O)c4)oc3c2O)[C@H](O)[C@H](O)[C@H]1O,0.657,0.407,0.433,0.303,0.308,0.425,0.514,1
Rhodionidin,C[C@@H]1O[C@@H](Oc2cc(O)c3c(=O)c(O)c(-c4ccc(O)cc4)oc3c2O[C@@H]2O[C@H](CO)[C@@H](O)[C@H](O)[C@H]2O)[C@H](O)[C@H](O)[C@H]1O,0.633,0.498,0.491,0.383,0.288,0.487,0.5,1
"(2S,3S)-3-(4-Hydroxy-3,5-dimethoxyphenyl)-2-(hydroxymethyl)-2,3-dihydropyrano[3,2-g][1,4]benzodioxin-7-one",COc1cc([C@@H]2Oc3cc4oc(=O)ccc4cc3O[C@H]2CO)cc(OC)c1O,0.45,0.544,0.453,0.32,0.402,0.53,0.446,1
Boerhavisterol,CC[C@H](CC[C@@H](C)[C@H]1CC[C@H]2C(C/C=C3\C[C@@H](O)CC[C@H]3C)=CCC[C@]12C)C(C)C,0.34,0.493,0.492,0.35,0.464,0.46,0.453,1
Isolintetralin,COC[C@H]1Cc2cc3c(cc2[C@@H](c2ccc(OC)c(OC)c2)[C@@H]1COC)OCO3,0.42,0.39,0.515,0.36,0.492,0.687,0.443,1
11-Methylgerberinol,Cc1cccc2oc(=O)c(C(C)c3c(O)c4c(C)cccc4oc3=O)c(O)c12,0.493,0.483,0.497,0.255,0.442,0.51,0.413,1
(R)-[(4S)-5-methyl-1-azabicyclo[2.2.2]octan-2-yl]-quinolin-4-ylmethanol,CC1CN2CC[C@H]1CC2[C@H](O)c1ccnc2ccccc12,0.343,0.377,0.437,0.68,0.452,0.638,0.547,1
Hydroxygenistein,O=c1oc2cc(O[C@@H]3OC(CO)[C@@H](O)C(O)C3O)cc(O)c2c(O)c1-c1ccc(O)cc1,0.607,0.423,0.43,0.406,0.375,0.337,0.425,1
Dihydroxytetramethoxyflavone,COc1c(OC)c(OC)c2c(=O)c(OC)c(-c3ccccc3O)oc2c1O,0.84,0.6,0.64,0.463,0.412,0.407,0.415,1
Hexahydroflavone,O=C1CC(c2ccccc2)OC2=CCCCC12,0.347,0.43,0.506,0.496,0.41,0.548,0.415,1
N-[2-Hydroxy-2-(4-hydroxyphenyl)ethyl]cinnamide,O=C(C=Cc1ccccc1)NCC(O)c1ccc(O)cc1,0.437,0.408,0.423,0.585,0.54,0.43,0.41,1
Mahaleboside,O=c1ccc2c(OC3OC(CO)C(O)C(O)C3O)cccc2o1,0.543,0.449,0.47,0.457,0.242,0.517,0.46,1
Menthoside,CC1OC(OCC2OC(Oc3cc(O)c4c(=O)cc(-c5ccc(OC(=O)/C=C/c6ccc(O)c(O)c6)cc5)oc4c3)C(O)C(O)C2O)C(O)C(O)C1O,0.6,0.477,0.55,0.407,0.393,0.413,0.54,1
Hydroxyprogesterone,CC(=O)[C@@]1(O)CC[C@H]2[C@@H]3CCC4=CC(=O)CC[C@]4(C)[C@H]3CC[C@@]21C,0.257,0.497,0.75,0.297,0.568,0.24,0.423,1
2-Acetylnaphthalene,CC(=O)c1ccc2ccccc2c1,0.497,0.26,0.223,0.38,0.308,0.37,0.414,1
Ethyl vanillin,CCOc1cc(C=O)ccc1O,0.423,0.477,0.45,0.333,0.287,0.497,0.4,1
4-Methylcatechol,Cc1ccc(O)c(O)c1,0.5,0.403,0.69,0.38,0.393,0.25,0.45,1
1-Tetralone,O=C1CCCc2ccccc21,0.293,0.32,0.374,0.487,0.377,0.573,0.545,1
2-Phenylbenzimidazole,c1ccc(-c2nc3ccccc3[nH]2)cc1,0.747,0.323,0.367,0.553,0.91,0.663,0.562,1
1-(4-Hydroxy-3-methoxyphenyl)propan-1-one,CCC(=O)c1ccc(O)c(OC)c1,0.317,0.417,0.403,0.257,0.308,0.493,0.432,1
"3,4-Dimethoxyphenol",COc1ccc(O)cc1OC,0.497,0.333,0.57,0.317,0.513,0.58,0.406,1
Piperonyl acetone,CC(=O)CCc1ccc2c(c1)OCO2,0.62,0.422,0.44,0.277,0.728,0.453,0.463,1
4-Methoxybenzophenone,COc1ccc(C(=O)c2ccccc2)cc1,0.377,0.233,0.17,0.263,0.329,0.623,0.429,1
1'-Hydroxy-2'-acetonaphthone,CC(=O)c1ccc2ccccc2c1O,0.793,0.413,0.27,0.377,0.453,0.377,0.541,1
"Phenol, 4-(3-hydroxy-1-propenyl)-",OCC=Cc1ccc(O)cc1,0.59,0.63,0.653,0.44,0.643,0.25,0.406,1
3-O-Acetylpinobanksin,CC(=O)O[C@H]1C(=O)c2c(O)cc(O)cc2O[C@@H]1c1ccccc1,0.493,0.472,0.38,0.35,0.398,0.567,0.483,1
"2H-Benzo(a)quinolizine-2-ethanol, 3-ethyl-1,3,4,6,7,11b-hexahydro-9-hydroxy-10-methoxy-, (2R,3R,11bS)-",CC[C@H]1CN2CCc3cc(O)c(OC)cc3[C@@H]2C[C@@H]1CCO,0.29,0.207,0.353,0.203,0.254,0.431,0.533,1
"Octadecenoic acid, (E)-",CCCCCCCCCCCCCCCC=CC(=O)O,0.417,0.233,0.289,0.193,0.353,0.467,0.4,1
"1-Propanone, 1-(7-methoxy-1,3-benzodioxol-5-yl)-",CCC(=O)c1cc(OC)c2c(c1)OCO2,0.43,0.357,0.487,0.34,0.673,0.687,0.436,1
2-(4-Methoxyphenethyl)chromone,COc1ccc(CCc2cc(=O)c3ccccc3o2)cc1,0.78,0.503,0.52,0.427,0.588,0.68,0.449,1
gamma-Pyrufuran,COc1c(O)c(OC)c2c(oc3cc(O)ccc32)c1OC,0.77,0.547,0.677,0.46,0.497,0.337,0.4,1
Naringenin 5-methyl ether,COc1cc(O)cc2c1C(=O)CC(c1ccc(O)cc1)O2,0.257,0.315,0.293,0.26,0.498,0.373,0.681,1
"2,3-Dimethoxyxanthen-9-one",COc1cc2oc3ccccc3c(=O)c2cc1OC,0.78,0.49,0.503,0.4,0.44,0.817,0.42,1
"1H-Indolizino(8,1-cd)carbazole-5-carboxylic acid, 3a-ethyl-3a,4,5,5a,6,11,12,13a-octahydro-4,5-dihydroxy-6-methyl-, methyl ester, 4-acetate",CCC12C=CCN3CCC4(c5ccccc5N(C)C4C(O)(C(=O)OC)C1OC(C)=O)C32,0.43,0.473,0.54,0.497,0.437,0.485,0.55,1
Methylnaphthazarin,CC1=CC(=O)c2c(O)ccc(O)c2C1=O,0.733,0.601,0.75,0.597,0.617,0.37,0.613,1
Uzarigenin-glucopyranosyl-glucopyranoside,CC12CCC(OC3OC(CO)C(OC4OC(CO)C(O)C(O)C4O)C(O)C3O)CC1CCC1C2CCC2(C)C(C3=CC(=O)OC3)CCC12O,0.363,0.445,0.526,0.38,0.345,0.422,0.402,1
Angustine,C=Cc1cncc2c(=O)n3c(cc12)-c1[nH]c2ccccc2c1CC3,0.79,0.4,0.387,0.358,0.6,0.57,0.517,1
Visnadine,CC[C@@H](C)C(=O)O[C@@H]1[C@H](OC(C)=O)c2c(ccc3ccc(=O)oc23)OC1(C)C,0.405,0.45,0.47,0.417,0.453,0.304,0.644,1
"3,4,5,6-Tetradehydrospartein-2-one",O=c1cccc2n1C[C@H]1C[C@H]2CN2CCCC[C@H]12,0.233,0.283,0.303,0.254,0.347,0.623,0.462,1
2-(methylamino)-N-phenylacetamide,CNCC(=O)Nc1ccccc1,0.583,0.453,0.313,0.513,0.367,0.62,0.432,1
3-(4-Hydroxy-3-methoxy-phenyl)-acrylic acid octahydro-quinolizin-1-ylmethyl ester,COc1cc(/C=C/C(=O)OC[C@H]2CCCN3CCCC[C@H]23)ccc1O,0.24,0.457,0.377,0.493,0.438,0.697,0.458,1
8-Hydroxybergapten,COc1c2ccoc2c(O)c2oc(=O)ccc12,0.86,0.783,0.81,0.723,0.698,0.296,0.524,1
N-[2-(4-methoxyphenyl)ethyl]benzamide,COc1ccc(CCNC(=O)c2ccccc2)cc1,0.297,0.43,0.337,0.31,0.387,0.563,0.455,1
(-)-Olivil,COc1cc(C[C@@]2(O)CO[C@H](c3ccc(O)c(OC)c3)[C@H]2CO)ccc1O,0.383,0.582,0.554,0.235,0.349,0.633,0.438,1
3-(4-Methoxyphenyl)-2-propen-1-ol,COc1ccc(/C=C/CO)cc1,0.557,0.417,0.657,0.403,0.396,0.522,0.5,1
Cycloolivil,COc1cc([C@H]2c3cc(O)c(OC)cc3C[C@@](O)(CO)[C@@H]2CO)ccc1O,0.363,0.509,0.549,0.318,0.331,0.602,0.593,1
"1,6-Dihydroxy-3,5,7-trimethoxyxanthen-9-one",COc1cc(O)c2c(=O)c3cc(OC)c(O)c(OC)c3oc2c1,0.813,0.52,0.58,0.317,0.423,0.333,0.547,1
"7-Hydroxy-2,5-dimethyl-4H-1-benzopyran-4-one",Cc1cc(=O)c2c(C)cc(O)cc2o1,0.69,0.387,0.507,0.213,0.33,0.293,0.415,1
Xanthotoxol geranyl ether,CC(C)=CCCC(C)=CCOc1c2occc2cc2ccc(=O)oc12,0.787,0.69,0.61,0.603,0.664,0.123,0.529,1
Amurensin,CC(C)(O)CCc1c(O[C@@H]2O[C@H](CO)[C@@H](O)[C@H](O)[C@H]2O)cc(O)c2c(=O)c(O)c(-c3ccc(O)cc3)oc12,0.6,0.517,0.523,0.417,0.465,0.6,0.404,1
7-O-Methylluteolin,COc1cc(O)c2c(=O)cc(-c3ccc(O)c(O)c3)oc2c1,0.943,0.61,0.561,0.397,0.45,0.197,0.75,1
Methyl 4-hydroxycinnamate,COC(=O)/C=C/c1ccc(O)cc1,0.34,0.557,0.433,0.55,0.572,0.36,0.538,1
"5,6,7,3'-Tetrahydroxy-3,4'-dimethoxyflavone",COc1ccc(-c2oc3cc(O)c(O)c(O)c3c(=O)c2OC)cc1O,0.813,0.567,0.537,0.397,0.47,0.307,0.627,1
Thalifendine chloride,COc1c(O)ccc2cc3[n+](cc12)CCc1cc2c(cc1-3)OCO2.[Cl-],0.59,0.583,0.582,0.643,0.66,0.479,0.614,1
"5,7-Dihydroxy-3',4'-dimethoxyflavone",COc1ccc(-c2cc(=O)c3c(O)cc(O)cc3o2)cc1OC,0.963,0.662,0.533,0.453,0.417,0.59,0.674,1
1-(2-Hydroxy-4-methoxyphenyl)-3-(4-methoxyphenyl)-2-propen-1-one,COc1ccc(/C=C/C(=O)c2ccc(OC)cc2O)cc1,0.507,0.4,0.433,0.56,0.498,0.417,0.578,1
"9H-Xanthen-9-one, 1-hydroxy-3,5,6-trimethoxy-",COc1cc(O)c2c(=O)c3ccc(OC)c(OC)c3oc2c1,0.847,0.597,0.603,0.383,0.403,0.339,0.608,1
"5,7-Dihydroxy-3,3',4'-trimethoxyflavone",COc1ccc(-c2oc3cc(O)cc(O)c3c(=O)c2OC)cc1OC,0.88,0.532,0.497,0.437,0.253,0.347,0.844,1
"beta-D-Glucopyranosiduronic acid, 5-hydroxy-2-(4-methoxyphenyl)-4-oxo-4H-1-benzopyran-7-yl, methyl ester",COC(=O)[C@H]1OC(Oc2cc(O)c3c(=O)cc(-c4ccc(OC)cc4)oc3c2)[C@H](O)[C@@H](O)[C@@H]1O,0.693,0.57,0.537,0.39,0.43,0.32,0.441,1
Di-O-methylamentoflavone,COc1ccc(-c2cc(=O)c3c(O)cc(OC)c(-c4cc(-c5cc(=O)c6c(O)cc(O)cc6o5)ccc4O)c3o2)cc1,0.92,0.652,0.54,0.443,0.43,0.417,0.536,1
"1,7-Dihydroxy-3,5,6-trimethoxyxanthen-9-one",COc1cc(O)c2c(=O)c3cc(O)c(OC)c(OC)c3oc2c1,0.777,0.45,0.62,0.303,0.347,0.25,0.519,1
2'-Methoxyformonetin,COc1ccc(-c2coc3cc(O)ccc3c2=O)c(OC)c1,0.673,0.542,0.493,0.41,0.503,0.62,0.411,1
Prunetrin,COc1cc(O)c2c(=O)c(-c3ccc(OC4OC(CO)C(O)C(O)C4O)cc3)coc2c1,0.587,0.501,0.473,0.453,0.337,0.537,0.525,1
"2,4-Dihydroxychalcone",O=C(/C=C/c1ccc(O)cc1O)c1ccccc1,0.583,0.49,0.513,0.52,0.877,0.327,0.5,1
Occidentoside,O=C1C[C@@H](c2ccc(Oc3c(O)c(C(=O)/C=C/c4ccc(O)cc4)c(O)c([C@@H]4O[C@H](CO)[C@@H](O)[C@H](O)[C@H]4O)c3O)cc2)Oc2cc(O)cc(O)c21,0.46,0.386,0.383,0.468,0.493,0.437,0.432,1
"4H-3,1-Benzoxazin-4-one, 2-(2-(3-methoxyphenyl)ethenyl)-",COc1cccc(/C=C/c2nc3ccccc3c(=O)o2)c1,0.73,0.49,0.457,0.437,0.459,0.643,0.439,1
n-Caffeoyltyramine,O=C(/C=C/c1ccc(O)c(O)c1)NCCc1ccc(O)cc1,0.33,0.513,0.45,0.495,0.563,0.43,0.44,1
6-O-(e)-p-coumaroyl glucopyranose,O=C(/C=C/c1ccc(O)cc1)OC[C@H]1OC(O)[C@H](O)[C@@H](O)[C@@H]1O,0.4,0.57,0.507,0.463,0.608,0.443,0.522,1
"2,3-diphenyl-1H-pyrrole",c1ccc(-c2cc[nH]c2-c2ccccc2)cc1,0.553,0.503,0.501,0.637,0.562,0.383,0.414,1
Alpinumisoflavone dimethyl ether,COc1ccc(-c2coc3cc4c(c(OC)c3c2=O)C=CC(C)(C)O4)cc1,0.613,0.553,0.527,0.308,0.54,0.613,0.5,1
"9,10-Anthracenedione, 1,5-dihydroxy-2-methoxy-",COc1ccc2c(c1O)C(=O)c1cccc(O)c1C2=O,0.633,0.608,0.6,0.437,0.492,0.573,0.45,1
"(1E,4E)-1-(4-Hydroxy-3-methoxyphenyl)-5-(4-hydroxyphenyl)-1,4-pentadiene-3-one",COc1cc(/C=C/C(=O)/C=C/c2ccc(O)cc2)ccc1O,0.147,0.688,0.45,0.79,0.544,0.637,0.789,1
di-O-allylmangostin,C=CCOc1cc2oc3cc(OCC=C)c(OC)c(CC=C(C)C)c3c(=O)c2c(O)c1CC=C(C)C,0.617,0.603,0.611,0.37,0.53,0.383,0.427,1
di-O-isopropylmangostin,COc1c(OC(C)C)cc2oc3cc(OC(C)C)c(CC=C(C)C)c(O)c3c(=O)c2c1CC=C(C)C,0.48,0.55,0.521,0.327,0.483,0.363,0.404,1
"2,3-Dihydroochnaflavone 7-O-methyl ether",COc1cc(O)c2c(c1)OC(c1ccc(O)c(Oc3ccc(-c4cc(=O)c5c(O)cc(O)cc5o4)cc3)c1)CC2=O,0.64,0.462,0.408,0.34,0.48,0.433,0.561,1
"3,6-Diethoxy-1-hydroxy-7-methoxy-2,8-bis(3-methylbut-2-enyl)xanthen-9-one",CCOc1cc2oc3cc(OCC)c(OC)c(CC=C(C)C)c3c(=O)c2c(O)c1CC=C(C)C,0.613,0.57,0.634,0.33,0.523,0.39,0.425,1
di-O-propylmangostin,CCCOc1cc2oc3cc(OCCC)c(OC)c(CC=C(C)C)c3c(=O)c2c(O)c1CC=C(C)C,0.607,0.567,0.597,0.367,0.49,0.383,0.416,1
di-O-butylmangostin,CCCCOc1cc2oc3cc(OCCCC)c(OC)c(CC=C(C)C)c3c(=O)c2c(O)c1CC=C(C)C,0.613,0.55,0.574,0.388,0.477,0.397,0.411,1
"2,3-Dihydroochnaflavone",O=C1CC(c2ccc(O)c(Oc3ccc(-c4cc(=O)c5c(O)cc(O)cc5o4)cc3)c2)Oc2cc(O)cc(O)c21,0.587,0.416,0.378,0.333,0.424,0.377,0.541,1
di-O-methallylmangostin,C=C(C)COc1cc2oc3cc(OCC(=C)C)c(OC)c(CC=C(C)C)c3c(=O)c2c(O)c1CC=C(C)C,0.623,0.593,0.607,0.347,0.51,0.348,0.411,1
"5-Hydroxy-2,3-dimethyl-1,4-naphthoquinone",CC1=C(C)C(=O)c2c(O)cccc2C1=O,0.72,0.66,0.683,0.49,0.539,0.423,0.594,1
"4,2',4'-Trihydroxy-3',5'-diprenylchalcone",CC(C)=CCc1cc(C(=O)/C=C/c2ccc(O)cc2)c(O)c(CC=C(C)C)c1O,0.46,0.49,0.46,0.54,0.563,0.277,0.466,1
7-methoxy-2-oxo-2H-chromene-8-carbaldehyde,COc1ccc2ccc(=O)oc2c1C=O,0.707,0.517,0.507,0.489,0.387,0.42,0.419,1
"1-Methoxy-3,5,6-trihydroxyxanthone",COc1cc(O)cc2oc3c(O)c(O)ccc3c(=O)c12,0.837,0.498,0.527,0.308,0.357,0.413,0.472,1
Manghaslin,C[C@@H]1O[C@@H](OC[C@H]2O[C@@H](Oc3c(-c4ccc(O)c(O)c4)oc4cc(O)cc(O)c4c3=O)[C@H](O[C@@H]3O[C@@H](C)[C@H](O)[C@@H](O)[C@H]3O)[C@@H](O)[C@@H]2O)[C@H](O)[C@H](O)[C@H]1O,0.54,0.412,0.483,0.417,0.1,0.313,0.882,1
Campesteryl palmitate,CCCCCCCCCCCCCCCC(=O)O[C@H]1CC[C@@]2(C)C(=CC[C@H]3[C@@H]4CC[C@H]([C@H](C)CC[C@@H](C)C(C)C)[C@@]4(C)CC[C@@H]32)C1,0.36,0.413,0.493,0.393,0.388,0.68,0.547,1
"1,2-Dihydro-1,3,8-trihydroxy-2-methylanthraquinone",CC1C(=O)C=C2C(=O)c3cccc(O)c3C(O)=C2C1O,0.548,0.57,0.52,0.452,0.455,0.48,0.422,1
"1,2-Dimethoxyxanthone",COc1ccc2oc3ccccc3c(=O)c2c1OC,0.767,0.527,0.513,0.34,0.527,0.787,0.451,1
"5,7,4'-Trihydroxy-3',5'-dimethoxy-6,2'-diprenylisoflavone",COc1cc(-c2coc3cc(O)c(CC=C(C)C)c(O)c3c2=O)c(CC=C(C)C)c(OC)c1O,0.597,0.568,0.567,0.343,0.444,0.56,0.4,1
"2-Methyl-9,10-dimethoxy-1,4-anthraquinone",COc1c2c(c(OC)c3ccccc13)C(=O)C(C)=CC2=O,0.727,0.57,0.613,0.473,0.525,0.56,0.4,1
Kaempferol 3-O-(6''-O-acetyl)glucoside-7-O-rhamnoside,CC(=O)OCC1OC(Oc2c(-c3ccc(O)cc3)oc3cc(OC4OC(C)C(O)C(O)C4O)cc(O)c3c2=O)C(O)C(O)C1O,0.567,0.499,0.483,0.267,0.342,0.308,0.653,1
"2-(4-Hydroxyphenyl)-3,5,7-trimethoxy-4H-1-benzopyran-4-one",COc1cc(OC)c2c(=O)c(OC)c(-c3ccc(O)cc3)oc2c1,0.88,0.643,0.607,0.44,0.363,0.147,0.708,1
"1,2-Dimethoxy-3,8-dihydroxyxanthone",COc1c(O)cc2oc3cccc(O)c3c(=O)c2c1OC,0.787,0.57,0.61,0.39,0.423,0.49,0.479,1
Pinostrobin 5-glucoside,COc1cc2c(c(OC3OC(CO)C(O)C(O)C3O)c1)C(=O)CC(c1ccccc1)O2,0.465,0.468,0.413,0.428,0.429,0.427,0.468,1
4-Hydroxy-trans-cinnamic acid icosyl ester,CCCCCCCCCCCCCCCCCCCCOC(=O)/C=C/c1ccc(O)cc1,0.4,0.457,0.433,0.477,0.555,0.537,0.408,1
p-Coumaroyl-d-alanine,C[C@@H](NC(=O)/C=C/c1ccc(O)cc1)C(=O)O,0.23,0.46,0.35,0.444,0.467,0.49,0.404,1
6-Hydroxygalangin,O=c1c(O)c(-c2ccccc2)oc2cc(O)c(O)c(O)c12,0.783,0.502,0.48,0.327,0.499,0.33,0.6,1
6beta-Hydroxycampest-4-en-3-one,CC(C)[C@H](C)CC[C@@H](C)[C@H]1CC[C@H]2[C@@H]3C[C@@H](O)C4=CC(=O)CC[C@]4(C)[C@H]3CC[C@]12C,0.323,0.432,0.62,0.322,0.369,0.492,0.649,1
Glucodigitoxigenin,C[C@]12CC[C@H](O[C@@H]3O[C@H](CO)[C@@H](O)[C@H](O)[C@H]3O)C[C@H]1CC[C@@H]1[C@@H]2CC[C@]2(C)[C@@H](C3=CC(=O)OC3)CC[C@]12O,0.357,0.442,0.522,0.38,0.325,0.426,0.422,1
Gentioside,COc1ccc2oc3cc(OC4O[C@@H](CO[C@@H]5OC[C@H](O)[C@H](O)[C@H]5O)[C@@H](O)[C@H](O)[C@H]4O)cc(O)c3c(=O)c2c1,0.577,0.567,0.537,0.47,0.422,0.433,0.46,1
8-Demethyleucalyptin,COc1ccc(-c2cc(=O)c3c(O)c(C)c(OC)cc3o2)cc1,0.847,0.64,0.59,0.477,0.537,0.46,0.604,1
"1-Hydroxy-3,5,6,7-tetramethoxyxanthen-9-one",COc1cc(O)c2c(=O)c3cc(OC)c(OC)c(OC)c3oc2c1,0.807,0.52,0.62,0.303,0.375,0.35,0.558,1
"Quercetin 3,7-dirhamnoside",C[C@@H]1O[C@@H](Oc2cc(O)c3c(=O)c(O[C@@H]4O[C@@H](C)[C@H](O)[C@@H](O)[C@H]4O)c(-c4ccc(O)c(O)c4)oc3c2)[C@H](O)[C@H](O)[C@H]1O,0.613,0.412,0.457,0.267,0.145,0.203,0.738,1
Didymin,COc1ccc([C@@H]2CC(=O)c3c(O)cc(O[C@@H]4O[C@H](CO[C@@H]5O[C@@H](C)[C@H](O)[C@@H](O)[C@H]5O)[C@@H](O)[C@H](O)[C@H]4O)cc3O2)cc1,0.495,0.408,0.42,0.324,0.423,0.372,0.561,1
4-Hydroxycinnamic acid hexadecyl ester,CCCCCCCCCCCCCCCCOC(=O)/C=C/c1ccc(O)cc1,0.4,0.457,0.433,0.477,0.555,0.537,0.408,1
"5,7,4'-Trihydroxy-3'-methoxy-5'-prenylisoflavone",COc1cc(-c2coc3cc(O)cc(O)c3c2=O)cc(CC=C(C)C)c1O,0.63,0.482,0.503,0.337,0.393,0.527,0.468,1
7-O-Methyltetrahydroochnaflavone,COc1cc(O)c2c(c1)O[C@H](c1ccc(O)c(Oc3ccc([C@@H]4CC(=O)c5c(O)cc(O)cc5O4)cc3)c1)CC2=O,0.42,0.341,0.358,0.24,0.467,0.387,0.765,1
Virolane,COc1ccc(CCCc2ccc3c(c2)OCO3)c(O)c1,0.627,0.527,0.667,0.447,0.724,0.508,0.411,1
"5alpha-Stigmast-7-en-3beta-ol, acetate",CC[C@H](CC[C@@H](C)[C@H]1CC[C@H]2C3=CC[C@H]4C[C@@H](OC(C)=O)CC[C@]4(C)[C@H]3CC[C@]12C)C(C)C,0.34,0.413,0.431,0.423,0.43,0.541,0.416,1
"3,4-Bis[[3-[1,3-dihydroxy-1-(4-hydroxy-3-methoxyphenyl)propan-2-yl]-4-hydroxy-5-methoxyphenyl]methyl]oxolan-2-one",COc1cc(C(O)C(CO)c2cc(CC3COC(=O)C3Cc3cc(OC)c(O)c(C(CO)C(O)c4ccc(O)c(OC)c4)c3)cc(OC)c2O)ccc1O,0.3,0.471,0.477,0.217,0.553,0.594,0.661,1
Quercetin-3-glucoside,O=c1c(O[C@@H]2O[C@H](CO)[C@@H](O)[C@H](O)[C@H]2O)c(-c2ccc([O-])c(O)c2)oc2cc(O)cc(O)c12,0.633,0.387,0.407,0.613,0.207,0.343,0.648,1
"3'-Prenyl-2,4,5,2',4'-pentahydroxychalcone",CC(C)=CCc1c(O)ccc(C(=O)/C=C/c2cc(O)c(O)cc2O)c1O,0.57,0.437,0.467,0.463,0.52,0.227,0.426,1
"Isoetin 5,7-dimethyl ether",COc1cc(OC)c2c(=O)cc(-c3cc(O)c(O)cc3O)oc2c1,0.853,0.57,0.593,0.443,0.52,0.497,0.622,1
"[(2R,3S,6S)-6-[2-(3,4-dihydroxyphenyl)-5,7-dihydroxy-4-oxochromen-3-yl]oxy-3,4,5-trihydroxyoxan-2-yl]methyl (E)-3-(4-hydroxyphenyl)prop-2-enoate",O=C(/C=C/c1ccc(O)cc1)OC[C@H]1O[C@@H](Oc2c(-c3ccc(O)c(O)c3)oc3cc(O)cc(O)c3c2=O)C(O)C(O)[C@@H]1O,0.577,0.457,0.48,0.593,0.747,0.387,0.912,1
"2'-Hydroxy-4'-methoxy-5,6-methylenedioxy-2-phenylbenzofuran",COc1ccc(-c2cc3cc4c(cc3o2)OCO4)c(O)c1,0.692,0.547,0.562,0.535,0.595,0.483,0.414,1
"6-(1,3-Benzodioxole-5-yl)-2-hexanol",CC(O)CCCCc1ccc2c(c1)OCO2,0.418,0.401,0.515,0.368,0.711,0.517,0.404,1
18-Beta-hydroxy-3-epi-alpha-yohimbine,COC(=O)[C@@H]1[C@@H](O)[C@H](O)C[C@@H]2CN3CCc4c([nH]c5ccccc45)[C@H]3C[C@@H]21,0.406,0.401,0.457,0.623,0.558,0.567,0.447,1
"(1Z)-2-(3,5-dihydroxyphenyl)-3-(4-hydroxy-3-methoxyphenyl)-1-[(4-hydroxy-3-methoxyphenyl)methylidene]-2,3-dihydroindene-4,6-diol",COc1cc(/C=C2\c3cc(O)cc(O)c3C(c3ccc(O)c(OC)c3)C2c2cc(O)cc(O)c2)ccc1O,0.383,0.547,0.591,0.357,0.413,0.578,0.4,1
"5,6-Dihydroxy-1,3-dimethoxy-9H-xanthen-9-one",COc1cc(OC)c2c(=O)c3ccc(O)c(O)c3oc2c1,0.823,0.541,0.597,0.335,0.4,0.34,0.446,1
25-Methyl-5alpha-ergost-24(28)-en-3beta-ol,C=C(CC[C@@H](C)[C@H]1CC[C@H]2[C@@H]3CC[C@H]4C[C@@H](O)CC[C@]4(C)[C@H]3CC[C@]12C)C(C)(C)C,0.337,0.413,0.563,0.383,0.42,0.617,0.408,1
"5,7-Dihydroxy-2-(hydroxymethyl)-4H-1-benzopyran-4-one",O=c1cc(CO)oc2cc(O)cc(O)c12,0.777,0.41,0.493,0.25,0.27,0.235,0.538,1
"1,7-Bis(4-hydroxyphenyl)-1,4,6-heptatrien-3-one",O=C(C=CC=Cc1ccc(O)cc1)C=Cc1ccc(O)cc1,0.36,0.663,0.41,0.64,0.59,0.24,0.517,1
alpha-Rhamnorobin,CC(O)C1OC(Oc2cc(O)c3c(=O)c(O)c(-c4ccc(O)cc4)oc3c2)C(O)C1O,0.53,0.426,0.43,0.237,0.338,0.237,0.459,1
"4-[2-(3-Hydroxyphenyl)ethyl]-2,6-dimethoxyphenol",COc1cc(CCc2cccc(O)c2)cc(OC)c1O,0.57,0.623,0.7,0.41,0.502,0.55,0.408,1
(-)-8-Oxocanadine,O=C1c2c(ccc(O)c2O)CC2c3cc4c(cc3CCN12)OCO4,0.343,0.484,0.425,0.336,0.418,0.55,0.44,1
Kaempferide 7-glucoside,COc1ccc(-c2oc3cc(O[C@@H]4O[C@H](CO)[C@@H](O)[C@H](O)[C@H]4O)cc(O)c3c(=O)c2O)cc1,0.683,0.437,0.503,0.393,0.27,0.39,0.481,1
2-Methyl-2-butenyl caffeate,CC=C(C)COC(=O)/C=C/c1ccc(O)c(O)c1,0.377,0.447,0.47,0.443,0.295,0.563,0.4,1
15-Hydroxy-20-deoxyvinblastine,CC[C@@H]1CN2CCc3c([nH]c4ccccc34)[C@@](C(=O)OC)(c3cc4c(cc3OC)N(C)[C@H]3[C@@](O)(C(=O)OC)[C@H](OC(C)=O)[C@]5(CC)C=CCN6CC[C@]43[C@@H]65)C[C@H](C2)C1O,0.38,0.483,0.55,0.49,0.437,0.353,0.789,1
"4,5-Dihydro-5-[(Z)-1-butenyl]furan-2(3H)-one",CCC=CC1CCC(=O)O1,0.14,0.318,0.323,0.208,0.243,0.393,0.516,1
7-Methoxyvasicinone,COc1ccc2nc3n(c(=O)c2c1)CC[C@H]3O,0.357,0.372,0.37,0.24,0.43,0.663,0.426,1
"(2S)-6-hydroxy-5,7,8-trimethoxy-2-phenyl-2,3-dihydrochromen-4-one",COc1c(O)c(OC)c2c(c1OC)O[C@H](c1ccccc1)CC2=O,0.543,0.515,0.452,0.423,0.459,0.437,0.471,1
"7-[(6-O-alpha-L-Rhamnopyranosyl-beta-D-glucopyranosyl)oxy]-4',5-dihydroxy-6-methoxyflavone",COc1c(O[C@@H]2O[C@H](CO[C@@H]3O[C@@H](C)[C@H](O)[C@@H](O)[C@H]3O)[C@@H](O)[C@H](O)[C@H]2O)cc2oc(-c3ccc(O)cc3)cc(=O)c2c1O,0.713,0.603,0.593,0.467,0.446,0.413,0.561,1
"(1Z,4Z)-1,5-Bis(4-hydroxyphenyl)-1,4-pentadiene",Oc1ccc(C=CCC=Cc2ccc(O)cc2)cc1,0.597,0.63,0.595,0.53,0.7,0.247,0.433,1
Angeflorin,COc1ccc(-c2cc(=O)c3c(O)c(O[C@@H]4O[C@H](CO)[C@@H](O)[C@H](O)[C@H]4O)c(OC)cc3o2)cc1,0.753,0.577,0.623,0.561,0.488,0.53,0.424,1
"24-Methylcholesta-5,22-dienol",CC(C=C[C@@H](C)[C@H]1CC[C@H]2[C@@H]3CC=C4CCCC[C@]4(C)[C@H]3CC[C@]12C)C(C)CO,0.329,0.467,0.509,0.472,0.505,0.545,0.438,1
19-Carboxydigitoxigenin,C[C@]12CC[C@H]3[C@@H](CC[C@@H]4C[C@@H](O)CC[C@]43CC(=O)O)[C@@]1(O)CC[C@@H]2C1=CC(=O)OC1,0.327,0.487,0.51,0.297,0.431,0.42,0.459,1
Stigmasta-4-ene-one,CC(=O)[C@H](CC[C@@H](C)[C@H]1CC[C@H]2[C@@H]3CCC4=CCCC[C@]4(C)[C@H]3CC[C@]12C)C(C)C,0.303,0.523,0.547,0.413,0.417,0.537,0.472,1
"2-Acetoxy-4,5-dimethoxycinnamic acid",COc1cc(C=CC(=O)O)c(OC(C)=O)cc1OC,0.43,0.257,0.273,0.19,0.307,0.62,0.444,1
"Stigmast-5-ene-3beta,4alpha-diol",CC[C@H](CC[C@@H](C)[C@H]1CC[C@H]2[C@@H]3CC=C4[C@H](O)[C@@H](O)CC[C@]4(C)[C@H]3CC[C@]12C)C(C)C,0.347,0.467,0.507,0.253,0.307,0.57,0.705,1
Trihydroxy-methoxy-flavonol,COc1c(O)c(O)c(O)c2oc(-c3ccccc3)c(O)c(=O)c12,0.87,0.572,0.673,0.461,0.48,0.433,0.451,1
"2'-Hydroxy-3,4,4',6'-tetramethoxy dihydrochalcone",COC1=C(OC)CC(C=CC(=O)c2c(O)cc(OC)cc2OC)C=C1,0.403,0.478,0.497,0.427,0.492,0.358,0.431,1
(z)-5-Decen-4-olide,CCCCC=CC1CCC(=O)O1,0.127,0.322,0.344,0.275,0.289,0.457,0.462,1
1-Cyclohexyl-11-heneicosanone,CCCCCCCCCCC(=O)CCCCCCCCCCC1CCCCC1,0.217,0.343,0.55,0.421,0.424,0.605,0.586,1
Lathyrol diacetate benzoate,C=C1CC[C@H]2[C@@H](/C=C(/C)C(=O)[C@@]3(OC(C)=O)C[C@H](C)C(OC(=O)c4ccccc4)C3C1OC(C)=O)C2(C)C,0.367,0.487,0.523,0.407,0.497,0.554,0.506,1
"3-[(E)-(1,3-Benzodioxole-5-yl)methylene]-4-piperonyltetrahydrofuran-2-one",O=C1OCC(Cc2ccc3c(c2)OCO3)C1=Cc1ccc2c(c1)OCO2,0.507,0.466,0.48,0.287,0.672,0.433,0.415,1
(Z)-4-Hydroxy-6-dodecenoic acid lactone,CCCCCC=CCC1CCC(=O)O1,0.113,0.273,0.343,0.345,0.328,0.58,0.595,1
Racephedrine,CNC(C)C(O)c1ccccc1,0.403,0.23,0.4,0.763,0.196,0.453,0.486,1
Hydroxylupanine,O=C1CCC[C@@H]2[C@H]3C[C@@H](CN12)[C@@H]1C[C@@H](O)CCN1C3,0.207,0.207,0.323,0.24,0.35,0.577,0.41,1
18-Hydroxyepialloyohimbine,COC(=O)[C@H]1[C@H]2C[C@@H]3c4[nH]c5ccccc5c4CCN3C[C@H]2CC(O)[C@@H]1O,0.406,0.401,0.457,0.623,0.558,0.567,0.447,1
"2',3',4',5',6'-Pentamethoxychalcone",COc1c(OC)c(OC)c(C(=O)C=Cc2ccccc2)c(OC)c1OC,0.747,0.327,0.4,0.391,0.532,0.44,0.5,1
"2,4,5-Trimethoxy cinnamaldehyde",COc1cc(OC)c(OC)cc1/C=C/C=O,0.485,0.262,0.323,0.197,0.207,0.677,0.607,1
24-Ethylcholest-5-en-3-ol,CCC(CC[C@@H](C)[C@H]1CC[C@H]2[C@@H]3CC=C4CC(O)CC[C@]4(C)[C@H]3CC[C@]12C)C(C)C,0.333,0.437,0.509,0.127,0.18,0.65,1.0,1
Stigmast-5-en-3-ol,CC[C@H](CC[C@@H](C)[C@H]1CC[C@H]2[C@@H]3CC=C4CC(O)CC[C@]4(C)[C@H]3CC[C@]12C)C(C)C,0.333,0.437,0.509,0.127,0.18,0.65,1.0,1
Quercetin 7-O-glucoside,O=c1c(O)c(-c2ccc(O)c(O)c2)oc2cc(OC3OC(CO)C(O)C(O)C3O)cc(O)c12,0.643,0.358,0.391,0.472,0.248,0.267,0.562,1
Archangelenone,CC(C)=CCOc1ccc([C@@H]2CC(=O)c3c(O)cc(O)cc3O2)cc1,0.387,0.313,0.39,0.267,0.472,0.377,0.692,1
Arctignan C,COc1cc(C[C@H]2COC(=O)[C@@H]2Cc2cc(OC)c(O)c(C(CO)C(=O)c3ccc(O)c(OC)c3)c2)ccc1O,0.277,0.468,0.44,0.227,0.583,0.583,0.695,1
Arctignan E,COc1cc(C(O)C(CO)c2cc(C[C@H]3C(=O)OC[C@@H]3Cc3cc(OC)c4c(c3)[C@H](CO)[C@@H](c3ccc(O)c(OC)c3)O4)cc(OC)c2O)ccc1O,0.303,0.502,0.45,0.24,0.521,0.6,0.548,1
Astragalin,O=c1c(O[C@@H]2O[C@H](CO)[C@@H](O)[C@H](O)[C@H]2O)c(-c2ccc(O)cc2)oc2cc(O)cc(O)c12,0.687,0.428,0.473,0.523,0.237,0.34,0.701,1
beta-Sitosterol,CC[C@H](CC[C@@H](C)[C@H]1CC[C@H]2[C@@H]3CC=C4C[C@@H](O)CC[C@]4(C)[C@H]3CC[C@]12C)C(C)C,0.333,0.437,0.509,0.127,0.18,0.65,1.0,1
3beta-(alpha-D-Glucopyranosyloxy)stigmasta-5-ene,CC[C@H](CC[C@@H](C)[C@H]1CC[C@H]2[C@@H]3CC=C4C[C@@H](O[C@H]5O[C@H](CO)[C@@H](O)[C@H](O)[C@H]5O)CC[C@]4(C)[C@H]3CC[C@]12C)C(C)C,0.34,0.42,0.445,0.257,0.315,0.595,0.658,1
Daucosterol,CC[C@H](CC[C@@H](C)[C@H]1CC[C@H]2[C@@H]3CC=C4C[C@@H](O[C@@H]5O[C@H](CO)[C@@H](O)[C@H](O)[C@H]5O)CC[C@]4(C)[C@H]3CC[C@]12C)C(C)C,0.34,0.42,0.445,0.257,0.315,0.595,0.658,1
beta-Sitosterol-3-beta-d-glucoside,CCC(CC[C@@H](C)[C@H]1CC[C@H]2[C@H]3CC=C4C[C@@H](O[C@@H]5O[C@H](CO)[C@@H](O)[C@H](O)[C@H]5O)CC[C@@]4(C)[C@H]3CC[C@]12C)C(C)C,0.34,0.42,0.445,0.257,0.315,0.595,0.658,1
beta-sitosterol-3-O-beta-d-glucoside,CCC(CC[C@@H](C)[C@H]1CC[C@H]2[C@@H]3CC=C4C[C@@H](O[C@@H]5O[C@H](CO)[C@@H](O)[C@H](O)[C@H]5O)CC[C@]4(C)[C@H]3CC[C@]12C)C(C)C,0.34,0.42,0.445,0.257,0.315,0.595,0.658,1
beta-Sitosterol-d-glucoside,CC[C@H](CC[C@@H](C)[C@H]1CC[C@H]2[C@@H]3CC=C4CC(O[C@@H]5O[C@H](CO)[C@@H](O)[C@H](O)[C@H]5O)CC[C@]4(C)[C@H]3CC[C@]12C)C(C)C,0.34,0.42,0.445,0.257,0.315,0.595,0.658,1
Stigmasterol,CC[C@H](/C=C/[C@@H](C)[C@H]1CC[C@H]2[C@@H]3CC=C4C[C@@H](O)CC[C@]4(C)[C@H]3CC[C@]12C)C(C)C,0.317,0.403,0.519,0.363,0.362,0.595,0.667,1
Camellin,CC1OC(OC2C(CO)OC(Oc3cc(O)cc4oc(-c5ccc(O)cc5)cc(=O)c34)C(O)C2O)C(O)C(O)C1O,0.653,0.487,0.455,0.4,0.373,0.375,0.44,1
Cianidanol,Oc1cc(O)c2c(c1)O[C@H](c1ccc(O)c(O)c1)[C@@H](O)C2,0.373,0.434,0.451,0.357,0.362,0.597,0.479,1
(+)-Catechin gallate,O=C(O[C@H]1Cc2c(O)cc(O)cc2O[C@@H]1c1ccc(O)c(O)c1)c1cc(O)c(O)c(O)c1,0.39,0.461,0.411,0.377,0.387,0.813,0.424,1
Chrysin 7-glucuronide,O=C(O)C1O[C@@H](Oc2cc(O)c3c(=O)cc(-c4ccccc4)oc3c2)C(O)[C@@H](O)[C@@H]1O,0.697,0.663,0.47,0.303,0.372,0.203,0.491,1
Clerosterol,C=C(C)[C@@H](CC)CC[C@@H](C)[C@H]1CC[C@H]2[C@@H]3CC=C4C[C@@H](O)CC[C@]4(C)[C@H]3CC[C@]12C,0.337,0.363,0.486,0.217,0.302,0.647,0.767,1
Stigmastanol,CC[C@H](CC[C@@H](C)[C@H]1CC[C@H]2[C@@H]3CC[C@H]4C[C@@H](O)CC[C@]4(C)[C@H]3CC[C@]12C)C(C)C,0.343,0.363,0.51,0.323,0.393,0.563,0.607,1
(-)-Epicatechin,Oc1cc(O)c2c(c1)O[C@H](c1ccc(O)c(O)c1)[C@H](O)C2,0.373,0.434,0.451,0.357,0.362,0.597,0.479,1
"(S)-2-(3,4-Dihydroxyphenyl)-7-(beta-D-glucopyranosyloxy)-2,3-dihydro-5-hydroxy-4H-1-benzopyran-4-one",O=C1CC(c2ccc(O)c(O)c2)Oc2cc(O[C@H]3O[C@H](CO)[C@@H](O)[C@H](O)[C@H]3O)cc(O)c21,0.205,0.324,0.317,0.287,0.357,0.357,0.579,1
Hyperoside,O=c1c(O[C@@H]2O[C@H](CO)[C@H](O)[C@H](O)[C@H]2O)c(-c2ccc(O)c(O)c2)oc2cc(O)cc(O)c12,0.67,0.378,0.433,0.703,0.153,0.267,0.754,1
Isorhamnetin-3-O-galactoside,COc1cc(-c2oc3cc(O)cc(O)c3c(=O)c2O[C@@H]2O[C@H](CO)[C@@H](O)[C@H](O)[C@@H]2O)ccc1O,0.66,0.512,0.49,0.563,0.13,0.433,0.783,1
Isorhamnetin 3-O-robinobioside,COc1cc(-c2oc3cc(O)cc(O)c3c(=O)c2OC2O[C@H](CO[C@@H]3O[C@@H](C)[C@H](O)[C@@H](O)[C@H]3O)[C@H](O)[C@H](O)[C@H]2O)ccc1O,0.603,0.536,0.51,0.38,0.043,0.469,1.0,1
"5,7-dihydroxy-2-(4-hydroxy-3-methoxyphenyl)-4-oxo-4H-chromen-3-yl 6-O-(6-deoxy-alpha-D-mannopyranosyl)-beta-D-glucopyranoside",COc1cc(-c2oc3cc(O)cc(O)c3c(=O)c2O[C@@H]2O[C@H](CO[C@H]3O[C@H](C)[C@@H](O)[C@H](O)[C@@H]3O)[C@@H](O)[C@H](O)[C@H]2O)ccc1O,0.603,0.536,0.51,0.38,0.043,0.469,1.0,1
"5,7-Dihydroxy-2-(4-hydroxyphenyl)-3-[3,4,5-trihydroxy-6-(hydroxymethyl)oxan-2-yl]oxychromen-4-one",O=c1c(OC2OC(CO)C(O)C(O)C2O)c(-c2ccc(O)cc2)oc2cc(O)cc(O)c12,0.687,0.428,0.473,0.523,0.237,0.34,0.701,1
Kaempferol-3-O-glucorhamnoside,CC1OC(OC2C(Oc3c(-c4ccc(O)cc4)oc4cc(O)cc(O)c4c3=O)OC(CO)C(O)C2O)C(O)C(O)C1O,0.563,0.468,0.46,0.353,0.14,0.369,0.7,1
Kaempferol-3-glucorhamnoside,C[C@H]1O[C@@H](O[C@H]2[C@H](Oc3c(-c4ccc(O)cc4)oc4cc(O)cc(O)c4c3=O)O[C@@H](CO)[C@H](O)[C@H]2O)[C@H](O)[C@@H](O)[C@@H]1O,0.563,0.468,0.46,0.353,0.14,0.369,0.7,1
Trifolin,O=c1c(O[C@@H]2O[C@H](CO)[C@H](O)[C@H](O)[C@H]2O)c(-c2ccc(O)cc2)oc2cc(O)cc(O)c12,0.687,0.428,0.473,0.523,0.237,0.34,0.701,1
Kaempferol 3-neohesperidoside,C[C@@H]1O[C@@H](O[C@H]2[C@H](Oc3c(-c4ccc(O)cc4)oc4cc(O)cc(O)c4c3=O)O[C@H](CO)[C@@H](O)[C@@H]2O)[C@H](O)[C@H](O)[C@H]1O,0.563,0.468,0.46,0.353,0.14,0.369,0.7,1
Kaempferol 4'-glucoside,O=c1c(O)c(-c2ccc(O[C@@H]3O[C@H](CO)[C@@H](O)[C@H](O)[C@H]3O)cc2)oc2cc(O)cc(O)c12,0.693,0.368,0.41,0.423,0.21,0.343,0.533,1
kaempferol 7-O-glucoside,O=c1c(O)c(-c2ccc(O)cc2)oc2cc(O[C@@H]3O[C@H](CO)[C@@H](O)[C@H](O)[C@H]3O)cc(O)c12,0.657,0.39,0.446,0.383,0.302,0.293,0.52,1
l-Tetrahydrocoptisine,c1cc2c(c3c1C[C@@H]1c4cc5c(cc4CCN1C3)OCO5)OCO2,0.39,0.287,0.45,0.384,0.383,0.557,0.457,1
Luteolin-7-o-glucuronide,O=C(O)C1OC(Oc2cc(O)c3c(=O)cc(-c4ccc(O)c(O)c4)oc3c2)C(O)C(O)C1O,0.66,0.513,0.46,0.427,0.367,0.147,0.556,1
luteolin-7-O-gentiobioside,O=c1cc(-c2ccc(O)c(O)c2)oc2cc(O[C@@H]3O[C@H](CO[C@@H]4O[C@H](CO)[C@@H](O)[C@H](O)[C@H]4O)[C@@H](O)[C@H](O)[C@H]3O)cc(O)c12,0.68,0.463,0.507,0.533,0.327,0.257,0.553,1
"4H-1-Benzopyran-4-one, 2-(3,4-dihydroxyphenyl)-8-beta-D-glucopyranosyl-5,7-dihydroxy-",O=c1cc(-c2ccc(O)c(O)c2)oc2c(C3OC(CO)C(O)C(O)C3O)c(O)cc(O)c12,0.66,0.483,0.458,0.397,0.418,0.36,0.446,1
Lutonarin,O=c1cc(-c2ccc(O)c(O)c2)oc2cc(O[C@@H]3OC(CO)[C@@H](O)[C@H](O)C3O)c([C@@H]3OC(CO)[C@@H](O)[C@H](O)C3O)c(O)c12,0.7,0.508,0.547,0.537,0.43,0.4,0.429,1
Methylisoeugenol,C/C=C/c1ccc(OC)c(OC)c1,0.373,0.353,0.526,0.337,0.307,0.797,0.633,1
Myricetin 3-rhamnoside,CC1OC(Oc2c(-c3cc(O)c(O)c(O)c3)oc3cc(O)cc(O)c3c2=O)C(O)C(O)C1O,0.663,0.412,0.47,0.18,0.117,0.356,0.692,1
Nimbosterin,CC[C@H](CC[C@@H](C)[C@H]1CC[C@H]2[C@@H]3CC=C4C[C@@H](OC5O[C@H](CO)[C@@H](O)[C@H](O)[C@H]5O)CC[C@]4(C)[C@H]3CC[C@]12C)C(C)C,0.34,0.42,0.445,0.257,0.315,0.595,0.658,1
Obovatin methyl ether,COc1cc2c(c3c1C(=O)CC(c1ccccc1)O3)C=CC(C)(C)O2,0.437,0.42,0.467,0.403,0.523,0.417,0.441,1
Octadecyl 3-(4-hydroxyphenyl)prop-2-enoate,CCCCCCCCCCCCCCCCCCOC(=O)C=Cc1ccc(O)cc1,0.4,0.457,0.433,0.477,0.555,0.537,0.408,1
Solanoside,CO[C@@H]1[C@@H](O)[C@H](C)O[C@@H](O[C@H]2CC[C@@]3(C)[C@H](CC[C@@H]4[C@@H]3CC[C@]3(C)[C@@H](C5=CC(=O)OC5)CC[C@]43O)C2)[C@@H]1O,0.323,0.467,0.547,0.327,0.353,0.379,0.422,1
Pashanone,COc1cc(O)c(C(=O)/C=C/c2ccccc2)c(O)c1OC,0.74,0.443,0.49,0.509,0.513,0.43,0.547,1
Rutin,C[C@@H]1O[C@@H](OC[C@H]2O[C@@H](Oc3c(-c4ccc(O)c(O)c4)oc4cc(O)cc(O)c4c3=O)[C@H](O)[C@@H](O)[C@@H]2O)[C@H](O)[C@H](O)[C@H]1O,0.613,0.406,0.46,0.417,0.05,0.326,1.0,1
quercetin 3-O-alpha-L-rhamnofuranoside,C[C@H](O)[C@@H]1O[C@@H](Oc2c(-c3ccc(O)c(O)c3)oc3cc(O)cc(O)c3c2=O)[C@H](O)[C@@H]1O,0.527,0.446,0.417,0.396,0.27,0.23,0.643,1
Quercetin-3-o-beta-d-arabinofuranoside,O=c1c(O[C@@H]2O[C@H](CO)[C@H](O)[C@@H]2O)c(-c2ccc(O)c(O)c2)oc2cc(O)cc(O)c12,0.673,0.381,0.437,0.667,0.153,0.267,0.738,1
Quercetin 3-galactoside 7-rhamnoside,CC1OC(Oc2cc(O)c3c(=O)c(OC4OC(CO)C(O)C(O)C4O)c(-c4ccc(O)c(O)c4)oc3c2)C(O)C(O)C1O,0.58,0.408,0.467,0.489,0.148,0.263,0.754,1
Miquelianin,O=C(O)C1OC(Oc2c(-c3ccc(O)c(O)c3)oc3cc(O)cc(O)c3c2=O)C(O)C(O)C1O,0.603,0.407,0.393,0.403,0.236,0.217,0.652,1
"quercetin 3,7-di-O-glucoside",O=c1c(OC2O[C@H](CO)[C@H](O)[C@@H](O)[C@H]2O)c(-c2ccc(O)c(O)c2)oc2cc(OC3O[C@H](CO)[C@H](O)[C@@H](O)[C@H]3O)cc(O)c12,0.617,0.404,0.457,0.639,0.235,0.243,0.667,1
Quercetin 7-rutinoside,CC1O[C@@H](OCC2O[C@@H](Oc3cc(O)c4c(=O)c(O)c(-c5ccc(O)c(O)c5)oc4c3)C(O)[C@@H](O)[C@@H]2O)C(O)[C@@H](O)[C@H]1O,0.603,0.396,0.46,0.383,0.237,0.298,0.768,1
Quercitrin,C[C@@H]1O[C@@H](Oc2c(-c3ccc(O)c(O)c3)oc3cc(O)cc(O)c3c2=O)[C@H](O)[C@H](O)[C@H]1O,0.677,0.382,0.403,0.25,0.037,0.246,0.836,1
stigmast-5-en-3beta-yl beta-D-glucopyranoside,CC[C@H](CC[C@@H](C)[C@H]1CC[C@H]2[C@@H]3CC=C4C[C@@H](O[C@@H]5OC(CO)[C@@H](O)C(O)C5O)CC[C@]4(C)[C@H]3CC[C@]12C)C(C)C,0.34,0.42,0.445,0.257,0.315,0.595,0.658,1
beta-Sitosterol-beta-D-glucoside,CC[C@H](CC[C@@H](C)[C@H]1CC[C@H]2[C@H]3CC=C4C[C@@H](O[C@H]5O[C@H](CO)[C@@H](O)[C@H](O)[C@H]5O)CC[C@@]4(C)[C@H]3CC[C@]12C)C(C)C,0.34,0.42,0.445,0.257,0.315,0.595,0.658,1
Schottenol,CC[C@H](CC[C@@H](C)[C@H]1CC[C@H]2C3=CC[C@H]4C[C@@H](O)CC[C@]4(C)[C@H]3CC[C@]12C)C(C)C,0.363,0.393,0.478,0.394,0.39,0.496,0.522,1
"Stigmasta-5,22,25-trien-3beta-ol",C=C(C)[C@@H](C=C[C@@H](C)[C@H]1CC[C@H]2[C@@H]3CC=C4C[C@@H](O)CC[C@]4(C)[C@H]3CC[C@]12C)CC,0.3,0.42,0.486,0.353,0.393,0.634,0.636,1
Stigmasterol glucoside,CC[C@H](/C=C/[C@@H](C)[C@H]1CC[C@H]2[C@@H]3CC=C4C[C@@H](O[C@@H]5O[C@H](CO)[C@@H](O)[C@H](O)[C@H]5O)CC[C@]4(C)[C@H]3CC[C@]12C)C(C)C,0.337,0.403,0.465,0.42,0.398,0.583,0.452,1
Stigmasteryl glucoside,CC[C@H](/C=C/[C@@H](C)[C@H]1CC[C@H]2[C@@H]3CC=C4C[C@@H](O[C@@H]5OC(CO)[C@@H](O)C(O)C5O)CC[C@]4(C)[C@H]3CC[C@]12C)C(C)C,0.337,0.403,0.465,0.42,0.398,0.583,0.452,1
"(3S,8S,9S,10R,13R,14S,17R)-17-[(2R,5R)-5-ethyl-6-methylhept-3-en-2-yl]-10,13-dimethyl-2,3,4,7,8,9,11,12,14,15,16,17-dodecahydro-1H-cyclopenta[a]phenanthren-3-ol",CC[C@@H](C=C[C@@H](C)[C@H]1CC[C@H]2[C@@H]3CC=C4C[C@@H](O)CC[C@]4(C)[C@H]3CC[C@]12C)C(C)C,0.317,0.403,0.519,0.363,0.362,0.595,0.667,1
Taxifolin-3-glucopyranoside,O=C1c2c(O)cc(O)cc2O[C@@H](c2ccc(O)c(O)c2)[C@@H]1O[C@@H]1O[C@H](CO)[C@@H](O)[C@H](O)[C@H]1O,0.393,0.496,0.407,0.387,0.34,0.48,0.486,1
Quercetin 3-O-(6''-galloyl)-beta-D-glucopyranoside,O=C(OC[C@H]1O[C@@H](Oc2c(-c3ccc(O)c(O)c3)oc3cc(O)cc(O)c3c2=O)[C@H](O)[C@@H](O)[C@@H]1O)c1cc(O)c(O)c(O)c1,0.607,0.45,0.45,0.517,0.337,0.37,0.699,1
"5,7-Dihydroxy-2-phenyl-6-[3,4,5-trihydroxy-6-(hydroxymethyl)oxan-2-yl]oxychromen-4-one",O=c1cc(-c2ccccc2)oc2cc(O)c(OC3OC(CO)C(O)C(O)C3O)c(O)c12,0.717,0.525,0.547,0.433,0.487,0.393,0.527,1
Thalictiin,O=c1cc(-c2ccc(O)cc2)oc2cc(O[C@@H]3O[C@H](CO)[C@H](O)[C@H](O)[C@H]3O)cc(O)c12,0.72,0.523,0.495,0.46,0.363,0.253,0.538,1
(-)-trans-Khellactone,CC1(C)Oc2ccc3ccc(=O)oc3c2[C@H](O)[C@H]1O,0.515,0.533,0.537,0.363,0.405,0.303,0.538,1
Tricin 7-glucoside,COc1cc(-c2cc(=O)c3c(O)cc(OC4OC(CO)C(O)C(O)C4O)cc3o2)cc(OC)c1O,0.683,0.452,0.483,0.439,0.305,0.45,0.439,1
"(E)-1-(2-hydroxy-4,6-dimethoxyphenyl)but-2-en-1-one",C/C=C/C(=O)c1c(O)cc(OC)cc1OC,0.453,0.39,0.413,0.307,0.46,0.271,0.529,1
Vinblastine,CC[C@]1(O)C[C@@H]2CN(CCc3c([nH]c4ccccc34)[C@@](C(=O)OC)(c3cc4c(cc3OC)N(C)[C@H]3[C@@](O)(C(=O)OC)[C@H](OC(C)=O)[C@]5(CC)C=CCN6CC[C@]43[C@@H]65)C2)C1,0.358,0.48,0.46,0.506,0.237,0.213,1.0,1
Vincovaline,CC[C@@]1(O)C[C@H]2CN(CCc3c([nH]c4ccccc34)[C@](C(=O)OC)(c3cc4c(cc3OC)N(C)[C@H]3[C@@](O)(C(=O)OC)[C@H](OC(C)=O)[C@]5(CC)C=CCN6CC[C@]43[C@@H]65)C2)C1,0.358,0.48,0.46,0.506,0.237,0.213,1.0,1
Vinrosidine,CC[C@@]1(O)C[C@@H]2CN(CCc3c([nH]c4ccccc34)[C@@](C(=O)OC)(c3cc4c(cc3OC)N(C)[C@H]3[C@@](O)(C(=O)OC)[C@H](OC(C)=O)[C@]5(CC)C=CCN6CC[C@]43[C@@H]65)C2)C1,0.358,0.48,0.46,0.506,0.237,0.213,1.0,1
(+)-11-Isolupanine,O=C1CCC[C@@H]2[C@H]3C[C@@H](CN12)[C@H]1CCCCN1C3,0.19,0.18,0.277,0.207,0.337,0.62,0.645,1
"1,2,3-Trimethoxybenzene",COc1cccc(OC)c1OC,0.69,0.49,0.723,0.501,0.387,0.72,0.441,1
1-Hexyl-3-methylcyclopentane,CCCCCCC1CCC(C)C1,0.277,0.197,0.56,0.328,0.221,0.596,0.414,1
"6,7,8,9-Tetrahydro-5H-cyclohepta[b]pyridine",c1cnc2c(c1)CCCCC2,0.487,0.34,0.525,0.557,0.422,0.543,0.4,1
1-Methylheptyl acetate,CCCCCCC(C)OC(C)=O,0.2,0.237,0.333,0.193,0.304,0.347,0.415,1
"3-(3,4-Dimethoxyphenyl)-1-propanol",COc1ccc(CCCO)cc1OC,0.377,0.233,0.497,0.257,0.422,0.798,0.431,1
"3,4-Dimethoxy cinnamaldehyde",COc1ccc(/C=C/C=O)cc1OC,0.482,0.33,0.373,0.335,0.327,0.803,0.576,1
"3,4-Dimethoxycinnamyl acetate",COc1ccc(/C=C/COC(C)=O)cc1OC,0.407,0.38,0.307,0.337,0.477,0.717,0.478,1
"3,4-Dimethoxystyrene",C=Cc1ccc(OC)c(OC)c1,0.423,0.331,0.582,0.363,0.331,0.757,0.548,1
"3,4-Dimethoxytoluene",COc1ccc(C)cc1OC,0.403,0.287,0.649,0.34,0.303,0.717,0.419,1
3-(4-Hydroxy-2-methoxyphenyl)-2-propenal,COc1cc(O)ccc1/C=C/C=O,0.547,0.432,0.447,0.367,0.527,0.418,0.41,1
4-Methoxyphenylacetic acid,COc1ccc(CC(=O)O)cc1,0.37,0.183,0.28,0.183,0.337,0.493,0.432,1
Abssinone II,CC(C)=CCc1cc([C@@H]2CC(=O)c3ccc(O)cc3O2)ccc1O,0.21,0.385,0.4,0.213,0.444,0.457,0.464,1
4-Methoxybenzyl acetate,COc1ccc(COC(C)=O)cc1,0.487,0.3,0.38,0.227,0.515,0.44,0.447,1
"Bicyclo[4.2.0]octa-1,3,5-triene",c1ccc2c(c1)CC2,0.27,0.23,0.624,0.692,0.34,0.477,0.714,1
Benzyl isobutyrate,CC(C)C(=O)OCc1ccccc1,0.326,0.347,0.423,0.303,0.66,0.547,0.413,1
2-Naphthol,Oc1ccc2ccccc2c1,0.173,0.534,0.682,0.64,0.617,0.177,0.56,1
Cinnamoyl,O=[C]C=Cc1ccccc1,0.577,0.38,0.439,0.44,0.4,0.48,0.462,1
"(R)-3,4-Dihydro-8-hydroxy-3-tridecyl-1H-2-benzopyran-1-one",CCCCCCCCCCCCCC1Cc2cccc(O)c2C(=O)O1,0.38,0.515,0.463,0.417,0.424,0.623,0.413,1
Ethylcyclohexane,CCC1CCCCC1,0.333,0.307,0.712,0.528,0.408,0.46,0.524,1
Decylcyclopentane,CCCCCCCCCCC1CCCC1,0.177,0.32,0.643,0.461,0.33,0.612,0.762,1
delta-Hexalactone,CC1CCCC(=O)O1,0.08,0.245,0.307,0.29,0.333,0.467,0.414,1
Methyl 4-(3-methoxy-3-oxoprop-1-en-1-yl)benzoate,COC(=O)/C=C/c1ccc(C(=O)OC)cc1,0.237,0.407,0.393,0.413,0.397,0.518,0.409,1
"2(3H)-Furanone, 5-dodecyldihydro-",CCCCCCCCCCCCC1CCC(=O)O1,0.003,0.31,0.41,0.246,0.292,0.663,1.0,1
Isopentyl cinnamate,CC(C)CCOC(=O)/C=C/c1ccccc1,0.397,0.26,0.377,0.331,0.398,0.547,0.457,1
Isoeugenol acetate,CC=Cc1ccc(OC(C)=O)c(OC)c1,0.367,0.399,0.32,0.343,0.353,0.757,0.467,1
Isohesperidin,COc1ccc([C@@H]2CC(=O)c3c(O)cc(O)cc3O2)cc1O[C@@H]1O[C@H](CO[C@@H]2O[C@@H](C)[C@H](O)[C@@H](O)[C@H]2O)[C@@H](O)[C@H](O)[C@H]1O,0.233,0.378,0.353,0.291,0.36,0.522,0.493,1
Kaempferol 3-gentiobioside-7-glucoside,O=c1c(O[C@@H]2OC(CO[C@@H]3OC(CO)[C@@H](O)[C@H](O)C3O)[C@H](O)C(O)C2O)c(-c2ccc(O)cc2)oc2cc(O[C@@H]3OC(CO)[C@H](O)[C@H](O)C3O)cc(O)c12,0.617,0.461,0.483,0.492,0.32,0.303,0.653,1
Licoflavanone,CC(C)=CCc1cc(C2CC(=O)c3c(O)cc(O)cc3O2)ccc1O,0.197,0.28,0.36,0.15,0.379,0.34,0.673,1
Massoia lactone,CCCCCC1CC=CC(=O)O1,0.233,0.25,0.467,0.348,0.312,0.6,0.474,1
Melatonin,COc1ccc2[nH]cc(CCNC(C)=O)c2c1,0.603,0.53,0.516,0.467,0.6,0.56,0.417,1
6-Methoxymellein,COc1cc(O)c2c(c1)C[C@@H](C)OC2=O,0.507,0.408,0.5,0.204,0.267,0.423,0.423,1
Methyl 2-hydroxyhexanoate,CCCCC(O)C(=O)OC,0.28,0.32,0.403,0.237,0.34,0.315,0.436,1
Methyl 2-methyloctanoate,CCCCCCC(C)C(=O)OC,0.26,0.343,0.34,0.233,0.304,0.35,0.526,1
Methyl nicotinate,COC(=O)c1cccnc1,0.743,0.273,0.317,0.33,0.485,0.647,0.5,1
Propylcyclopentane,CCCC1CCCC1,0.253,0.267,0.637,0.478,0.324,0.477,0.65,1
"1,2-Diethylbenzene",CCc1ccccc1CC,0.56,0.3,0.45,0.517,0.478,0.437,0.429,1
4-Isopropylphenyl acetate,CC(=O)Oc1ccc(C(C)C)cc1,0.24,0.319,0.25,0.323,0.24,0.39,0.514,1
p-Xylene,Cc1ccc(C)cc1,0.467,0.237,0.752,0.378,0.26,0.317,0.5,1
Isorhamnetin 3-gentiobioside-7-glucoside,COc1cc(-c2oc3cc(O[C@@H]4OC(CO)[C@@H](O)[C@H](O)C4O)cc(O)c3c(=O)c2O[C@H]2OC(CO[C@@H]3OC(CO)[C@@H](O)[C@H](O)C3O)[C@@H](O)C(O)C2O)ccc1O,0.6,0.526,0.52,0.521,0.212,0.34,0.781,1
Astragaloside,COc1cc(-c2oc3cc(O)cc(O)c3c(=O)c2O[C@@H]2O[C@H](CO[C@@H]3O[C@H](CO)[C@@H](O)[C@H](O)[C@H]3O)[C@@H](O)[C@H](O)[C@H]2O)ccc1O,0.623,0.518,0.51,0.56,0.123,0.443,0.87,1
"5,6-Dihydroxy-3,7,4'-trimethoxyflavone",COc1ccc(-c2oc3cc(OC)c(O)c(O)c3c(=O)c2OC)cc1,0.807,0.617,0.633,0.243,0.387,0.29,0.608,1
Testosterone,C[C@]12CC[C@H]3[C@@H](CCC4=CC(=O)CC[C@@]43C)[C@@H]1CC[C@@H]2O,0.283,0.462,0.7,0.33,0.758,0.347,0.667,1
Thiocolchicine,COc1cc2c(c(OC)c1OC)-c1ccc(SC)c(=O)cc1[C@@H](NC(C)=O)CC2,0.398,0.414,0.37,0.338,0.287,0.337,0.804,1
Tridecyloxirane,CCCCCCCCCCCCCC1CO1,0.37,0.2,0.643,0.364,0.292,0.582,0.484,1
4-(Ethoxymethyl)-2-methoxyphenol,CCOCc1ccc(O)c(OC)c1,0.52,0.507,0.623,0.306,0.35,0.477,0.438,1
"1,3,6-Trihydroxyxanthone",O=c1c2ccc(O)cc2oc2cc(O)cc(O)c12,0.837,0.5,0.493,0.37,0.36,0.407,0.5,1
"(Z)-1,2,3-Trimethoxy-5-propenylbenzene",CC=Cc1cc(OC)c(OC)c(OC)c1,0.723,0.423,0.617,0.27,0.303,0.79,0.545,1
p-Coumaryl alcohol,OC/C=C/c1ccc(O)cc1,0.59,0.63,0.653,0.44,0.643,0.25,0.406,1
1-Ethylnaphthalene,CCc1cccc2ccccc12,0.713,0.503,0.533,0.568,0.575,0.51,0.421,1
"1,1-Diphenylpropane",CCC(c1ccccc1)c1ccccc1,0.52,0.207,0.587,0.848,0.239,0.477,0.429,1
"1,2,3,4-Tetrahydronaphthalene",c1ccc2c(c1)CCCC2,0.213,0.26,0.649,0.742,0.458,0.437,0.857,1
"1,7-Dimethylnaphthalene",Cc1ccc2cccc(C)c2c1,0.76,0.487,0.763,0.588,0.492,0.42,0.478,1
"Cyclohexanone, 2-[(4-methoxyphenyl)methylene]-",COc1ccc(C=C2CCCCC2=O)cc1,0.213,0.4,0.429,0.374,0.417,0.63,0.425,1
2-Methoxy-5-methylphenol,COc1ccc(C)cc1O,0.47,0.34,0.6,0.32,0.343,0.583,0.471,1
2-Methylanthracene,Cc1ccc2cc3ccccc3cc2c1,0.207,0.352,0.625,0.683,0.429,0.387,0.722,1
"2-Nonenoic acid, methyl ester",CCCCCCC=CC(=O)OC,0.453,0.302,0.373,0.232,0.356,0.503,0.404,1
"2,3-Dimethylnaphthalene",Cc1cc2ccccc2cc1C,0.493,0.26,0.607,0.687,0.328,0.457,0.478,1
"2,4-Dimethoxybenzaldehyde",COc1ccc(C=O)c(OC)c1,0.637,0.3,0.39,0.397,0.393,0.652,0.594,1
"2,4-Dimethoxythiophenol",COc1ccc(S)c(OC)c1,0.697,0.3,0.583,0.485,0.538,0.59,0.455,1
"2,4-Dimethylphenol",Cc1ccc(O)c(C)c1,0.507,0.403,0.683,0.39,0.398,0.324,0.429,1
"2,4,6-Trimethylphenol",Cc1cc(C)c(O)c(C)c1,0.523,0.21,0.623,0.283,0.34,0.3,0.423,1
"2,5-Diethyltetrahydrofuran",CCC1CCC(CC)O1,0.34,0.153,0.603,0.34,0.233,0.453,0.4,1
"2,5-Dimethoxytoluene",COc1ccc(OC)c(C)c1,0.563,0.247,0.56,0.418,0.478,0.68,0.444,1
3-(Benzyloxy)phenol,Oc1cccc(OCc2ccccc2)c1,0.68,0.67,0.642,0.647,0.57,0.42,0.467,1
3-Ethylpyridine,CCc1cccnc1,0.747,0.27,0.46,0.377,0.399,0.61,0.458,1
3'-Methoxyacetophenone,COc1cccc(C(C)=O)c1,0.617,0.467,0.31,0.31,0.437,0.603,0.488,1
3-Methoxycinnamaldehyde,COc1cccc(/C=C/C=O)c1,0.702,0.407,0.427,0.411,0.381,0.583,0.5,1
3-Methylpyridine,Cc1cccnc1,0.857,0.223,0.46,0.27,0.233,0.543,0.524,1
3-Pyridinecarboxaldehyde,O=Cc1cccnc1,0.813,0.19,0.293,0.32,0.23,0.557,0.458,1
"3,3'-Dimethylbiphenyl",Cc1cccc(-c2cccc(C)c2)c1,0.64,0.497,0.717,0.527,0.453,0.343,0.4,1
1-(4-Hydroxy-3-methoxyphenyl)-2-butanone,CCC(=O)Cc1ccc(O)c(OC)c1,0.277,0.403,0.487,0.2,0.287,0.54,0.479,1
Benzylacetone,CC(=O)CCc1ccccc1,0.46,0.349,0.327,0.367,0.357,0.58,0.457,1
Butylcyclobutane,CCCCC1CCC1,0.17,0.28,0.643,0.475,0.247,0.487,0.842,1
Butyl nicotinate,CCCCOC(=O)c1cccnc1,0.663,0.353,0.51,0.423,0.53,0.72,0.476,1
Pentylcyclohexane,CCCCCC1CCCCC1,0.157,0.303,0.653,0.488,0.331,0.573,0.85,1
Epoxyaurapten,CC(=CCOc1ccc2ccc(=O)oc2c1)CCC1OC1(C)C,0.61,0.548,0.603,0.511,0.517,0.388,0.5,1
Epoxybergamottin,CC(=CCOc1c2ccoc2cc2oc(=O)ccc12)CCC1OC1(C)C,0.637,0.607,0.647,0.69,0.85,0.31,0.742,1
Hexyl nicotinate,CCCCCCOC(=O)c1cccnc1,0.673,0.343,0.497,0.467,0.564,0.742,0.422,1
Indan,c1ccc2c(c1)CCC2,0.183,0.253,0.612,0.728,0.428,0.453,1.0,1
Amiloxate,COc1ccc(/C=C/C(=O)OCCC(C)C)cc1,0.303,0.357,0.383,0.387,0.393,0.592,0.438,1
Methyl 2-ethylheptanoate,CCCCCC(CC)C(=O)OC,0.25,0.273,0.393,0.297,0.326,0.397,0.45,1
Methyl 2-ethylhexadecanoate,CCCCCCCCCCCCCCC(CC)C(=O)OC,0.25,0.317,0.413,0.287,0.339,0.41,0.475,1
Methyl 3-hydroxydecanoate,CCCCCCCC(O)CC(=O)OC,0.24,0.393,0.387,0.234,0.401,0.39,0.429,1
Methyl 3-hydroxyhexadecanoate,CCCCCCCCCCCCCC(O)CC(=O)OC,0.24,0.393,0.387,0.234,0.401,0.39,0.429,1
Methyl 3-hydroxytetradecanoate,CCCCCCCCCCCC(O)CC(=O)OC,0.24,0.393,0.387,0.234,0.401,0.39,0.429,1
"1,2-Epoxydecane",CCCCCCCCC1CO1,0.37,0.2,0.643,0.364,0.292,0.582,0.484,1
1-Methoxy-4-methylbenzene,COc1ccc(C)cc1,0.557,0.337,0.75,0.393,0.374,0.44,0.417,1
"1,2-Epoxyheptane",CCCCCC1CO1,0.357,0.183,0.64,0.359,0.277,0.54,0.452,1
Phenyl acetate,CC(=O)Oc1ccccc1,0.563,0.259,0.207,0.223,0.223,0.503,0.486,1
"Phthalic acid, 2-cyclohexylethyl butyl ester",CCCCOC(=O)c1ccccc1C(=O)OCCC1CCCCC1,0.363,0.507,0.537,0.593,0.488,0.607,0.41,1
Dehydroepiandrosterone,C[C@]12CC[C@H](O)CC1=CC[C@@H]1[C@@H]2CC[C@]2(C)C(=O)CC[C@@H]12,0.263,0.392,0.64,0.249,0.421,0.48,0.483,1
"Stigmastan-3,5-diene",CCC(CCC(C)C1CCC2C3CC=C4C=CCCC4(C)C3CCC12C)C(C)C,0.369,0.535,0.532,0.34,0.302,0.583,0.651,1
"2H-Pyran-2-one, tetrahydro-6-tridecyl-",CCCCCCCCCCCCCC1CCCC(=O)O1,0.05,0.3,0.397,0.273,0.402,0.648,0.806,1
"3,3',5-Trihydroxy-7-methoxyflavone",COc1cc(O)c2c(=O)c(O)c(-c3cccc(O)c3)oc2c1,0.933,0.632,0.7,0.443,0.49,0.28,0.6,1
"4',7-Dihydroxy-3'-methylflavone",Cc1cc(-c2cc(=O)c3ccc(O)cc3o2)ccc1O,0.833,0.554,0.577,0.423,0.51,0.327,0.634,1
"5,3'-Dihydroxy-6,7,4'-trimethoxyflavanone",COc1ccc(C2CC(=O)c3c(cc(OC)c(OC)c3O)O2)cc1O,0.292,0.411,0.337,0.228,0.55,0.55,0.527,1
"5,3'-Dihydroxy-7,8,4'-trimethoxyflavanone",COc1ccc(C2CC(=O)c3c(O)cc(OC)c(OC)c3O2)cc1O,0.247,0.415,0.36,0.247,0.437,0.583,0.491,1
Hexahydrocurcumin,COc1cc(CCC(=O)CC(O)CCc2ccc(O)c(OC)c2)ccc1O,0.097,0.38,0.4,0.193,0.301,0.64,0.491,1
4-Methoxydiphenyl,COc1ccc(-c2ccccc2)cc1,0.593,0.42,0.652,0.513,0.451,0.427,0.48,1
Methyl eicosenoate,CCCCCCCCCCCCCCCCC/C=C/C(=O)OC,0.453,0.302,0.373,0.232,0.356,0.503,0.404,1
Cnidicin,CC(C)=CCOc1c2ccoc2c(OCC=C(C)C)c2oc(=O)ccc12,0.817,0.8,0.777,0.743,0.77,0.113,0.46,1
3-Furaldehyde,O=Cc1ccoc1,0.543,0.357,0.513,0.33,0.318,0.49,0.406,1
"3,5-Dimethoxyphenol",COc1cc(O)cc(OC)c1,0.537,0.293,0.593,0.337,0.287,0.107,0.519,1
5-Hexyl-4-methyldihydrofuran-2(3H)-one,CCCCCCC1OC(=O)CC1C,0.207,0.25,0.393,0.202,0.308,0.598,0.5,1
N-Acetyltyramine,CC(=O)NCCc1ccc(O)cc1,0.29,0.387,0.277,0.45,0.587,0.367,0.452,1
2-Ethylnaphthalene,CCc1ccc2ccccc2c1,0.12,0.392,0.641,0.8,0.531,0.417,0.444,1
6-Methylindole,Cc1ccc2cc[nH]c2c1,0.517,0.384,0.637,0.612,0.567,0.51,0.478,1
3-Phenylpyridine,c1ccc(-c2cccnc2)cc1,0.773,0.223,0.197,0.233,0.249,0.57,0.833,1
(2Z)-2-Tetradecenoic acid methyl ester,CCCCCCCCCCC/C=C/C(=O)OC,0.453,0.302,0.373,0.232,0.356,0.503,0.404,1
3-Vinylpyridine,C=Cc1cccnc1,0.84,0.225,0.384,0.353,0.284,0.45,0.458,1
Ethylcyclopentane,CCC1CCCC1,0.323,0.297,0.702,0.514,0.364,0.46,0.476,1
Propylcyclohexane,CCCC1CCCCC1,0.26,0.273,0.67,0.494,0.358,0.48,0.7,1
Butylcyclohexane,CCCCC1CCCCC1,0.14,0.293,0.677,0.49,0.311,0.497,1.0,1
"(e)-4-(3,4-Dimethoxyphenyl)but-3-en-1-yl acetate",COc1ccc(/C=C/CCOC(C)=O)cc1OC,0.393,0.397,0.357,0.37,0.448,0.783,0.458,1
"1,4,6-Trimethylnaphthalene",Cc1ccc2c(C)ccc(C)c2c1,0.563,0.327,0.687,0.424,0.402,0.482,0.429,1
2-Cyclohexyloctane,CCCCCCC(C)C1CCCCC1,0.267,0.213,0.462,0.411,0.355,0.597,0.4,1
Desoxymethyltestosterone,C[C@]12CC=CC[C@@H]1CC[C@@H]1[C@@H]2CC[C@@]2(C)[C@H]1CC[C@]2(C)O,0.323,0.504,0.641,0.503,0.453,0.593,0.481,1
Methyl 5-phenylvalerate,COC(=O)CCCCc1ccccc1,0.333,0.367,0.303,0.323,0.44,0.62,0.465,1
"1,7-Dicyclohexyl-4-(3-cyclohexylpropyl)heptane",C1CCC(CCCC(CCCC2CCCCC2)CCCC2CCCCC2)CC1,0.243,0.32,0.643,0.52,0.398,0.543,0.542,1
"Cyclohexane, (1-octylnonyl)-",CCCCCCCCC(CCCCCCCC)C1CCCCC1,0.273,0.243,0.448,0.466,0.389,0.563,0.414,1
Benzyl propionate,CCC(=O)OCc1ccccc1,0.417,0.287,0.34,0.317,0.51,0.533,0.413,1
7-Prenyloxycoumarin,CC(C)=CCOc1ccc2ccc(=O)oc2c1,0.72,0.555,0.573,0.454,0.337,0.302,0.641,1
"1,4-Dichlorobenzene",Clc1ccc(Cl)cc1,0.567,0.353,0.719,0.593,0.332,0.233,0.533,1
2-Undecenoic acid,CCCCCCCC/C=C/C(=O)O,0.417,0.233,0.289,0.193,0.353,0.467,0.4,1
"3-Cyclopentylpropionic acid, hexyl ester",CCCCCCOC(=O)CCC1CCCC1,0.313,0.367,0.477,0.393,0.534,0.618,0.441,1
2-Methyl-3-phenyl-2-propenal,CC(C=O)=Cc1ccccc1,0.617,0.21,0.283,0.307,0.303,0.52,0.429,1
N-trans-Cinnamoylimidazole,O=C(/C=C/c1ccccc1)n1ccnc1,0.7,0.5,0.457,0.53,0.807,0.683,0.471,1
"2-Hexadecenoic acid, methyl ester, (E)-",CCCCCCCCCCCCC/C=C/C(=O)OC,0.453,0.302,0.373,0.232,0.356,0.503,0.404,1
"1,6-Diphenyl-1,5-hexadiene",C(=C\c1ccccc1)/CC/C=C/c1ccccc1,0.637,0.377,0.629,0.62,0.41,0.463,0.44,1
"Methoxyacetic acid, 2-tridecyl ester",CCCCCCCCCCCC(C)OC(=O)COC,0.26,0.293,0.37,0.243,0.304,0.403,0.409,1
Methyl 3-hydroxy-2-methylpentanoate,CCC(O)C(C)C(=O)OC,0.22,0.253,0.307,0.217,0.392,0.327,0.447,1
Methyl 2-methylhexacosanoate,CCCCCCCCCCCCCCCCCCCCCCCCC(C)C(=O)OC,0.26,0.343,0.34,0.233,0.304,0.35,0.526,1
"Methyl 2,8-dimethylundecanoate",CCCC(C)CCCCCC(C)C(=O)OC,0.26,0.34,0.317,0.28,0.465,0.393,0.419,1
2-Benzylidenemalonaldehyde,O=CC(C=O)=Cc1ccccc1,0.557,0.293,0.413,0.42,0.32,0.363,0.407,1
3-Methoxybenzyl acetate,COc1cccc(COC(C)=O)c1,0.56,0.52,0.383,0.388,0.545,0.563,0.429,1
4-Methoxy-3-[(quinolin-8-yloxy)methyl]benzaldehyde,COc1ccc(C=O)cc1COc1cccc2cccnc12,0.613,0.543,0.475,0.347,0.516,0.692,0.519,1
Piperonylidene acetone,CC(=O)/C=C/c1ccc2c(c1)OCO2,0.577,0.439,0.337,0.397,0.563,0.373,0.61,1
6-Hexyltetrahydro-2H-pyran-2-one,CCCCCCC1CCCC(=O)O1,0.05,0.3,0.397,0.273,0.402,0.648,0.806,1
2-Methoxycinnamaldehyde,COc1ccccc1/C=C/C=O,0.712,0.492,0.512,0.34,0.453,0.607,0.5,1
Eugenyl hexanoate,C=CCc1ccc(OC(=O)CCCCC)c(OC)c1,0.38,0.39,0.446,0.27,0.507,0.694,0.421,1
"9-Hydroxy-4-(3,7-dimethyl-2,6-octadienyloxy)-psoralen",COc1c2occc2c(OC/C=C(\C)CCC=C(C)C)c2ccc(=O)oc12,0.813,0.85,0.81,0.783,0.83,0.157,0.478,1
(8)-Shogaol,CCCCCCC/C=C/C(=O)CCc1ccc(O)c(OC)c1,0.707,0.736,0.28,0.078,0.691,0.677,0.976,1
[10]-Shogaol,CCCCCCCCC/C=C/C(=O)CCc1ccc(O)c(OC)c1,0.707,0.736,0.28,0.078,0.691,0.677,0.976,1
2-Isopropylpyridine,CC(C)c1ccccn1,0.493,0.383,0.497,0.501,0.347,0.51,0.484,1
4-Methoxyphenethyl alcohol,COc1ccc(CCO)cc1,0.547,0.327,0.557,0.367,0.462,0.483,0.417,1
2'-Hydroxy-5'-methoxyacetophenone,COc1ccc(O)c(C(C)=O)c1,0.557,0.32,0.267,0.27,0.285,0.39,0.41,1
4-Hydroxy-2-methylacetophenone,CC(=O)c1ccc(O)cc1C,0.343,0.242,0.247,0.243,0.56,0.243,0.4,1
2-Heptylpyridine,CCCCCCCc1ccccn1,0.697,0.44,0.752,0.75,0.474,0.587,0.409,1
2-Methoxycinnamic acid,COc1ccccc1/C=C/C(=O)O,0.74,0.497,0.493,0.304,0.467,0.6,0.561,1
p-Methoxybenzylideneacetone,COc1ccc(/C=C/C(C)=O)cc1,0.28,0.347,0.33,0.397,0.392,0.6,0.553,1
Gamma-undecalactone,CCCCCCCC1CCC(=O)O1,0.003,0.31,0.41,0.246,0.292,0.663,1.0,1
4-Isopropylanisole,COc1ccc(C(C)C)cc1,0.45,0.33,0.555,0.593,0.296,0.383,0.423,1
2-(3-Methoxyphenyl)ethanol,COc1cccc(CCO)c1,0.563,0.593,0.563,0.572,0.526,0.653,0.455,1
2-Butylpyridine,CCCCc1ccccn1,0.623,0.427,0.803,0.745,0.491,0.553,0.429,1
gamma-Valerolactone,CC1CCC(=O)O1,0.047,0.227,0.293,0.282,0.203,0.463,0.5,1
"2,6-Dimethylpyridine",Cc1cccc(C)n1,0.79,0.453,0.708,0.447,0.291,0.453,0.455,1
Chlorobenzene,Clc1ccccc1,0.533,0.41,0.674,0.717,0.302,0.343,0.625,1
Pentylpyrazine,CCCCCc1cnccn1,0.753,0.3,0.709,0.603,0.507,0.557,0.421,1
11-Phenoxyundecanoic acid,O=C(O)CCCCCCCCCCOc1ccccc1,0.46,0.23,0.35,0.27,0.365,0.7,0.404,1
"2-Undecanol, acetate",CCCCCCCCCC(C)OC(C)=O,0.2,0.237,0.333,0.193,0.304,0.347,0.415,1
"2-tert-Butyl-1,4-dimethoxybenzene",COc1ccc(OC)c(C(C)(C)C)c1,0.617,0.409,0.531,0.435,0.434,0.68,0.4,1
5-Ethyl-2-furaldehyde,CCc1ccc(C=O)o1,0.663,0.34,0.57,0.36,0.43,0.437,0.439,1
Perylene,c1cc2cccc3c4cccc5cccc(c(c1)c23)c54,0.787,0.473,0.703,0.507,0.39,0.387,0.6,1
Methyl 2-methylhexadecanoate,CCCCCCCCCCCCCCC(C)C(=O)OC,0.26,0.343,0.34,0.233,0.304,0.35,0.526,1
Phenyramidol hydrochloride,Cl.OC(CNc1ccccn1)c1ccccc1,0.523,0.43,0.537,0.647,0.295,0.65,0.417,1
Dimethylquinoline,Cc1cc2ccccc2nc1C,0.657,0.293,0.62,0.66,0.527,0.435,0.483,1
"5, 7-Dimethoxy-1-naphthol",COc1cc(OC)c2cccc(O)c2c1,0.633,0.597,0.627,0.507,0.5,0.443,0.4,1
